x,y,z,ux,uy,uz,usum
     -4.205906,   -1.839370,    3.264356,  -0.000003763,   0.019369003,   0.010951601,   0.022250750
     -0.198621,    1.252338,   -2.222542,  -0.000000742,   0.002061957,   0.001158906,   0.002365318
      0.002047,   -0.095748,    0.169925,   0.000000000,   0.000000000,   0.000000000,   0.000000000
      3.005812,   -0.769289,    1.365267,   0.000009148,   0.005515355,   0.003132607,   0.006342906
     -1.605526,   -1.543664,    2.739563,  -0.000005811,   0.007887753,   0.004472792,   0.009067665
      0.402565,    2.126659,   -3.774212,   0.000002513,   0.009425643,   0.005339368,   0.010832894
     -6.420000,   -2.319520,    4.116485,   0.000109101,   0.017409220,   0.009878980,   0.020017170
     -6.219375,   -2.319520,    4.116485,   0.000079567,   0.020391886,   0.011560420,   0.023440961
     -4.406515,   -1.838660,    3.263097,  -0.000002206,   0.020926965,   0.011829565,   0.024039062
      0.001706,    1.252986,   -2.223692,   0.000000040,   0.002144301,   0.001205916,   0.002460134
     -0.199787,   -0.095942,    0.170270,   0.000000000,   0.000000000,   0.000000000,   0.000000000
      2.805738,   -0.768300,    1.363512,   0.000012092,   0.004263913,   0.002429443,   0.004907473
     -1.805866,   -1.544148,    2.740421,  -0.000005458,   0.008230137,   0.004666839,   0.009461214
      0.602111,    2.125712,   -3.772530,   0.000003116,   0.008956707,   0.005078403,   0.010296251
     -6.218877,   -2.223187,    3.945521,   0.000070551,   0.020925007,   0.011861953,   0.024053416
     -6.420000,   -2.222874,    3.944965,   0.000100541,   0.017906339,   0.010160402,   0.020588367
     -4.606731,   -1.838663,    3.263101,   0.000001806,   0.022844654,   0.012911340,   0.026240826
      0.202333,    1.251812,   -2.221609,   0.000000826,   0.002063636,   0.001159818,   0.002367229
     -0.399728,   -0.095342,    0.169204,  -0.000001720,  -0.000390217,  -0.000215397,   0.000445722
      2.605224,   -0.767556,    1.362193,   0.000012292,   0.003443722,   0.001966810,   0.003965818
     -2.005610,   -1.543498,    2.739268,  -0.000005667,   0.008417814,   0.004773957,   0.009677308
      0.801925,    2.125585,   -3.772306,   0.000004331,   0.008862011,   0.005026841,   0.010188444
     -6.218179,   -2.126857,    3.774563,   0.000063479,   0.021391253,   0.012126094,   0.024589263
     -4.806650,   -1.839258,    3.264157,   0.000006463,   0.024967255,   0.014110551,   0.028678764
      0.401653,    1.250201,   -2.218749,   0.000001903,   0.001926344,   0.001081089,   0.002208972
     -0.600949,   -0.095100,    0.168775,  -0.000002308,  -0.000995764,  -0.000555645,   0.001140304
      2.404895,   -0.767864,    1.362739,   0.000010528,   0.003117959,   0.001780254,   0.003590415
     -2.206821,   -1.542506,    2.737507,  -0.000006816,   0.008540500,   0.004844888,   0.009819018
      1.002834,    2.125535,   -3.772217,   0.000005175,   0.009219228,   0.005228802,   0.010598800
     -6.420000,   -2.126227,    3.773445,   0.000094349,   0.018299352,   0.010384333,   0.021040665
     -5.006132,   -1.840774,    3.266847,   0.000011892,   0.027315989,   0.015437603,   0.031376472
      0.602264,    1.248865,   -2.216379,   0.000003350,   0.001815370,   0.001017133,   0.002080899
     -0.800638,   -0.095382,    0.169276,  -0.000003668,  -0.001212514,  -0.000676775,   0.001388607
      2.204897,   -0.767675,    1.362403,   0.000008118,   0.003199545,   0.001820888,   0.003681411
     -2.406975,   -1.541558,    2.735824,  -0.000008811,   0.008782503,   0.004982894,   0.010097607
      1.203030,    2.126014,   -3.773067,   0.000004493,   0.009991547,   0.005663318,   0.011484955
     -6.217314,   -2.030444,    3.603457,   0.000059744,   0.021613362,   0.012252571,   0.024844848
     -6.420000,   -2.029580,    3.601925,   0.000091379,   0.018450485,   0.010473955,   0.021216326
     -5.205310,   -1.843102,    3.270979,   0.000000000,   0.028607982,   0.016185618,   0.032869300
      0.803200,    1.248752,   -2.216177,   0.000005126,   0.001871112,   0.001047948,   0.002144593
     -1.000822,   -0.095277,    0.169090,  -0.000004678,  -0.000874679,  -0.000485821,   0.001000553
      1.403025,    2.126941,   -3.774712,   0.000002257,   0.011045868,   0.006254787,   0.012693840
     -2.606259,   -1.540619,    2.734159,  -0.000010886,   0.009263986,   0.005255437,   0.010650877
      2.003439,   -0.768681,    1.364190,   0.000005825,   0.003362964,   0.001907120,   0.003866092
     -6.217100,   -1.933916,    3.432147,   0.000060547,   0.021415478,   0.012143086,   0.024618710
      1.603204,    2.128662,   -3.777766,   0.000001550,   0.011824788,   0.006691489,   0.013586819
     -2.808031,   -1.541874,    2.736385,  -0.000012118,   0.010046396,   0.005697139,   0.011549355
      1.002606,    1.248814,   -2.216288,   0.000006532,   0.002197824,   0.001232934,   0.002520040
      1.801634,   -0.769291,    1.365271,   0.000002605,   0.003414261,   0.001932450,   0.003923206
     -1.200653,   -0.095340,    0.169201,  -0.000003555,  -0.000004679,   0.000004729,   0.000007543
     -6.420000,   -1.932934,    3.430404,   0.000091969,   0.018240237,   0.010362153,   0.020978296
      5.414431,    0.394291,   -0.699753,  -0.000014705,   0.015949612,   0.009025474,   0.018326197
      5.413066,    0.296853,   -0.526830,  -0.000011962,   0.016535684,   0.009355818,   0.018998956
      1.803633,    2.130222,   -3.780535,   0.000003322,   0.012040737,   0.006813638,   0.013834920
     -3.008845,   -1.543641,    2.739521,  -0.000012006,   0.011012955,   0.006242445,   0.012659125
      1.202194,    1.249672,   -2.217811,   0.000007025,   0.002775318,   0.001560523,   0.003183971
      1.603690,   -0.767389,    1.361896,   0.000000808,   0.003166485,   0.001792616,   0.003638695
     -1.400551,   -0.095611,    0.169682,  -0.000000421,   0.001177062,   0.000671289,   0.001355029
     -6.217150,   -1.837294,    3.260671,   0.000064229,   0.020798525,   0.011798886,   0.023912266
     -6.420000,   -1.836287,    3.258884,   0.000096010,   0.017594091,   0.010007285,   0.020241221
      2.004384,    2.128471,   -3.777428,   0.000005760,   0.012023862,   0.006806355,   0.013816648
      5.408966,    0.199047,   -0.353252,  -0.000006886,   0.017214927,   0.009738183,   0.019778422
     -3.208451,   -1.545169,    2.742233,  -0.000011109,   0.011985309,   0.006791309,   0.013775690
      1.402354,    1.251184,   -2.220494,   0.000006931,   0.003418992,   0.001925848,   0.003924086
      1.405610,   -0.765638,    1.358788,   0.000001771,   0.002321911,   0.001320066,   0.002670926
     -1.600206,   -0.095600,    0.169662,   0.000000000,   0.001910013,   0.001080633,   0.002194520
     -6.217847,   -1.740605,    3.089076,   0.000070046,   0.019755402,   0.011216828,   0.022717791
      2.206015,    2.126681,   -3.774250,   0.000007657,   0.011901397,   0.006740823,   0.013677793
      5.404399,    0.100407,   -0.178194,   0.000000000,   0.017433399,   0.009863342,   0.020030200
     -3.408025,   -1.547266,    2.745954,  -0.000010089,   0.012865778,   0.007288761,   0.014786966
      1.603887,    1.252306,   -2.222485,   0.000006998,   0.003933380,   0.002217913,   0.004515603
      1.206052,   -0.764340,    1.356485,   0.000004365,   0.001156436,   0.000667825,   0.001335423
     -6.420000,   -1.739640,    3.087364,   0.000101070,   0.016602596,   0.009459335,   0.019108517
      1.799792,    0.097305,   -0.172688,   0.000000000,   0.001907959,   0.001079471,   0.002192160
      2.405752,    2.125722,   -3.772549,   0.000009925,   0.011862929,   0.006722299,   0.013635193
      5.392800,    0.000000,    0.000000,   0.000000000,   0.017433399,   0.009863342,   0.020030200
     -3.607547,   -1.548147,    2.747519,  -0.000009799,   0.013573249,   0.007689455,   0.015600029
      1.804160,    1.252917,   -2.223569,   0.000007559,   0.004268255,   0.002408014,   0.004900672
      1.006585,   -0.763989,    1.355862,   0.000005507,   0.000285457,   0.000179648,   0.000337326
     -6.218412,   -1.643875,    2.917408,   0.000074724,   0.018487803,   0.010509028,   0.021266032
      1.797600,    0.000000,    0.000000,   0.000000000,   0.001907959,   0.001079471,   0.002192160
     -6.420000,   -1.642993,    2.915844,   0.000104991,   0.015406094,   0.008795201,   0.017740190
      2.605490,    2.125591,   -3.772317,   0.000011834,   0.012208621,   0.006919121,   0.014032990
      5.407373,   -0.093583,    0.166083,   0.000000000,   0.017433399,   0.009863342,   0.020030200
     -3.807849,   -1.549144,    2.749288,  -0.000010011,   0.014295379,   0.008098200,   0.016429815
      2.004792,    1.251808,   -2.221601,   0.000008560,   0.004411186,   0.002488696,   0.005064805
      0.807387,   -0.764262,    1.356347,   0.000004848,  -0.000088601,  -0.000031203,   0.000094060
     -6.218860,   -1.547124,    2.745702,   0.000076621,   0.017186601,   0.009780999,   0.019775061
      2.806378,    2.125537,   -3.772221,   0.000012278,   0.012973492,   0.007351350,   0.014911539
      5.412571,   -0.189430,    0.336185,  -0.000006533,   0.017230193,   0.009751007,   0.019798023
     -4.008278,   -1.548615,    2.748348,  -0.000010293,   0.015156522,   0.008585133,   0.017419092
      2.204802,    1.251581,   -2.221199,   0.000010249,   0.004561025,   0.002572527,   0.005236502
      0.607353,   -0.765125,    1.357878,   0.000003680,   0.000068671,   0.000054617,   0.000087820
     -1.601825,    0.096809,   -0.171808,   0.000000000,   0.001910013,   0.001080633,   0.002194520
     -6.420000,   -1.546347,    2.744324,   0.000106386,   0.014170416,   0.008105773,   0.016325305
      3.006527,    2.126012,   -3.773064,   0.000010467,   0.014097298,   0.007984654,   0.016201501
      5.414953,   -0.285643,    0.506935,  -0.000011835,   0.016612897,   0.009403222,   0.019089502
     -4.208439,   -1.549066,    2.749148,  -0.000009385,   0.016313316,   0.009238449,   0.018747621
      2.405116,    1.251798,   -2.221583,   0.000012229,   0.004833058,   0.002725293,   0.005548498
      0.407597,   -0.765931,    1.359308,   0.000003071,   0.000628343,   0.000364862,   0.000726601
     -1.403837,    0.096569,   -0.171382,  -0.000000023,   0.001164452,   0.000658856,   0.001337924
     -6.218793,   -1.450700,    2.574577,   0.000076093,   0.015978109,   0.009102680,   0.018389251
     -6.420000,   -1.449700,    2.572803,   0.000105197,   0.013024895,   0.007462551,   0.015011617
      3.206428,    2.126929,   -3.774691,   0.000006679,   0.015462479,   0.008752120,   0.017767608
      5.415390,   -0.383525,    0.680647,  -0.000014745,   0.016082745,   0.009105260,   0.018481360
     -4.408598,   -1.548648,    2.748407,  -0.000006209,   0.017761853,   0.010055926,   0.020410906
      2.605749,    1.252091,   -2.222104,   0.000014187,   0.005298773,   0.002987981,   0.006083192
      0.206083,   -0.767492,    1.362079,   0.000002248,   0.001121300,   0.000637706,   0.001289956
     -1.203151,    0.096567,   -0.171378,  -0.000003395,  -0.000059104,  -0.000029197,   0.000066010
     -6.218142,   -1.354040,    2.403033,   0.000073026,   0.014980438,   0.008539979,   0.017243843
      3.406521,    2.128648,   -3.777742,   0.000005085,   0.016502339,   0.009336682,   0.018960508
      5.414904,   -0.480182,    0.852186,  -0.000015837,   0.016092618,   0.009112454,   0.018493496
     -4.608963,   -1.548772,    2.748628,  -0.000000487,   0.019446614,   0.011006194,   0.022345181
      2.805496,    1.253505,   -2.224612,   0.000015172,   0.006018861,   0.003395318,   0.006910506
      0.005533,   -0.768707,    1.364235,   0.000000021,   0.001271781,   0.000720625,   0.001461755
     -1.004224,    0.096685,   -0.171589,  -0.000004752,  -0.000949390,  -0.000530606,   0.001087615
     -6.420000,   -1.353053,    2.401283,   0.000102917,   0.012004975,   0.006885912,   0.013840007
      3.606956,    2.130214,   -3.780521,   0.000007512,   0.016845341,   0.009531951,   0.019355198
      5.415039,   -0.577475,    1.024854,  -0.000015074,   0.016562499,   0.009378209,   0.019033324
      3.005297,    1.254804,   -2.226918,   0.000014795,   0.006953011,   0.003924352,   0.007984054
     -0.193816,   -0.766961,    1.361137,  -0.000002181,   0.001127390,   0.000641008,   0.001296883
     -0.804342,    0.096481,   -0.171226,  -0.000003900,  -0.001299682,  -0.000728434,   0.001489901
     -6.218364,   -1.257288,    2.231326,   0.000069271,   0.014159250,   0.008074439,   0.016299868
      4.811730,    0.392371,   -0.696346,   0.000000038,   0.013017470,   0.007369488,   0.014958739
     -6.420000,   -1.256407,    2.229763,   0.000100628,   0.011126644,   0.006385970,   0.012829378
      4.811656,    0.295544,   -0.524507,  -0.000001242,   0.013390033,   0.007581425,   0.015387365
      3.807885,    2.128482,   -3.777447,   0.000012010,   0.017082749,   0.009670537,   0.019630072
      5.413422,   -0.675424,    1.198685,  -0.000012346,   0.017582929,   0.009951625,   0.020203821
      3.205758,    1.256695,   -2.230275,   0.000013901,   0.007932007,   0.004479032,   0.009109262
     -0.392090,   -0.765629,    1.358772,  -0.000003029,   0.000651262,   0.000377465,   0.000752749
     -0.603849,    0.096556,   -0.171360,  -0.000002683,  -0.001076213,  -0.000603604,   0.001233928
     -6.217677,   -1.160575,    2.059688,   0.000065580,   0.013517286,   0.007708202,   0.015560775
      4.008428,    2.127959,   -3.776519,   0.000014383,   0.017809008,   0.010086411,   0.020466965
      5.411429,   -0.773931,    1.373507,  -0.000007277,   0.018695229,   0.010576083,   0.021479412
      4.810504,    0.198084,   -0.351543,  -0.000002094,   0.013874906,   0.007855063,   0.015944123
      3.406015,    1.258193,   -2.232933,   0.000013827,   0.008731522,   0.004932154,   0.010028250
     -0.590955,   -0.764676,    1.357081,  -0.000003632,   0.000078315,   0.000059769,   0.000098584
     -0.402809,    0.096418,   -0.171114,  -0.000002263,  -0.000426702,  -0.000239693,   0.000489421
     -6.420000,   -1.159760,    2.058243,   0.000099758,   0.010344269,   0.005938689,   0.011928197
      4.209186,    2.128258,   -3.777050,   0.000014788,   0.019045013,   0.010789205,   0.021888803
      5.406174,   -0.872864,    1.549085,   0.000000000,   0.019230074,   0.010879852,   0.022094500
      4.808675,    0.100645,   -0.178616,  -0.000002357,   0.014258632,   0.008070553,   0.016384212
      3.606069,    1.259520,   -2.235289,   0.000014915,   0.009379041,   0.005299350,   0.010772639
     -0.790172,   -0.764248,    1.356322,  -0.000004799,  -0.000104885,  -0.000040503,   0.000112536
     -0.201833,    0.096071,   -0.170499,   0.000000000,   0.000000000,   0.000000000,   0.000000000
     -6.217120,   -1.063902,    1.888122,   0.000063749,   0.012937191,   0.007376405,   0.014892492
     -6.420000,   -1.063113,    1.886722,   0.000100745,   0.009616854,   0.005522507,   0.011090181
      4.409103,    2.127895,   -3.776405,   0.000011827,   0.020664277,   0.011707585,   0.023750369
      5.392800,   -0.974198,    1.728924,   0.000000000,   0.019230074,   0.010879852,   0.022094500
      4.807517,    0.003352,   -0.005949,  -0.000002871,   0.014429055,   0.008165112,   0.016579104
      3.806087,    1.260124,   -2.236360,   0.000016200,   0.009999849,   0.005650929,   0.011486089
     -0.991180,   -0.764310,    1.356431,  -0.000005551,   0.000245628,   0.000157281,   0.000291721
     -0.001646,    0.096407,   -0.171095,   0.000000000,   0.000000000,   0.000000000,   0.000000000
     -6.216965,   -0.967242,    1.716578,   0.000064607,   0.012317483,   0.007022848,   0.014179032
      4.609378,    2.127636,   -3.775946,   0.000006026,   0.022543217,   0.012771572,   0.025909645
      5.404075,   -1.066352,    1.892469,   0.000000000,   0.019230074,   0.010879852,   0.022094500
      4.809071,   -0.092886,    0.164845,  -0.000002364,   0.014246321,   0.008060787,   0.016368688
      4.006424,    1.260360,   -2.236779,   0.000017245,   0.010834528,   0.006123100,   0.012445065
     -1.196195,   -0.764742,    1.357199,  -0.000004473,   0.001124805,   0.000650175,   0.001299205
      0.200091,    0.096750,   -0.171703,   0.000000000,   0.000000000,   0.000000000,   0.000000000
     -6.420000,   -0.966467,    1.715202,   0.000103007,   0.008914816,   0.005121705,   0.010281849
      4.809597,    2.128158,   -3.776873,  -0.000001782,   0.024573574,   0.013918749,   0.028241673
      5.408579,   -1.161527,    2.061378,  -0.000008659,   0.019716593,   0.011156521,   0.022654185
      4.811432,   -0.190357,    0.337830,  -0.000002124,   0.013873329,   0.007850046,   0.015940279
     -1.397936,   -0.767275,    1.361694,  -0.000001781,   0.002321740,   0.001320123,   0.002670806
      0.399657,    0.096663,   -0.171548,   0.000002245,  -0.000419760,  -0.000235816,   0.000481469
     -6.217381,   -0.870569,    1.545012,   0.000066908,   0.011642929,   0.006639221,   0.013403042
     -4.005288,   -1.162286,    2.062726,  -0.000011022,   0.010632347,   0.006029625,   0.012223064
     -6.420000,   -0.869820,    1.543682,   0.000105607,   0.008218863,   0.004725387,   0.009481041
      5.009708,    2.129188,   -3.778700,  -0.000009424,   0.026567780,   0.015041651,   0.030530285
      5.409593,   -1.256939,    2.230707,  -0.000015451,   0.020445320,   0.011569405,   0.023491754
      4.813010,   -0.286922,    0.509204,  -0.000001539,   0.013446698,   0.007610552,   0.015451026
     -1.599163,   -0.769755,    1.366094,  -0.000000701,   0.003207141,   0.001815561,   0.003685379
      0.600216,    0.096752,   -0.171708,   0.000002657,  -0.001069234,  -0.000599701,   0.001225932
     -4.003972,   -1.065669,    1.891257,  -0.000008436,   0.010012918,   0.005678602,   0.011511087
     -6.218036,   -0.773872,    1.373401,   0.000070179,   0.010898851,   0.006217036,   0.012547566
      5.210166,    2.130328,   -3.780723,  -0.000011393,   0.027843155,   0.015756588,   0.031992366
      5.410447,   -1.353847,    2.402692,  -0.000019143,   0.021336451,   0.012073780,   0.024515723
      4.813484,   -0.384874,    0.683042,  -0.000000645,   0.013161463,   0.007452494,   0.015124939
     -1.800217,   -0.770695,    1.367763,  -0.000002553,   0.003454761,   0.001955296,   0.003969706
      0.801074,    0.097113,   -0.172348,   0.000003860,  -0.001302351,  -0.000729955,   0.001492973
     -6.420000,   -0.773173,    1.372162,   0.000107070,   0.007567454,   0.004354122,   0.008731334
     -4.002953,   -0.969184,    1.720025,  -0.000006654,   0.009816888,   0.005565406,   0.011284727
      5.411113,    2.131613,   -3.783004,  -0.000007673,   0.028232819,   0.015973293,   0.032438222
      5.410924,   -1.450585,    2.574374,  -0.000020824,   0.022577153,   0.012773692,   0.025940229
      4.813971,   -0.482122,    0.855629,  -0.000000738,   0.013271037,   0.007517733,   0.015252434
     -2.000335,   -0.769709,    1.366013,  -0.000005765,   0.003403863,   0.001930125,   0.003913016
      1.001058,    0.097104,   -0.172331,   0.000004726,  -0.000959454,  -0.000536281,   0.001099169
     -6.218638,   -0.677149,    1.201745,   0.000072671,   0.010196223,   0.005817861,   0.011739495
     -4.004631,   -0.871172,    1.546081,  -0.000008016,   0.009683921,   0.005490456,   0.011132093
     -6.420000,   -0.676527,    1.200642,   0.000107454,   0.006985639,   0.004020843,   0.008060886
      5.612036,    2.130762,   -3.781493,  -0.000006979,   0.028046036,   0.015864902,   0.032222279
      5.410105,   -1.548139,    2.747504,  -0.000020172,   0.024065013,   0.013612493,   0.027648240
      4.813245,   -0.578290,    1.026300,  -0.000001320,   0.013721761,   0.007774624,   0.015771224
     -2.201672,   -0.767997,    1.362975,  -0.000008093,   0.003232976,   0.001839656,   0.003719750
      1.201149,    0.097401,   -0.172859,   0.000003395,  -0.000070060,  -0.000035363,   0.000078552
     -4.005678,   -0.772981,    1.371821,  -0.000011940,   0.009233910,   0.005236613,   0.010615430
     -6.219077,   -0.580409,    1.030060,   0.000074085,   0.009630574,   0.005494878,   0.011088153
      5.814304,    2.129784,   -3.779757,  -0.000011771,   0.026863866,   0.015194066,   0.030863037
      5.409187,   -1.646067,    2.921298,  -0.000017029,   0.025906439,   0.014648984,   0.029761328
      4.810744,   -0.674508,    1.197059,  -0.000002466,   0.014477163,   0.008201534,   0.016638913
     -2.402111,   -0.767058,    1.361309,  -0.000010563,   0.003137380,   0.001791124,   0.003612671
      1.400924,    0.097547,   -0.173118,   0.000000022,   0.001150245,   0.000650871,   0.001321627
     -6.420000,   -0.579880,    1.029121,   0.000107362,   0.006514153,   0.003747971,   0.007516183
     -4.007944,   -0.675163,    1.198222,  -0.000015725,   0.008601737,   0.004880539,   0.009889883
      5.405923,   -1.744947,    3.096782,  -0.000010245,   0.027756648,   0.015693088,   0.031885806
      4.808324,   -0.771748,    1.369631,  -0.000002835,   0.015276700,   0.008651873,   0.017556551
     -2.602447,   -0.766743,    1.360750,  -0.000012382,   0.003459237,   0.001975486,   0.003983594
      1.599901,    0.097194,   -0.172492,   0.000000000,   0.001907959,   0.001079471,   0.002192160
     -6.218971,   -0.483724,    0.858472,   0.000074859,   0.009266134,   0.005284438,   0.010667339
     -5.811389,   -2.032890,    3.607799,   0.000005152,   0.027420585,   0.015518901,   0.031507536
     -4.008404,   -0.577373,    1.024673,  -0.000018167,   0.008000656,   0.004541154,   0.009199614
     -6.420000,   -0.483233,    0.857601,   0.000107507,   0.006187444,   0.003555353,   0.007136985
      4.804812,   -0.869041,    1.542299,  -0.000001993,   0.015875575,   0.008988725,   0.018243658
     -2.802777,   -0.767263,    1.361673,  -0.000012261,   0.004273692,   0.002434920,   0.004918682
     -5.808990,   -1.936872,    3.437394,   0.000001584,   0.027524540,   0.015571967,   0.031624144
      5.404924,    1.847700,   -3.279139,   0.000000000,   0.028244522,   0.015979982,   0.032451700
     -4.008491,   -0.480402,    0.852576,  -0.000019173,   0.007577274,   0.004300583,   0.008712662
     -6.218216,   -0.386919,    0.686671,   0.000074510,   0.009162009,   0.005220410,   0.010545172
      4.805496,   -0.965796,    1.714012,  -0.000001724,   0.016322586,   0.009239878,   0.018756390
     -3.002955,   -0.767879,    1.362766,  -0.000009387,   0.005522591,   0.003136695,   0.006351217
     -6.420000,   -0.386587,    0.686081,   0.000108813,   0.005991596,   0.003436428,   0.006907974
     -5.811157,   -1.840178,    3.265790,   0.000005237,   0.027056788,   0.015300851,   0.031083530
      5.409870,    1.748753,   -3.103537,  -0.000008348,   0.027312156,   0.015460253,   0.031384286
     -4.008509,   -0.382537,    0.678894,  -0.000018215,   0.007397119,   0.004196120,   0.008504417
      1.600902,    0.000905,   -0.001607,   0.000000000,   0.001907959,   0.001079471,   0.002192160
      4.803739,   -1.062796,    1.886159,  -0.000001252,   0.016550788,   0.009369112,   0.019018645
     -6.218478,   -0.290087,    0.514822,   0.000074392,   0.009208868,   0.005242012,   0.010596578
     -5.813475,   -1.743131,    3.093559,   0.000016843,   0.025680860,   0.014526893,   0.029504872
      5.412267,    1.651126,   -2.930276,  -0.000014221,   0.025302942,   0.014319726,   0.029073934
     -4.007970,   -0.285435,    0.506566,  -0.000015755,   0.007381131,   0.004183970,   0.008484512
      3.205218,    0.385296,   -0.683791,   0.000016875,   0.003864878,   0.002190523,   0.004442517
     -1.599908,    0.000397,   -0.000704,   0.000000000,   0.001910013,   0.001080633,   0.002194520
     -6.420000,   -0.289940,    0.514561,   0.000111009,   0.005913837,   0.003385360,   0.006815164
      3.206369,    0.288572,   -0.512133,   0.000012299,   0.004452337,   0.002522040,   0.005117044
      4.806929,   -1.159570,    2.057904,  -0.000001937,   0.016914940,   0.009576284,   0.019437603
     -5.815011,   -1.646633,    2.922303,   0.000027744,   0.023855853,   0.013503623,   0.027412594
      5.413002,    1.553111,   -2.756328,  -0.000017025,   0.023268259,   0.013163437,   0.026733654
     -4.006791,   -0.188303,    0.334184,  -0.000011506,   0.007422439,   0.004204206,   0.008530421
     -6.217868,   -0.193314,    0.343077,   0.000073988,   0.009364894,   0.005326046,   0.010773740
      4.806457,   -1.256441,    2.229824,  -0.000003148,   0.017508866,   0.009913623,   0.020120645
      3.202144,    0.194888,   -0.345871,   0.000006234,   0.005291379,   0.002994220,   0.006079809
     -6.420000,   -0.193293,    0.343040,   0.000113904,   0.005892943,   0.003368611,   0.006788762
     -5.816163,   -1.549032,    2.749089,   0.000032896,   0.022212551,   0.012581317,   0.025528181
      5.412368,    1.456849,   -2.585490,  -0.000017685,   0.021717579,   0.012284314,   0.024951111
     -4.005266,   -0.091418,    0.162240,  -0.000007770,   0.007450176,   0.004219029,   0.008561857
      1.402369,    0.001374,   -0.002439,  -0.000000799,   0.001326794,   0.000752779,   0.001525470
      4.807983,   -1.353492,    2.402061,  -0.000004256,   0.018423281,   0.010431201,   0.021171378
      3.200938,    0.099333,   -0.176288,   0.000001193,   0.005943643,   0.003362058,   0.006828640
     -6.217292,   -0.096572,    0.171387,   0.000073783,   0.009501571,   0.005400028,   0.010929117
     -5.815477,   -1.452317,    2.577448,   0.000033620,   0.020857781,   0.011819566,   0.023973951
      5.413004,    1.360268,   -2.414086,  -0.000016372,   0.020538110,   0.011616895,   0.023595900
     -4.004578,    0.005306,   -0.009416,  -0.000006277,   0.007453851,   0.004221251,   0.008566148
      1.201889,    0.001247,   -0.002213,   0.000002648,   0.000150040,   0.000090195,   0.000175084
     -6.420000,   -0.096647,    0.171520,   0.000116566,   0.005881083,   0.003359349,   0.006773917
      4.808520,   -1.450551,    2.574313,  -0.000005454,   0.019664950,   0.011131329,   0.022596831
      3.199829,    0.003124,   -0.005544,  -0.000000409,   0.006133914,   0.003472001,   0.007048382
     -5.815375,   -1.355853,    2.406251,   0.000031187,   0.019786481,   0.011215802,   0.022744230
      5.411589,    1.263583,   -2.242499,  -0.000013302,   0.019846518,   0.011226951,   0.022801949
     -4.007301,    0.102933,   -0.182676,  -0.000008633,   0.007450802,   0.004221022,   0.008563385
      1.002378,    0.001195,   -0.002122,   0.000004376,  -0.000801962,  -0.000446262,   0.000917775
     -6.217072,    0.000160,   -0.000284,   0.000074309,   0.009515678,   0.005405488,   0.010944083
      3.202034,   -0.093224,    0.165446,   0.000001408,   0.005977217,   0.003386767,   0.006870030
     -6.420000,    0.000000,   -0.000000,   0.000117781,   0.005855998,   0.003344194,   0.006744643
     -5.814657,   -1.259174,    2.234674,   0.000026009,   0.019037266,   0.010791779,   0.021883342
      5.409952,    1.166962,   -2.071023,  -0.000007569,   0.019369701,   0.010958256,   0.022254634
      4.809222,    1.550644,   -2.751950,  -0.000004251,   0.020304704,   0.011483838,   0.023327228
     -4.009961,    0.201635,   -0.357844,  -0.000013260,   0.007375603,   0.004178813,   0.008477156
      0.802482,    0.001073,   -0.001905,   0.000003558,  -0.001151321,  -0.000643641,   0.001319025
      3.204590,   -0.189865,    0.336956,   0.000006431,   0.005406016,   0.003066002,   0.006214935
     -6.217455,    0.096882,   -0.171938,   0.000074460,   0.009423503,   0.005351189,   0.010837120
     -5.813558,   -1.162509,    2.063122,   0.000017669,   0.018656351,   0.010573800,   0.021444463
      5.405682,    1.070607,   -1.900021,   0.000000000,   0.019021885,   0.010762065,   0.021855300
      4.810087,    1.453295,   -2.579183,  -0.000002291,   0.018790352,   0.010625400,   0.021586488
     -4.008066,    0.296826,   -0.526782,  -0.000017391,   0.007251433,   0.004107778,   0.008334112
      0.602284,    0.000965,   -0.001712,   0.000002405,  -0.000878922,  -0.000491192,   0.001006866
     -6.420000,    0.096647,   -0.171520,   0.000117484,   0.005791723,   0.003307036,   0.006670408
      3.204972,   -0.286075,    0.507702,   0.000012235,   0.004633900,   0.002631574,   0.005329011
     -5.811132,   -1.065886,    1.891643,   0.000008796,   0.018506031,   0.010484883,   0.021269839
      5.392800,    0.974198,   -1.728924,   0.000000000,   0.019021885,   0.010762065,   0.021855300
      4.810582,    1.356511,   -2.407420,  -0.000000860,   0.017608875,   0.009957719,   0.020229401
     -4.007043,    0.392611,   -0.696772,  -0.000019676,   0.007218674,   0.004087878,   0.008295805
      0.400965,    0.000810,   -0.001438,   0.000001992,  -0.000280897,  -0.000155993,   0.000321311
     -6.218110,    0.193593,   -0.343573,   0.000075210,   0.009215437,   0.005231254,   0.010596978
      3.206109,   -0.382714,    0.679208,   0.000016122,   0.004166181,   0.002369655,   0.004792973
     -6.420000,    0.193293,   -0.343040,   0.000115549,   0.005723346,   0.003266134,   0.006590726
     -5.809133,   -0.969202,    1.720056,   0.000003013,   0.018406898,   0.010423400,   0.021153277
      5.406417,    0.878224,   -1.558596,   0.000000000,   0.019021885,   0.010762065,   0.021855300
      4.810257,    1.259964,   -2.236076,  -0.000000352,   0.016859457,   0.009536130,   0.019369540
     -4.008226,    0.488542,   -0.867022,  -0.000020131,   0.007412390,   0.004195443,   0.008517374
      0.200406,    0.000624,   -0.001108,   0.000000000,   0.000000000,   0.000000000,   0.000000000
      3.205919,   -0.479436,    0.850862,   0.000017104,   0.004187729,   0.002383994,   0.004818796
     -6.218668,    0.290309,   -0.515216,   0.000075941,   0.009002109,   0.005107642,   0.010350447
     -5.811637,   -0.872326,    1.548129,   0.000003693,   0.017992244,   0.010186267,   0.020675611
      5.411560,    0.782057,   -1.387927,  -0.000006507,   0.018518145,   0.010479039,   0.021277500
      4.808553,    1.163975,   -2.065723,  -0.000000101,   0.016441691,   0.009301766,   0.018890528
     -4.006956,    0.585153,   -1.038479,  -0.000018371,   0.007877777,   0.004456732,   0.009051086
      0.000001,   -0.000000,    0.000001,   0.000000000,   0.000000000,   0.000000000,   0.000000000
     -6.420000,    0.289940,   -0.514561,   0.000113110,   0.005679914,   0.003236934,   0.006538499
      3.205709,   -0.576440,    1.023017,   0.000015260,   0.004709616,   0.002679236,   0.005418396
     -5.814139,   -0.775365,    1.376052,   0.000012508,   0.016907020,   0.009576344,   0.019430745
      5.413673,    0.685627,   -1.216792,  -0.000011636,   0.017416291,   0.009854070,   0.020010747
      4.807230,    1.067943,   -1.895293,  -0.000000551,   0.016255129,   0.009196770,   0.018676450
     -4.005728,    0.681218,   -1.208968,  -0.000015174,   0.008520355,   0.004818877,   0.009788680
     -0.201699,    0.000240,   -0.000426,   0.000000000,   0.000000000,   0.000000000,   0.000000000
     -6.219090,    0.387051,   -0.686905,   0.000076300,   0.008903873,   0.005048014,   0.010235586
      3.205471,   -0.673743,    1.195701,   0.000010635,   0.005717280,   0.003245776,   0.006574379
     -6.420000,    0.386587,   -0.686081,   0.000111129,   0.005713333,   0.003248785,   0.006573365
     -5.815940,   -0.678670,    1.204444,   0.000022268,   0.015640144,   0.008865628,   0.017978152
      5.414034,    0.588158,   -1.043811,  -0.000014545,   0.016381956,   0.009268189,   0.018822009
      4.806016,    0.972564,   -1.726024,  -0.000001731,   0.016088498,   0.009101594,   0.018484555
     -4.004148,    0.777559,   -1.379945,  -0.000010811,   0.009179344,   0.005190609,   0.010545278
     -0.401546,    0.000602,   -0.001069,  -0.000001983,  -0.000282722,  -0.000157009,   0.000323400
     -6.218971,    0.484073,   -0.859091,   0.000076463,   0.009002529,   0.005098891,   0.010346500
     -5.816783,   -0.580888,    1.030910,   0.000027518,   0.014747739,   0.008363466,   0.016954177
      5.414638,    0.491248,   -0.871824,  -0.000015572,   0.015922371,   0.009009214,   0.018294482
      4.807428,    0.876107,   -1.554840,  -0.000002207,   0.015673797,   0.008865476,   0.018007348
     -4.002997,    0.874233,   -1.551513,  -0.000007215,   0.009617795,   0.005438119,   0.011048763
      3.202602,    0.774105,   -1.373814,   0.000005473,   0.006689784,   0.003787014,   0.007687308
     -0.601430,    0.000535,   -0.000950,  -0.000002408,  -0.000876048,  -0.000489579,   0.001003570
     -6.420000,    0.483233,   -0.857601,   0.000109895,   0.005884833,   0.003337201,   0.006766110
     -5.816049,   -0.484083,    0.859109,   0.000028882,   0.014309671,   0.008115336,   0.016450720
      4.809355,    0.779729,   -1.383795,  -0.000002576,   0.015025566,   0.008497771,   0.017262090
     -4.001630,    0.970771,   -1.722841,  -0.000006389,   0.009737029,   0.005505910,   0.011185921
      3.203765,    0.676747,   -1.201032,   0.000012015,   0.005375309,   0.003042103,   0.006176446
     -0.801908,    0.000573,   -0.001017,  -0.000003568,  -0.001149882,  -0.000642828,   0.001317372
     -6.218167,    0.580973,   -1.031060,   0.000075395,   0.009381888,   0.005308421,   0.010779835
     -5.201923,    1.843045,   -3.270878,   0.000000000,   0.028415808,   0.016076891,   0.032648500
     -6.420000,    0.579880,   -1.029121,   0.000109810,   0.006201777,   0.003507869,   0.007125955
     -5.816082,   -0.387315,    0.687374,   0.000027128,   0.014297430,   0.008106443,   0.016435682
      4.810698,    0.683900,   -1.213728,  -0.000001716,   0.014198868,   0.008030163,   0.016312307
     -4.002836,    1.067102,   -1.893801,  -0.000009436,   0.009891143,   0.005593215,   0.011363048
      3.205022,    0.579479,   -1.028410,   0.000016729,   0.004341722,   0.002457395,   0.004988950
     -1.002459,    0.000640,   -0.001136,  -0.000004392,  -0.000799594,  -0.000444924,   0.000915055
     -5.002507,    1.841097,   -3.267420,   0.000012824,   0.027124046,   0.015353681,   0.031168085
     -6.218870,    0.677699,   -1.202723,   0.000074095,   0.009934792,   0.005616762,   0.011412870
     -5.815001,   -0.290475,    0.515511,   0.000022068,   0.014699104,   0.008331073,   0.016895885
      4.810499,    0.586608,   -1.041062,  -0.000000181,   0.013421886,   0.007592364,   0.015420474
     -4.004008,    1.163494,   -2.064869,  -0.000013716,   0.010363453,   0.005859432,   0.011905221
      3.204791,    0.482462,   -0.856231,   0.000018366,   0.003824221,   0.002166207,   0.004395163
     -1.201479,    0.000561,   -0.000996,  -0.000002671,   0.000149699,   0.000090008,   0.000174695
     -6.420000,    0.676527,   -1.200642,   0.000109999,   0.006668999,   0.003764980,   0.007659160
     -4.804206,    1.840802,   -3.266898,   0.000007451,   0.024813590,   0.014045678,   0.028513074
     -5.813935,   -0.193556,    0.343506,   0.000013287,   0.015440020,   0.008747577,   0.017745830
      4.810769,    0.489089,   -0.867993,   0.000000338,   0.013022115,   0.007369273,   0.014962676
     -1.401154,    0.000419,   -0.000744,   0.000000787,   0.001324050,   0.000751227,   0.001522318
     -6.217820,    0.774375,   -1.374294,   0.000071548,   0.010640080,   0.006012298,   0.012221463
     -4.605204,    1.839493,   -3.264574,   0.000002457,   0.022695929,   0.012847083,   0.026079738
      4.004292,   -1.160165,    2.058961,   0.000010749,   0.010550189,   0.005983585,   0.012128887
     -3.005693,    0.772689,   -1.371301,  -0.000009860,   0.005432827,   0.003073415,   0.006241922
     -6.420000,    0.773173,   -1.372162,   0.000109730,   0.007240171,   0.004083005,   0.008312824
     -5.811437,   -0.096640,    0.171508,   0.000005095,   0.016066786,   0.009098974,   0.018464370
     -4.404691,    1.840233,   -3.265888,  -0.000002001,   0.020766527,   0.011754238,   0.023862329
     -4.607744,    1.550104,   -2.750992,  -0.000002819,   0.018877384,   0.010675385,   0.021686850
      3.802579,   -1.160606,    2.059745,   0.000010502,   0.009688381,   0.005492061,   0.011136767
     -2.805584,    0.771404,   -1.369021,  -0.000012628,   0.004151966,   0.002347296,   0.004769568
     -6.217212,    0.871090,   -1.545936,   0.000068299,   0.011358096,   0.006415551,   0.013044934
     -5.809382,    0.000285,   -0.000506,   0.000002347,   0.016250181,   0.009197969,   0.018672735
     -6.420000,    0.869820,   -1.543682,   0.000108189,   0.007867182,   0.004434264,   0.009031443
     -4.203937,    1.839627,   -3.264811,  -0.000004014,   0.019161338,   0.010844297,   0.022017167
     -4.406677,    1.549618,   -2.750129,  -0.000008856,   0.017203804,   0.009727659,   0.019763559
      3.602170,   -1.160878,    2.060226,   0.000008697,   0.009421334,   0.005338038,   0.010828494
     -2.605266,    0.771208,   -1.368675,  -0.000012398,   0.003327903,   0.001880596,   0.003822529
     -5.811871,    0.097480,   -0.172998,   0.000004931,   0.016039603,   0.009075321,   0.018429062
     -6.217019,    0.967827,   -1.717617,   0.000065754,   0.011980731,   0.006764588,   0.013758703
     -4.002945,    1.840631,   -3.266593,  -0.000003128,   0.018030346,   0.010202722,   0.020716876
     -4.205504,    1.549370,   -2.749689,  -0.000012272,   0.015757666,   0.008908974,   0.018101768
      3.402858,   -1.158367,    2.055771,   0.000007876,   0.009180514,   0.005202823,   0.010552311
     -2.405393,    0.770041,   -1.366602,  -0.000010250,   0.002995942,   0.001693144,   0.003441295
     -6.420000,    0.966467,   -1.715202,   0.000105024,   0.008523878,   0.004802610,   0.009784303
     -5.814490,    0.194827,   -0.345763,   0.000013374,   0.015358233,   0.008690272,   0.017646426
     -3.801744,    1.842368,   -3.269676,   0.000000000,   0.017428960,   0.009860831,   0.020025100
     -4.005202,    1.549458,   -2.749845,  -0.000013256,   0.014611279,   0.008260118,   0.016784493
      3.200561,   -1.156771,    2.052937,   0.000008437,   0.008402715,   0.004767311,   0.009660898
     -2.205825,    0.770978,   -1.368265,  -0.000007548,   0.003097780,   0.001751880,   0.003558846
     -6.217443,    1.064563,   -1.889295,   0.000064067,   0.012529911,   0.007071443,   0.014387776
     -5.816356,    0.292291,   -0.518734,   0.000022683,   0.014543099,   0.008231052,   0.016710848
     -6.420000,    1.063113,   -1.886722,   0.000101539,   0.009176350,   0.005167412,   0.010531755
     -3.600354,    1.844856,   -3.274092,   0.000000000,   0.017428960,   0.009860831,   0.020025100
     -3.804366,    1.549661,   -2.750204,  -0.000012907,   0.013715680,   0.007753202,   0.015755385
      2.999988,   -1.154929,    2.049669,   0.000010275,   0.007322307,   0.004160903,   0.008421960
     -2.004479,    0.770666,   -1.367712,  -0.000005544,   0.003251591,   0.001840806,   0.003736501
     -5.817158,    0.389842,   -0.691857,   0.000027816,   0.014102500,   0.007982019,   0.016204750
     -6.218128,    1.161283,   -2.060946,   0.000064580,   0.013029697,   0.007349732,   0.014959804
     -3.400694,    1.840138,   -3.265718,   0.000000000,   0.017428960,   0.009860831,   0.020025100
     -3.603851,    1.548265,   -2.747727,  -0.000012509,   0.012919265,   0.007302296,   0.014840185
      2.801347,   -1.154523,    2.048948,   0.000011253,   0.006330398,   0.003602775,   0.007283821
     -1.802543,    0.770689,   -1.367753,  -0.000002894,   0.003289751,   0.001864002,   0.003781134
     -6.420000,    1.159760,   -2.058243,   0.000098647,   0.009857840,   0.005546963,   0.011311743
     -5.816414,    0.486673,   -0.863705,   0.000029228,   0.014114782,   0.007987805,   0.016218291
     -3.201958,    1.836958,   -3.260076,   0.000001637,   0.016282269,   0.009218173,   0.018710612
     -3.404042,    1.547121,   -2.745697,  -0.000012593,   0.012127194,   0.006854012,   0.013930056
      2.601212,   -1.154012,    2.048042,   0.000010509,   0.005545251,   0.003159301,   0.006382093
     -1.604479,    0.768888,   -1.364557,  -0.000001201,   0.003031753,   0.001718565,   0.003484967
     -6.218745,    1.257988,   -2.232568,   0.000066559,   0.013607428,   0.007672144,   0.015621406
     -5.816616,    0.583636,   -1.035787,   0.000027348,   0.014577793,   0.008248377,   0.016749583
     -6.420000,    1.256407,   -2.229763,   0.000097164,   0.010616689,   0.005969229,   0.012180116
     -3.002111,    1.835459,   -3.257415,  -0.000003541,   0.014613201,   0.008272522,   0.016792269
     -3.202877,    1.545784,   -2.743324,  -0.000013520,   0.011189109,   0.006322735,   0.012851978
      2.401120,   -1.154563,    2.049018,   0.000008436,   0.005007539,   0.002853151,   0.005763331
     -1.405057,    0.767226,   -1.361606,  -0.000002219,   0.002157514,   0.001222369,   0.002479730
     -5.815514,    0.680460,   -1.207622,   0.000021650,   0.015493423,   0.008766073,   0.017801423
     -6.218110,    1.354630,   -2.404081,   0.000068348,   0.014414403,   0.008125332,   0.016546924
     -2.801286,    1.834440,   -3.255606,  -0.000006406,   0.013272527,   0.007513346,   0.015251570
     -3.002789,    1.544321,   -2.740728,  -0.000014452,   0.010188091,   0.005755933,   0.011701631
      2.201421,   -1.155729,    2.051088,   0.000005594,   0.004668892,   0.002656404,   0.005371691
     -1.204885,    0.766078,   -1.359570,  -0.000004783,   0.000970861,   0.000548929,   0.001115310
     -6.420000,    1.353053,   -2.401283,   0.000096893,   0.011518704,   0.006473040,   0.013213258
     -5.814294,    0.777239,   -1.379377,   0.000011779,   0.016767352,   0.009487961,   0.019265660
     -2.602031,    1.834227,   -3.255229,  -0.000006385,   0.012405022,   0.007022096,   0.014254629
     -2.803605,    1.542894,   -2.738196,  -0.000014637,   0.009239867,   0.005219047,   0.010611965
      2.000531,   -1.157118,    2.053553,   0.000004611,   0.004465398,   0.002535983,   0.005135271
     -1.005695,    0.765557,   -1.358644,  -0.000005630,   0.000100231,   0.000055211,   0.000114570
     -6.217646,    1.451577,   -2.576134,   0.000069251,   0.015487993,   0.008731496,   0.017779813
     -5.811592,    0.874071,   -1.551226,   0.000003225,   0.017837606,   0.010093322,   0.020495252
     -6.420000,    1.449700,   -2.572803,   0.000096533,   0.012632074,   0.007099053,   0.014490520
     -2.402014,    1.834555,   -3.255810,  -0.000004532,   0.012047830,   0.006819704,   0.013844081
     -2.602541,    1.542155,   -2.736884,  -0.000013508,   0.008491600,   0.004795550,   0.009752167
      1.800505,   -1.158002,    2.055123,   0.000004349,   0.004387755,   0.002489646,   0.005044874
     -0.807032,    0.765594,   -1.358710,  -0.000004574,  -0.000258348,  -0.000147836,   0.000297692
     -5.809427,    0.970931,   -1.723126,   0.000002605,   0.018231994,   0.010313149,   0.020946757
     -6.218033,    1.548076,   -2.747392,   0.000067713,   0.016839473,   0.009498150,   0.019333579
     -2.201268,    1.836126,   -3.258599,  -0.000002369,   0.012195396,   0.006903351,   0.014013705
     -2.401914,    1.543188,   -2.738717,  -0.000011480,   0.008035439,   0.004537640,   0.009228141
      1.601446,   -1.155684,    2.051009,   0.000004501,   0.004263135,   0.002420678,   0.004902451
     -0.607161,    0.766423,   -1.360182,  -0.000003117,  -0.000072621,  -0.000042064,   0.000083982
     -6.420000,    1.546347,   -2.744324,   0.000095071,   0.013949563,   0.007844914,   0.016004438
     -5.811988,    1.067800,   -1.895040,   0.000007515,   0.018277904,   0.010335327,   0.020997638
     -2.000101,    1.838800,   -3.263344,   0.000000000,   0.012352175,   0.006988524,   0.014192100
     -2.201925,    1.543817,   -2.739833,  -0.000009425,   0.007800463,   0.004405130,   0.008958375
      1.400002,   -1.153233,    2.046659,   0.000004735,   0.003766875,   0.002144794,   0.004334687
     -0.407407,    0.767890,   -1.362784,  -0.000002418,   0.000526020,   0.000298151,   0.000604646
     -6.218089,    1.644566,   -2.918635,   0.000063891,   0.018344935,   0.010354873,   0.021065709
     -5.812854,    1.163955,   -2.065688,   0.000015519,   0.018295247,   0.010342719,   0.021016377
     -6.420000,    1.642993,   -2.915844,   0.000091087,   0.015424875,   0.008685265,   0.017702229
     -1.799072,    1.842926,   -3.270667,   0.000000000,   0.012352175,   0.006988524,   0.014192100
     -2.001053,    1.544579,   -2.741186,  -0.000007956,   0.007662277,   0.004327488,   0.008799870
      1.200010,   -1.151759,    2.044043,   0.000005146,   0.003045467,   0.001741979,   0.003508474
     -0.205951,    0.769200,   -1.365110,  -0.000001806,   0.001036935,   0.000588864,   0.001192476
     -5.813377,    1.259958,   -2.236066,   0.000023551,   0.018483583,   0.010447571,   0.021231937
     -6.217509,    1.741029,   -3.089829,   0.000057787,   0.019846900,   0.011211177,   0.022794588
     -1.599171,    1.838391,   -3.262618,   0.000000000,   0.012352175,   0.006988524,   0.014192100
     -1.800488,    1.544762,   -2.741511,  -0.000007254,   0.007432351,   0.004197531,   0.008535758
      1.001462,   -1.151283,    2.043199,   0.000004926,   0.002441944,   0.001403720,   0.002816655
     -0.005544,    0.770434,   -1.367300,  -0.000000022,   0.001189612,   0.000675774,   0.001368154
     -6.420000,    1.739640,   -3.087364,   0.000084927,   0.016893586,   0.009525634,   0.019394282
     -5.814290,    1.356889,   -2.408090,   0.000028301,   0.019102946,   0.010796835,   0.021942994
     -1.400120,    1.835427,   -3.257357,   0.000001002,   0.011516757,   0.006521959,   0.013235243
     -1.600616,    1.543776,   -2.739761,  -0.000007137,   0.007043210,   0.003977384,   0.008088661
      0.800952,   -1.151570,    2.043708,   0.000003665,   0.002091167,   0.001205838,   0.002413926
      0.193657,    0.768340,   -1.363584,   0.000001755,   0.001037179,   0.000589040,   0.001192775
     -6.217173,    1.837622,   -3.261254,   0.000051512,   0.021098783,   0.011925078,   0.024235693
     -5.814144,    1.453370,   -2.579315,   0.000029851,   0.020163516,   0.011397289,   0.023161745
     -6.420000,    1.836287,   -3.258884,   0.000078496,   0.018137028,   0.010239302,   0.020827896
     -1.199976,    1.834178,   -3.255141,  -0.000002050,   0.010245737,   0.005801662,   0.011774312
     -1.399409,    1.542509,   -2.737513,  -0.000007420,   0.006442937,   0.003637088,   0.007398642
      0.600234,   -1.152573,    2.045487,   0.000001932,   0.002015695,   0.001160828,   0.002326059
      0.391857,    0.766552,   -1.360411,   0.000002374,   0.000536612,   0.000304206,   0.000616846
     -5.813854,    1.550337,   -2.751404,   0.000027951,   0.021636983,   0.012233716,   0.024856058
     -6.216630,    1.934088,   -3.432454,   0.000048097,   0.021888182,   0.012375069,   0.025144327
     -0.998965,    1.833415,   -3.253788,  -0.000002961,   0.009365777,   0.005303311,   0.010763033
     -1.199305,    1.541426,   -2.735590,  -0.000007328,   0.005791642,   0.003267906,   0.006649991
      0.399906,   -1.154115,    2.048224,   0.000000134,   0.002124946,   0.001217306,   0.002448924
      0.590699,    0.765398,   -1.358362,   0.000003045,  -0.000068993,  -0.000039982,   0.000079799
     -6.420000,    1.932934,   -3.430404,   0.000074271,   0.018976168,   0.010722586,   0.021796199
     -5.813151,    1.647074,   -2.923085,   0.000021925,   0.023447195,   0.013263256,   0.026938548
     -0.799767,    1.833436,   -3.253825,  -0.000002022,   0.009025167,   0.005110394,   0.010371585
     -1.000083,    1.540460,   -2.733876,  -0.000006322,   0.005247133,   0.002959327,   0.006024123
      0.198655,   -1.155950,    2.051480,  -0.000000322,   0.002224390,   0.001268182,   0.002560507
      0.789928,    0.765164,   -1.357948,   0.000004475,  -0.000280495,  -0.000160401,   0.000323150
     -6.217207,    2.030313,   -3.603224,   0.000048156,   0.022205445,   0.012556625,   0.025509860
     -5.812441,    1.743931,   -3.094979,   0.000011283,   0.025453106,   0.014404774,   0.029246508
     -6.420000,    2.029580,   -3.601925,   0.000074300,   0.019322847,   0.010924970,   0.022197588
     -0.599795,    1.833978,   -3.254786,  -0.000000927,   0.009244568,   0.005234596,   0.010623701
     -0.799037,    1.540109,   -2.733253,  -0.000004412,   0.004949291,   0.002790675,   0.005681845
     -0.001584,   -1.157485,    2.054205,   0.000000072,   0.002235645,   0.001272441,   0.002572395
      0.990967,    0.765442,   -1.358441,   0.000005624,   0.000052083,   0.000027886,   0.000059345
     -5.810242,    1.840777,   -3.266853,   0.000001839,   0.026940777,   0.015248239,   0.030956651
     -6.218013,    2.126734,   -3.774345,   0.000052393,   0.022108740,   0.012503658,   0.025399618
     -0.399427,    1.835730,   -3.257896,  -0.000001055,   0.009944284,   0.005631152,   0.011427977
     -0.598456,    1.541518,   -2.735753,  -0.000002393,   0.004956283,   0.002794957,   0.005690038
     -0.200779,   -1.155341,    2.050400,   0.000000458,   0.002218992,   0.001265151,   0.002554316
      1.195635,    0.766215,   -1.359812,   0.000004857,   0.000928649,   0.000524958,   0.001066768
     -6.420000,    2.126227,   -3.773445,   0.000078105,   0.019284336,   0.010907590,   0.022155524
     -5.808846,    1.937064,   -3.437735,   0.000000561,   0.027443165,   0.015527092,   0.031531221
     -0.198701,    1.838546,   -3.262894,   0.000000000,   0.010445835,   0.005909969,   0.012001800
     -0.398524,    1.542497,   -2.737491,  -0.000000992,   0.005144626,   0.002902124,   0.005906734
     -0.401768,   -1.153009,    2.046262,  -0.000000024,   0.002107508,   0.001207463,   0.002428900
      1.397545,    0.769260,   -1.365217,   0.000002223,   0.002145184,   0.001215355,   0.002465544
     -6.218801,    2.223224,   -3.945588,   0.000059556,   0.021786328,   0.012323091,   0.025030106
     -5.811436,    2.033093,   -3.608159,   0.000004364,   0.027405670,   0.015501708,   0.031486087
     -6.420000,    2.222874,   -3.944965,   0.000084847,   0.019017185,   0.010759137,   0.021849932
      0.001866,    1.842829,   -3.270495,   0.000000000,   0.010445835,   0.005909969,   0.012001800
     -0.197679,    1.543586,   -2.739424,  -0.000000312,   0.005371228,   0.003031016,   0.006167427
     -0.602110,   -1.151705,    2.043946,  -0.000001821,   0.001988533,   0.001145469,   0.002294856
      1.599184,    0.772064,   -1.370193,   0.000001123,   0.003052335,   0.001730229,   0.003508624
     -6.420000,    2.319520,   -4.116485,   0.000093596,   0.018665440,   0.010561734,   0.021446623
      5.811499,   -2.031739,    3.605755,  -0.000005102,   0.027407168,   0.015511184,   0.031492058
      0.202161,    1.838366,   -3.262574,   0.000000000,   0.010445835,   0.005909969,   0.012001800
      0.002743,    1.544055,   -2.740256,   0.000000020,   0.005451007,   0.003076221,   0.006259122
     -0.801295,   -1.151329,    2.043279,  -0.000003557,   0.002062850,   0.001189768,   0.002381367
      1.800324,    0.773674,   -1.373050,   0.000002852,   0.003311901,   0.001876606,   0.003806619
     -6.219375,    2.319520,   -4.116485,   0.000068431,   0.021417471,   0.012115850,   0.024607043
      5.608412,   -2.034329,    3.610352,   0.000000000,   0.028596233,   0.016178970,   0.032855800
      0.401641,    1.835420,   -3.257345,   0.000001005,   0.009966351,   0.005643663,   0.011453344
      0.202534,    1.543419,   -2.739128,   0.000000360,   0.005377303,   0.003034415,   0.006174388
     -1.001015,   -1.151544,    2.043662,  -0.000004833,   0.002418866,   0.001390559,   0.002790088
      2.000301,    0.772913,   -1.371700,   0.000005478,   0.003258986,   0.001845166,   0.003745084
      6.420000,   -2.319520,    4.116485,  -0.000108633,   0.017407024,   0.009877437,   0.020014496
      6.420000,   -2.222212,    3.943790,  -0.000100046,   0.017910011,   0.010162190,   0.020592441
      5.406184,   -2.037808,    3.616526,   0.000000000,   0.028596233,   0.016178970,   0.032855800
      0.602121,    1.834170,   -3.255127,   0.000000946,   0.009295948,   0.005263736,   0.010682769
      0.403720,    1.542461,   -2.737428,   0.000001070,   0.005166127,   0.002914243,   0.005931415
     -1.201045,   -1.152650,    2.045624,  -0.000005065,   0.003038460,   0.001737854,   0.003500343
      2.201472,    0.771083,   -1.368452,   0.000007469,   0.003057822,   0.001729554,   0.003513074
      6.218836,   -2.222167,    3.943711,  -0.000070162,   0.020924090,   0.011861219,   0.024052255
      6.219375,   -2.319520,    4.116485,  -0.000079235,   0.020382628,   0.011554959,   0.023430213
      5.204887,   -2.033459,    3.608807,   0.000000000,   0.028596233,   0.016178970,   0.032855800
      0.803267,    1.833415,   -3.253787,   0.000002080,   0.009102350,   0.005154163,   0.010460314
      0.603828,    1.541545,   -2.735802,   0.000002501,   0.004997454,   0.002818197,   0.005737316
     -1.401052,   -1.153971,    2.047968,  -0.000004641,   0.003770768,   0.002146841,   0.004339083
      2.401786,    0.770937,   -1.368193,   0.000010072,   0.002917607,   0.001649187,   0.003351470
      6.017551,   -2.223006,    3.945199,  -0.000043017,   0.023761438,   0.013459322,   0.027308627
      5.006478,   -2.031477,    3.605291,  -0.000012450,   0.027445820,   0.015513833,   0.031527007
      1.002458,    1.833429,   -3.253812,   0.000002982,   0.009471974,   0.005363511,   0.010885107
      0.803064,    1.540623,   -2.734166,   0.000004489,   0.005019843,   0.002830565,   0.005762894
     -1.602280,   -1.156074,    2.051700,  -0.000004412,   0.004274586,   0.002427060,   0.004915559
      2.602195,    0.771102,   -1.368486,   0.000012266,   0.003188132,   0.001801946,   0.003662150
      6.018750,   -2.319520,    4.116485,  -0.000053556,   0.023096021,   0.013083390,   0.026544381
      4.804297,   -2.030526,    3.603604,  -0.000006908,   0.025227654,   0.014253891,   0.028975990
      1.202280,    1.833963,   -3.254760,   0.000002011,   0.010367850,   0.005870877,   0.011914677
      1.004137,    1.540247,   -2.733499,   0.000006331,   0.005328606,   0.003005390,   0.006117716
     -1.802766,   -1.157549,    2.054319,  -0.000004313,   0.004400799,   0.002496897,   0.005059798
      2.802483,    0.771860,   -1.369830,   0.000012640,   0.003963189,   0.002240910,   0.004552879
      5.816286,   -2.223867,    3.946728,  -0.000025644,   0.025974912,   0.014705140,   0.029848581
      5.818125,   -2.319520,    4.116485,  -0.000035602,   0.025235476,   0.014287396,   0.028999314
      4.605511,   -2.030296,    3.603194,  -0.000000542,   0.023120842,   0.013062030,   0.026555413
      1.402336,    1.835712,   -3.257864,  -0.000001100,   0.011660862,   0.006603630,   0.013400882
      1.204718,    1.541592,   -2.735886,   0.000007219,   0.005901616,   0.003330140,   0.006776353
     -2.003340,   -1.156326,    2.052148,  -0.000004660,   0.004478200,   0.002543057,   0.005149897
      3.002697,    0.772328,   -1.370661,   0.000010121,   0.005190873,   0.002936840,   0.005964083
      5.615142,   -2.224130,    3.947195,  -0.000018612,   0.027291643,   0.015444463,   0.031358660
      4.405531,   -2.029829,    3.602366,   0.000004183,   0.021230319,   0.011995268,   0.024384686
      1.602643,    1.838526,   -3.262857,   0.000000000,   0.012508926,   0.007077210,   0.014372200
      1.404644,    1.542546,   -2.737579,   0.000007179,   0.006561815,   0.003704382,   0.007535244
     -2.203751,   -1.155394,    2.050495,  -0.000005744,   0.004678835,   0.002661797,   0.005383000
      5.617500,   -2.319520,    4.116485,  -0.000027329,   0.026461338,   0.014974661,   0.030404665
     -3.003560,   -0.670975,    1.190789,  -0.000013088,   0.004584798,   0.002609033,   0.005275187
      4.205165,   -2.030812,    3.604111,   0.000006255,   0.019671053,   0.011117219,   0.022595197
      1.802777,    1.842837,   -3.270509,   0.000000000,   0.012508926,   0.007077210,   0.014372200
      1.605525,    1.543664,   -2.739563,   0.000006789,   0.007158987,   0.004042935,   0.008221707
     -2.403832,   -1.154299,    2.048551,  -0.000008624,   0.005012567,   0.002855687,   0.005768955
      5.414294,   -2.224951,    3.948651,  -0.000018386,   0.027596240,   0.015610887,   0.031705719
     -3.004142,   -0.572979,    1.016874,  -0.000016279,   0.003719197,   0.002121367,   0.004281693
      5.416875,   -2.319520,    4.116485,  -0.000023906,   0.026634375,   0.015065650,   0.030600070
      4.004573,   -2.032117,    3.606427,   0.000005423,   0.018479608,   0.010447835,   0.021228593
      2.003473,    1.838405,   -3.262643,   0.000000000,   0.012508926,   0.007077210,   0.014372200
      1.805866,    1.544148,   -2.740421,   0.000006817,   0.007526420,   0.004250760,   0.008643841
     -2.604028,   -1.154279,    2.048515,  -0.000010728,   0.005554629,   0.003164276,   0.006392704
     -3.004090,   -0.476189,    0.845099,  -0.000017658,   0.003206455,   0.001830894,   0.003692403
      5.213696,   -2.223834,    3.946669,  -0.000017411,   0.026914720,   0.015218008,   0.030919092
      3.803579,   -2.034449,    3.610566,   0.000000000,   0.017798687,   0.010070013,   0.020449900
      2.203383,    1.835453,   -3.257404,   0.000002269,   0.012308557,   0.006967642,   0.014143855
      2.005610,    1.543498,   -2.739268,   0.000007421,   0.007720175,   0.004360207,   0.008866373
     -2.804653,   -1.154952,    2.049710,  -0.000011448,   0.006351909,   0.003614578,   0.007308355
      5.216250,   -2.319520,    4.116485,  -0.000019492,   0.025907265,   0.014646447,   0.029760799
     -3.005064,   -0.378666,    0.672023,  -0.000016904,   0.003116403,   0.001777738,   0.003587841
      3.602822,   -2.037591,    3.616142,   0.000000000,   0.017798687,   0.010070013,   0.020449900
      2.404203,    1.834188,   -3.255159,   0.000004227,   0.012074505,   0.006834920,   0.013874791
      2.206822,    1.542506,   -2.737507,   0.000008792,   0.007812697,   0.004411957,   0.008972384
     -3.004700,   -1.156348,    2.052187,  -0.000010399,   0.007370606,   0.004187860,   0.008477270
      5.013300,   -2.223238,    3.945612,  -0.000012877,   0.025569190,   0.014449414,   0.029369529
     -3.003744,   -0.281152,    0.498965,  -0.000014235,   0.003391415,   0.001930624,   0.003902462
      5.015625,   -2.319520,    4.116485,  -0.000010518,   0.024494347,   0.013839487,   0.028133690
      3.401848,   -2.033370,    3.608650,   0.000000000,   0.017798687,   0.010070013,   0.020449900
      2.605498,    1.833434,   -3.253821,   0.000006121,   0.012340306,   0.006985496,   0.014180280
      2.406976,    1.541558,   -2.735824,   0.000010817,   0.007989304,   0.004511380,   0.009175056
     -3.204261,   -1.158077,    2.055256,  -0.000008464,   0.008463136,   0.004801210,   0.009730177
     -3.000903,   -0.187360,    0.332511,  -0.000010813,   0.003797786,   0.002158195,   0.004368192
      4.811296,   -2.222812,    3.944855,  -0.000003995,   0.023774176,   0.013428855,   0.027304681
      3.203466,   -2.030431,    3.603435,  -0.000001529,   0.016772065,   0.009484251,   0.019267931
      2.804682,    1.833436,   -3.253824,   0.000006356,   0.013126927,   0.007430904,   0.015084250
      2.606259,    1.540619,   -2.734159,   0.000012905,   0.008384187,   0.004734599,   0.009628665
     -3.404047,   -1.160436,    2.059442,  -0.000007911,   0.009251715,   0.005243002,   0.010634066
      4.815000,   -2.319520,    4.116485,   0.000001496,   0.022721620,   0.012831516,   0.026094441
     -3.000686,   -0.092966,    0.164989,  -0.000007597,   0.004185232,   0.002375004,   0.004812158
      3.003190,   -2.029042,    3.600969,   0.000003366,   0.015208594,   0.008596382,   0.017469949
      3.004351,    1.833960,   -3.254755,   0.000003774,   0.014392303,   0.008147459,   0.016538425
      2.808033,    1.541699,   -2.736074,   0.000014229,   0.009081650,   0.005129366,   0.010430099
     -3.604122,   -1.162484,    2.063077,  -0.000008775,   0.009501338,   0.005383130,   0.010920330
      4.611452,   -2.223040,    3.945261,   0.000005916,   0.021820506,   0.012322603,   0.025059550
     -3.000052,    0.002245,   -0.003984,  -0.000006023,   0.004355508,   0.002469130,   0.005006705
      4.614375,   -2.319520,    4.116485,   0.000012874,   0.020887439,   0.011792823,   0.023986578
      2.802197,   -2.028625,    3.600229,   0.000006643,   0.013874627,   0.007840953,   0.015936934
      3.204097,    1.835705,   -3.257851,  -0.000001243,   0.016013331,   0.009065951,   0.018401583
      3.008847,    1.543378,   -2.739054,   0.000014270,   0.009994707,   0.005646386,   0.011479375
     -3.804442,   -1.162577,    2.063242,  -0.000010728,   0.009770159,   0.005538085,   0.011230606
     -3.001057,    0.098032,   -0.173978,  -0.000007364,   0.004169179,   0.002362426,   0.004791990
      4.410928,   -2.222610,    3.944497,   0.000012640,   0.020070592,   0.011335186,   0.023050277
      2.603237,   -2.028517,    3.600037,   0.000006821,   0.013029832,   0.007363590,   0.014966597
      3.404282,    1.839662,   -3.264875,   0.000000000,   0.017150011,   0.009703009,   0.019704600
      3.208464,    1.544891,   -2.741739,   0.000013530,   0.010959883,   0.006192948,   0.012588559
      4.413750,   -2.319520,    4.116485,   0.000020623,   0.019186325,   0.010832866,   0.022033304
      4.008249,    0.389994,   -0.692127,   0.000019286,   0.007212893,   0.004085363,   0.008289534
     -3.002825,    0.194062,   -0.344405,  -0.000010699,   0.003732295,   0.002115220,   0.004290023
      4.007135,    0.292699,   -0.519458,   0.000016755,   0.007325308,   0.004150025,   0.008419211
      2.403036,   -2.029034,    3.600955,   0.000005321,   0.012697063,   0.007176717,   0.014584948
      3.603197,    1.844561,   -3.273568,   0.000000000,   0.017150011,   0.009703009,   0.019704600
      3.408060,    1.547097,   -2.745655,   0.000012698,   0.011883997,   0.006716384,   0.013650617
      4.210213,   -2.222836,    3.944898,   0.000015656,   0.018631661,   0.010525610,   0.021399240
     -3.004258,    0.289999,   -0.514666,  -0.000014589,   0.003224231,   0.001828229,   0.003706521
      4.213125,   -2.319520,    4.116485,   0.000023568,   0.017772526,   0.010037418,   0.020411100
      2.202142,   -2.030706,    3.603922,   0.000003346,   0.012765483,   0.007217955,   0.014664803
      3.803972,    1.841475,   -3.268092,   0.000000000,   0.017150011,   0.009703009,   0.019704600
      3.607566,    1.547874,   -2.747034,   0.000012683,   0.012658048,   0.007154474,   0.014540043
      4.005896,    0.195505,   -0.346966,   0.000012458,   0.007519117,   0.004260018,   0.008642051
     -3.005396,    0.386187,   -0.685372,  -0.000017659,   0.002881608,   0.001633868,   0.003312628
      4.009565,   -2.223268,    3.945665,   0.000015491,   0.017560848,   0.009924882,   0.020171438
      2.001483,   -2.033357,    3.608628,   0.000000000,   0.012831480,   0.007259702,   0.014742800
      4.005139,    1.840321,   -3.266044,   0.000003241,   0.017762847,   0.010051308,   0.020409496
      3.807878,    1.549075,   -2.749165,   0.000013101,   0.013447345,   0.007601334,   0.015447056
      4.004987,    0.098902,   -0.175523,   0.000008095,   0.007644120,   0.004330244,   0.008785422
      4.012500,   -2.319520,    4.116485,   0.000022487,   0.016668295,   0.009417406,   0.019144715
     -3.005843,    0.482657,   -0.856578,  -0.000018696,   0.002951514,   0.001671604,   0.003392056
      1.800984,   -2.037300,    3.615626,   0.000000000,   0.012831480,   0.007259702,   0.014742800
      4.205961,    1.839554,   -3.264682,   0.000004090,   0.018911970,   0.010703178,   0.021730638
      4.008302,    1.548647,   -2.748405,   0.000013425,   0.014341764,   0.008107565,   0.016474799
      4.004617,    0.002197,   -0.003898,   0.000005950,   0.007664481,   0.004340370,   0.008808128
      3.809068,   -2.224146,    3.947224,   0.000012917,   0.016856547,   0.009530745,   0.019364360
     -3.005679,    0.579282,   -1.028060,  -0.000017359,   0.003491627,   0.001975418,   0.004011737
      3.811875,   -2.319520,    4.116485,   0.000019247,   0.015786167,   0.008921559,   0.018132778
      1.599811,   -2.033008,    3.608007,   0.000000000,   0.012831480,   0.007259702,   0.014742800
      4.406563,    1.839113,   -3.263899,   0.000002019,   0.020523891,   0.011616931,   0.023583536
      4.208445,    1.549182,   -2.749355,   0.000012363,   0.015502827,   0.008764733,   0.017808940
      4.007692,   -0.095089,    0.168756,   0.000007440,   0.007663808,   0.004339858,   0.008807290
     -3.005001,    0.675929,   -1.199581,  -0.000013966,   0.004414093,   0.002496826,   0.005071346
      3.608678,   -2.224672,    3.948157,   0.000009913,   0.016286571,   0.009210210,   0.018710437
      1.401173,   -2.030078,    3.602807,  -0.000001623,   0.012088195,   0.006834784,   0.013886639
      4.606755,    1.839209,   -3.264070,  -0.000002491,   0.022467506,   0.012717890,   0.025817311
      4.408585,    1.548977,   -2.748991,   0.000008930,   0.016939095,   0.009577812,   0.019459381
      4.007952,   -0.190835,    0.338678,   0.000010983,   0.007598975,   0.004304050,   0.008733234
      3.611250,   -2.319520,    4.116485,   0.000015992,   0.014980291,   0.008466239,   0.017207166
      1.200772,   -2.028773,    3.600493,   0.000001453,   0.010878200,   0.006147037,   0.012494851
      4.806671,    1.840111,   -3.265670,  -0.000007515,   0.024599959,   0.013924886,   0.028267658
      4.608929,    1.549379,   -2.749705,   0.000002892,   0.018607492,   0.010522616,   0.021376721
      4.007604,   -0.286744,    0.508889,   0.000015144,   0.007497951,   0.004249887,   0.008618645
      3.005545,   -0.672191,    1.192946,   0.000012865,   0.004584885,   0.002608966,   0.005275229
      3.408364,   -2.224007,    3.946976,   0.000008265,   0.015554140,   0.008794676,   0.017868343
      3.410625,   -2.319520,    4.116485,   0.000014672,   0.014097405,   0.007964909,   0.016191875
      0.999678,   -2.028433,    3.599888,   0.000003048,   0.009957487,   0.005625242,   0.011436560
      5.006148,    1.841809,   -3.268685,  -0.000012889,   0.026943053,   0.015251428,   0.030960206
      4.008889,   -0.384216,    0.681874,   0.000017727,   0.007463393,   0.004233415,   0.008580463
      2.805225,   -0.671218,    1.191220,   0.000014520,   0.003503336,   0.002000241,   0.004034172
     -4.609700,   -1.452076,    2.577020,  -0.000001819,   0.018078314,   0.010237104,   0.020775556
      3.208084,   -2.223184,    3.945516,   0.000008950,   0.014548098,   0.008222547,   0.016711000
      0.800606,   -2.028374,    3.599784,   0.000002509,   0.009590780,   0.005418097,   0.011015391
      5.205337,    1.844362,   -3.273215,   0.000000000,   0.028244522,   0.015979982,   0.032451700
      4.008378,   -0.480810,    0.853301,   0.000018823,   0.007589790,   0.004307475,   0.008726947
      2.604738,   -0.671094,    1.191000,   0.000014286,   0.002743049,   0.001571042,   0.003161123
      3.210000,   -2.319520,    4.116485,   0.000015818,   0.013054405,   0.007371949,   0.014992110
     -4.609884,   -1.355244,    2.405170,  -0.000002821,   0.016897296,   0.009571364,   0.019419826
      0.600616,   -2.028928,    3.600767,   0.000001829,   0.009796937,   0.005535988,   0.011252873
      4.007132,   -0.577662,    1.025184,   0.000017989,   0.007963371,   0.004520003,   0.009156748
      2.405058,   -0.670381,    1.189735,   0.000012688,   0.002351705,   0.001348150,   0.002710753
      3.006484,   -2.222619,    3.944513,   0.000011473,   0.013324365,   0.007527333,   0.015303581
     -5.208948,   -1.745270,    3.097355,   0.000014141,   0.027424301,   0.015503308,   0.031503096
     -4.608960,   -1.258707,    2.233845,  -0.000003831,   0.015945402,   0.009033317,   0.018326393
      3.009375,   -2.319520,    4.116485,   0.000017854,   0.011946066,   0.006742840,   0.013717679
      0.399870,   -2.030627,    3.603782,   0.000001904,   0.010387207,   0.005872751,   0.011932447
      4.005839,   -0.674897,    1.197750,   0.000015677,   0.008525181,   0.004837323,   0.009801972
      2.206005,   -0.671482,    1.191688,   0.000010611,   0.002230620,   0.001276475,   0.002570052
     -5.211072,   -1.647839,    2.924442,   0.000015740,   0.025481686,   0.014409357,   0.029273643
     -4.607760,   -1.162255,    2.062670,  -0.000004407,   0.015273541,   0.008652473,   0.017554098
      2.806580,   -2.222589,    3.944459,   0.000013345,   0.012186407,   0.006882199,   0.013995477
      0.199587,   -2.033306,    3.608536,   0.000000000,   0.010779094,   0.006098518,   0.012384700
      4.004938,   -0.772277,    1.370570,   0.000011972,   0.009144271,   0.005186118,   0.010512548
      2.004576,   -0.670920,    1.190691,   0.000008287,   0.002220569,   0.001267078,   0.002556655
      2.808750,   -2.319520,    4.116485,   0.000018632,   0.010943351,   0.006175034,   0.012565362
     -5.211496,   -1.550597,    2.751867,   0.000017650,   0.023774474,   0.013447338,   0.027314041
     -4.606546,   -1.065646,    1.891216,  -0.000004586,   0.014814303,   0.008391994,   0.017026132
     -0.000641,   -2.037291,    3.615609,   0.000000000,   0.010779094,   0.006098518,   0.012384700
      4.003160,   -0.869618,    1.543323,   0.000008092,   0.009583803,   0.005434087,   0.011017198
      1.803982,   -0.671367,    1.191485,   0.000006246,   0.002148975,   0.001224063,   0.002473148
      2.606723,   -2.222706,    3.944667,   0.000012938,   0.011412334,   0.006444763,   0.013106353
     -5.211744,   -1.453493,    2.579535,   0.000017624,   0.022251092,   0.012588889,   0.025565436
     -4.606526,   -0.969102,    1.719879,  -0.000004605,   0.014437086,   0.008178827,   0.016592850
      2.608125,   -2.319520,    4.116485,   0.000017245,   0.010202638,   0.005756636,   0.011714648
     -0.202145,   -2.033029,    3.608045,   0.000000000,   0.010779094,   0.006098518,   0.012384700
      4.002161,   -0.966819,    1.715827,   0.000006637,   0.009719966,   0.005510902,   0.011173533
      1.606901,   -0.670303,    1.189596,   0.000005125,   0.001749818,   0.000999099,   0.002014966
     -5.211463,   -1.356814,    2.407957,   0.000016259,   0.021056237,   0.011914186,   0.024193247
     -4.607669,   -0.871714,    1.547043,  -0.000004323,   0.014031755,   0.007950363,   0.016127567
      2.406211,   -2.222726,    3.944703,   0.000011034,   0.011053032,   0.006243216,   0.012694384
     -0.401197,   -2.030098,    3.602844,  -0.000001856,   0.010377307,   0.005867248,   0.011921120
      4.003000,   -1.063689,    1.887745,   0.000008299,   0.009920827,   0.005626926,   0.011405489
      1.407048,   -0.669086,    1.187437,   0.000005284,   0.001080843,   0.000623702,   0.001247900
      2.407500,   -2.319520,    4.116485,   0.000014388,   0.009785171,   0.005521831,   0.011235675
     -5.210924,   -1.260302,    2.236676,   0.000013101,   0.020145213,   0.011398800,   0.023146542
     -4.609448,   -0.774433,    1.374396,  -0.000004739,   0.013464042,   0.007630566,   0.015475981
     -0.601813,   -2.028782,    3.600509,  -0.000001668,   0.009755949,   0.005512953,   0.011205855
      1.207131,   -0.668737,    1.186817,   0.000006168,   0.000265223,   0.000166188,   0.000313049
      2.205465,   -2.223386,    3.945874,   0.000008856,   0.010975391,   0.006201560,   0.012606293
     -5.209341,   -1.163768,    2.065356,   0.000009377,   0.019667015,   0.011126869,   0.022596433
     -4.610718,   -0.678041,    1.203330,  -0.000005525,   0.012802902,   0.007257408,   0.014716803
      4.005366,    1.164568,   -2.066776,   0.000013786,   0.010069585,   0.005693110,   0.011567551
      2.206875,   -2.319520,    4.116485,   0.000011299,   0.009624926,   0.005432866,   0.011052391
     -0.803028,   -2.028438,    3.599898,  -0.000002285,   0.009512209,   0.005373860,   0.010925223
      1.007688,   -0.668544,    1.186474,   0.000006448,  -0.000452005,  -0.000236555,   0.000510204
     -5.206009,   -1.067292,    1.894138,   0.000000000,   0.019454626,   0.011006898,   0.022352500
     -4.611485,   -0.579132,    1.027794,  -0.000006424,   0.012163210,   0.006895051,   0.013981611
      4.003983,    1.068584,   -1.896431,   0.000009521,   0.009590793,   0.005423271,   0.011017952
      2.004745,   -2.224082,    3.947110,   0.000006681,   0.011022356,   0.006230457,   0.012661397
     -1.002096,   -2.028367,    3.599771,  -0.000002873,   0.009845049,   0.005561908,   0.011307511
      0.808024,   -0.668510,    1.186415,   0.000005463,  -0.000800930,  -0.000433426,   0.000910702
      2.006250,   -2.319520,    4.116485,   0.000008827,   0.009547957,   0.005390609,   0.010964590
     -5.200760,   -0.970791,    1.722877,   0.000000000,   0.019454626,   0.011006898,   0.022352500
     -4.612087,   -0.481768,    0.855001,  -0.000007208,   0.011703851,   0.006633109,   0.013452818
      4.002916,    0.972375,   -1.725688,   0.000006482,   0.009436344,   0.005335863,   0.010840482
     -1.201931,   -2.028917,    3.600747,  -0.000001435,   0.010726924,   0.006061723,   0.012321176
      0.609207,   -0.668243,    1.185940,   0.000004075,  -0.000749230,  -0.000406234,   0.000852284
      1.804193,   -2.224515,    3.947879,   0.000004642,   0.010952799,   0.006192221,   0.012582028
     -5.205913,   -0.873583,    1.550360,   0.000000000,   0.019454626,   0.011006898,   0.022352500
     -4.612519,   -0.383954,    0.681409,  -0.000007030,   0.011552131,   0.006543951,   0.013276862
      4.004335,    0.874535,   -1.552049,   0.000007339,   0.009324400,   0.005272242,   0.010711724
      1.805625,   -2.319520,    4.116485,   0.000007406,   0.009351937,   0.005279804,   0.010739418
     -1.402387,   -2.030610,    3.603752,   0.000001523,   0.011910282,   0.006734312,   0.013682316
      0.410070,   -0.669603,    1.188353,   0.000002901,  -0.000458451,  -0.000245294,   0.000519957
     -5.209976,   -0.775618,    1.376501,   0.000011408,   0.018595074,   0.010519827,   0.021364542
     -4.610704,   -0.285864,    0.507327,  -0.000006492,   0.011629557,   0.006584668,   0.013364299
      4.004391,    0.777897,   -1.380544,   0.000010993,   0.008909033,   0.005037889,   0.010234809
      1.603782,   -2.223896,    3.946780,   0.000003548,   0.010535219,   0.005954615,   0.012101582
     -1.602287,   -2.033285,    3.608500,   0.000000000,   0.012651577,   0.007157918,   0.014536100
      0.208376,   -0.670363,    1.189702,   0.000001622,  -0.000141832,  -0.000069779,   0.000158076
      1.605000,   -2.319520,    4.116485,   0.000007318,   0.008919944,   0.005034166,   0.010242474
     -5.212389,   -0.679210,    1.205403,   0.000012388,   0.017350542,   0.009820777,   0.019937129
     -4.610042,   -0.188571,    0.334660,  -0.000005394,   0.011885178,   0.006727474,   0.013657100
      4.005371,    0.680941,   -1.208475,   0.000015357,   0.008292263,   0.004690293,   0.009526841
     -1.802238,   -2.037284,    3.615597,   0.000000000,   0.012651577,   0.007157918,   0.014536100
      0.006991,   -0.671421,    1.191580,   0.000000043,   0.000030934,   0.000026074,   0.000040457
      1.403409,   -2.223124,    3.945409,   0.000004007,   0.009805317,   0.005539009,   0.011261655
     -5.213136,   -0.580948,    1.031016,   0.000013455,   0.016401431,   0.009286155,   0.018847806
     -4.608489,   -0.091149,    0.161764,  -0.000004330,   0.012135648,   0.006868999,   0.013944788
      4.006670,    0.583748,   -1.035985,   0.000018454,   0.007705679,   0.004360080,   0.008853707
      1.404375,   -2.319520,    4.116485,   0.000008405,   0.008233961,   0.004643978,   0.009453291
     -2.004088,   -2.033057,    3.608096,   0.000000000,   0.012651577,   0.007157918,   0.014536100
     -0.190497,   -0.670585,    1.190097,  -0.000001530,  -0.000122941,  -0.000059312,   0.000136509
     -5.213398,   -0.483972,    0.858911,   0.000013415,   0.015844023,   0.008970498,   0.018207226
     -4.608150,    0.005938,   -0.010539,  -0.000004096,   0.012229772,   0.006923343,   0.014053469
      4.006684,    0.486875,   -0.864064,   0.000019997,   0.007309063,   0.004137820,   0.008399069
      1.202039,   -2.222580,    3.944445,   0.000005372,   0.008916722,   0.005033752,   0.010239464
     -2.203549,   -2.030127,    3.602895,  -0.000003359,   0.012598987,   0.007123898,   0.014473576
     -0.389822,   -0.669447,    1.188078,  -0.000002813,  -0.000434653,  -0.000232165,   0.000492780
      1.203750,   -2.319520,    4.116485,   0.000009356,   0.007463127,   0.004206209,   0.008566828
     -5.213592,   -0.386881,    0.686602,   0.000012868,   0.015809721,   0.008948780,   0.018166676
     -4.609389,    0.103312,   -0.183350,  -0.000004262,   0.012161821,   0.006886407,   0.013976140
     -2.404388,   -2.028799,    3.600538,  -0.000005400,   0.012547764,   0.007092476,   0.014413523
     -3.802388,    1.163269,   -2.064470,  -0.000012286,   0.009554375,   0.005401976,   0.010975772
     -0.588738,   -0.668781,    1.186896,  -0.000003975,  -0.000731943,  -0.000396736,   0.000832560
      1.001990,   -2.222539,    3.944372,   0.000005903,   0.008161790,   0.004605264,   0.009371409
     -5.212341,   -0.289617,    0.513988,   0.000011442,   0.016188016,   0.009160432,   0.018600148
     -4.611120,    0.200727,   -0.356234,  -0.000005413,   0.011907835,   0.006743924,   0.013684921
      1.003125,   -2.319520,    4.116485,   0.000008694,   0.006836825,   0.003851325,   0.007846971
     -2.605723,   -2.028453,    3.599925,  -0.000006924,   0.012899185,   0.007289930,   0.014816616
     -3.601789,    1.162693,   -2.063448,  -0.000008743,   0.009287701,   0.005250822,   0.010669236
     -0.789448,   -0.668465,    1.186334,  -0.000005389,  -0.000816363,  -0.000442227,   0.000928462
     -5.210667,   -0.191534,    0.339918,   0.000010427,   0.016968966,   0.009601252,   0.019496922
     -4.612330,    0.298197,   -0.529214,  -0.000006768,   0.011620153,   0.006581026,   0.013354322
      0.802045,   -2.222664,    3.944594,   0.000004849,   0.007827850,   0.004416627,   0.008987872
     -2.804781,   -2.028368,    3.599773,  -0.000006715,   0.013759555,   0.007776108,   0.015804850
     -3.402567,    1.161214,   -2.060824,  -0.000007475,   0.009012034,   0.005093719,   0.010351946
     -0.994846,   -0.668146,    1.185768,  -0.000006473,  -0.000483966,  -0.000254528,   0.000546854
      0.802500,   -2.319520,    4.116485,   0.000006414,   0.006521021,   0.003673029,   0.007484310
     -5.207282,   -0.094152,    0.167093,   0.000000000,   0.017485968,   0.009893085,   0.020090600
     -4.613238,    0.395054,   -0.701107,  -0.000007681,   0.011477879,   0.006498635,   0.013189921
     -3.004465,   -2.028911,    3.600738,  -0.000003436,   0.015093406,   0.008531423,   0.017337707
     -3.200239,    1.158474,   -2.055959,  -0.000008629,   0.008126347,   0.004591478,   0.009333770
     -1.196891,   -0.669931,    1.188936,  -0.000006216,   0.000247532,   0.000156338,   0.000292835
      0.601518,   -2.222701,    3.944659,   0.000003462,   0.007948529,   0.004486589,   0.009127355
     -5.202104,    0.002933,   -0.005204,   0.000000000,   0.017485968,   0.009893085,   0.020090600
     -4.613578,    0.493169,   -0.875234,  -0.000008084,   0.011583113,   0.006555025,   0.013309279
      0.601875,   -2.319520,    4.116485,   0.000003809,   0.006551331,   0.003691259,   0.007519664
     -3.204637,   -2.030598,    3.603731,   0.000001490,   0.016661843,   0.009422014,   0.019141352
     -2.999732,    1.158169,   -2.055419,  -0.000011744,   0.006909217,   0.003902032,   0.007934940
     -1.398259,   -0.670809,    1.190494,  -0.000005284,   0.001082132,   0.000624546,   0.001249438
     -5.207209,    0.100361,   -0.178112,   0.000000000,   0.017485968,   0.009893085,   0.020090600
     -4.612051,    0.587754,   -1.043095,  -0.000007375,   0.011995868,   0.006785518,   0.013782023
      0.400752,   -2.223374,    3.945852,   0.000002512,   0.008309372,   0.004693104,   0.009543107
     -3.404152,   -2.033265,    3.608464,   0.000000000,   0.017703383,   0.010016092,   0.020340400
     -2.801130,    1.156933,   -2.053226,  -0.000013420,   0.005819998,   0.003285195,   0.006683193
     -1.599767,   -0.671726,    1.192122,  -0.000005066,   0.001767207,   0.001008971,   0.002034962
      0.401250,   -2.319520,    4.116485,   0.000002007,   0.006814989,   0.003842078,   0.007823403
     -5.211104,    0.198056,   -0.351493,   0.000010662,   0.016966210,   0.009598858,   0.019493344
     -4.608535,    0.683579,   -1.213157,  -0.000006331,   0.012600268,   0.007125490,   0.014475476
     -3.603827,   -2.037269,    3.615571,   0.000000000,   0.017703383,   0.010016092,   0.020340400
     -2.600989,    1.156268,   -2.052046,  -0.000012942,   0.004994954,   0.002818375,   0.005735239
     -1.800640,   -0.673137,    1.194625,  -0.000006155,   0.002189097,   0.001246675,   0.002519203
      0.200038,   -2.224061,    3.947072,   0.000001555,   0.008681338,   0.004905959,   0.009971664
     -5.213369,    0.295764,   -0.524896,   0.000011652,   0.016155913,   0.009142923,   0.018563585
     -4.606915,    0.779570,   -1.383514,  -0.000005117,   0.013293553,   0.007517213,   0.015271774
      0.200625,   -2.319520,    4.116485,   0.000000982,   0.007101054,   0.004005524,   0.008152864
     -3.804854,   -2.034390,    3.610461,   0.000000000,   0.017703383,   0.010016092,   0.020340400
     -2.400924,    1.156888,   -2.053145,  -0.000010834,   0.004485651,   0.002531060,   0.005150480
     -2.000788,   -0.672083,    1.192755,  -0.000008212,   0.002255601,   0.001286820,   0.002596866
     -5.214049,    0.392664,   -0.696867,   0.000012783,   0.015722965,   0.008897970,   0.018066147
     -4.604750,    0.875481,   -1.553729,  -0.000004468,   0.013883476,   0.007851526,   0.015949840
     -0.000512,   -2.224498,    3.947847,   0.000000144,   0.008849027,   0.005002049,   0.010164929
     -4.005703,   -2.033011,    3.608013,  -0.000005527,   0.018401077,   0.010403499,   0.021138412
     -2.201271,    1.157719,   -2.054621,  -0.000007944,   0.004242740,   0.002395473,   0.004872289
     -2.201555,   -0.671085,    1.190984,  -0.000010571,   0.002248160,   0.001286363,   0.002590187
      0.000000,   -2.319520,    4.116485,   0.000000231,   0.007211163,   0.004068449,   0.008279683
     -5.214354,    0.490454,   -0.870416,   0.000012970,   0.015715672,   0.008892217,   0.018056967
     -4.604270,    0.971545,   -1.724214,  -0.000005020,   0.014281118,   0.008077432,   0.016407171
     -4.206541,   -2.032184,    3.606546,  -0.000006302,   0.019617366,   0.011087011,   0.022533595
     -2.000413,    1.158507,   -2.056019,  -0.000006198,   0.004123712,   0.002329387,   0.004736146
     -2.402204,   -0.669957,    1.188983,  -0.000012696,   0.002365339,   0.001355866,   0.002726419
     -0.200957,   -2.223892,    3.946773,  -0.000001249,   0.008673096,   0.004901354,   0.009962222
     -5.214346,    0.587629,   -1.042874,   0.000012725,   0.016269048,   0.009203610,   0.018691937
     -4.604498,    1.067682,   -1.894830,  -0.000005851,   0.014584597,   0.008249718,   0.016756144
     -0.200625,   -2.319520,    4.116485,  -0.000000488,   0.007087900,   0.003998114,   0.008137767
     -4.407011,   -2.031879,    3.606004,  -0.000004159,   0.021196889,   0.011976551,   0.024346374
     -1.800422,    1.158812,   -2.056559,  -0.000004568,   0.004064306,   0.002295864,   0.004667933
     -2.602673,   -0.669910,    1.188899,  -0.000014371,   0.002747223,   0.001573455,   0.003165945
     -5.213135,    0.684628,   -1.215019,   0.000011694,   0.017237380,   0.009751313,   0.019804431
     -4.605561,    1.163988,   -2.065745,  -0.000006811,   0.014908251,   0.008432234,   0.017127713
     -0.401403,   -2.223130,    3.945420,  -0.000002151,   0.008286861,   0.004680483,   0.009517300
     -4.607263,   -2.031447,    3.605238,   0.000000684,   0.023110306,   0.013056282,   0.026543413
     -1.601449,    1.156336,   -2.052165,  -0.000003962,   0.003907851,   0.002206337,   0.004487677
     -2.803126,   -0.669831,    1.188759,  -0.000014681,   0.003502434,   0.001999819,   0.004033179
     -0.401250,   -2.319520,    4.116485,  -0.000001428,   0.006784698,   0.003825017,   0.007788638
     -5.211207,    0.781677,   -1.387254,   0.000010974,   0.018524113,   0.010481216,   0.021283767
     -4.605872,    1.260444,   -2.236928,  -0.000007204,   0.015424720,   0.008722592,   0.017720205
     -4.807069,   -2.032010,    3.606237,   0.000007075,   0.025238694,   0.014260331,   0.028988769
     -1.400125,    1.153791,   -2.047649,  -0.000004414,   0.003307330,   0.001865193,   0.003797025
     -0.602520,   -2.222593,    3.944468,  -0.000003031,   0.007899110,   0.004458791,   0.009070655
     -5.205499,    0.875934,   -1.554533,   0.000000000,   0.019340087,   0.010942095,   0.022220900
     -4.606984,    1.357035,   -2.408349,  -0.000006569,   0.016272440,   0.009200274,   0.018693244
      3.005966,    0.384842,   -0.682984,   0.000017457,   0.002923044,   0.001658306,   0.003360725
     -0.601875,   -2.319520,    4.116485,  -0.000003141,   0.006497521,   0.003660956,   0.007457907
      3.002286,    0.290223,   -0.515063,   0.000014411,   0.003310290,   0.001877596,   0.003805732
     -5.006863,   -2.033207,    3.608361,   0.000012573,   0.027441322,   0.015511322,   0.031521856
     -1.200271,    1.152209,   -2.044842,  -0.000005606,   0.002459567,   0.001384329,   0.002822387
     -5.200031,    0.972055,   -1.725120,   0.000000000,   0.019340087,   0.010942095,   0.022220900
     -4.606707,    1.453621,   -2.579761,  -0.000005239,   0.017426874,   0.009852802,   0.020019333
     -0.802634,   -2.222542,    3.944376,  -0.000004387,   0.007747784,   0.004371555,   0.008895992
     -5.206132,   -2.035227,    3.611946,   0.000000000,   0.028607982,   0.016185618,   0.032869300
     -1.001863,    1.151611,   -2.043780,  -0.000005731,   0.001788282,   0.001003684,   0.002050699
      3.002997,    0.194941,   -0.345965,   0.000010529,   0.003873501,   0.002195434,   0.004452420
     -0.802500,   -2.319520,    4.116485,  -0.000005727,   0.006438134,   0.003626350,   0.007389182
     -5.202862,    1.068505,   -1.896291,   0.000000000,   0.019340087,   0.010942095,   0.022220900
     -5.405890,   -2.038250,    3.617310,   0.000000000,   0.028607982,   0.016185618,   0.032869300
      4.607452,   -1.449801,    2.572982,   0.000001732,   0.018018861,   0.010203597,   0.020707311
     -0.801480,    1.151770,   -2.044063,  -0.000004543,   0.001438949,   0.000805887,   0.001649257
      3.000995,    0.099352,   -0.176321,   0.000007193,   0.004342828,   0.002460698,   0.004991517
     -1.002556,   -2.222659,    3.944584,  -0.000005527,   0.008045818,   0.004539912,   0.009238291
     -5.207216,    1.164919,   -2.067399,   0.000008616,   0.019415422,   0.010985209,   0.022307701
     -1.003125,   -2.319520,    4.116485,  -0.000008115,   0.006722338,   0.003786815,   0.007715560
     -5.608241,   -2.035178,    3.611860,   0.000000000,   0.028607982,   0.016185618,   0.032869300
      4.406962,   -1.449433,    2.572330,   0.000007421,   0.016420179,   0.009301870,   0.018871860
     -0.600871,    1.152636,   -2.045599,  -0.000002885,   0.001441026,   0.000807814,   0.001652007
      3.001576,    0.003448,   -0.006119,   0.000005665,   0.004571721,   0.002591198,   0.005254995
     -5.207191,    1.261166,   -2.238209,   0.000011084,   0.019658341,   0.011121437,   0.022586209
     -1.203023,   -2.222701,    3.944658,  -0.000005166,   0.008772026,   0.004952134,   0.010073336
      4.206241,   -1.449717,    2.572833,   0.000010993,   0.014994663,   0.008497257,   0.017234948
     -0.400624,    1.154116,   -2.048227,  -0.000001438,   0.001694776,   0.000952987,   0.001944338
      3.003173,   -0.092520,    0.164197,   0.000007121,   0.004415409,   0.002504838,   0.005076426
     -1.203750,   -2.319520,    4.116485,  -0.000008983,   0.007320427,   0.004125730,   0.008402998
      5.816041,    0.397320,   -0.705129,  -0.000027443,   0.013982407,   0.007914214,   0.016066837
     -5.208580,    1.357800,   -2.409707,   0.000013443,   0.020399948,   0.011539421,   0.023437497
      5.814835,    0.300329,   -0.532999,  -0.000022482,   0.014444149,   0.008175150,   0.016597199
      4.005665,   -1.449855,    2.573078,   0.000012484,   0.013835875,   0.007842458,   0.015903954
     -0.199273,    1.156005,   -2.051579,  -0.000000676,   0.001911924,   0.001077353,   0.002194571
      3.003406,   -0.188914,    0.335268,   0.000010381,   0.004001189,   0.002272793,   0.004601653
     -1.403764,   -2.223377,    3.945858,  -0.000003966,   0.009634536,   0.005442548,   0.011065515
     -5.209192,    1.454542,   -2.581395,   0.000014638,   0.021544232,   0.012186140,   0.024751892
     -1.404375,   -2.319520,    4.116485,  -0.000008245,   0.008069994,   0.004551403,   0.009264995
      5.813878,    0.203290,   -0.360781,  -0.000013460,   0.015263233,   0.008636531,   0.017537278
      3.804416,   -1.450131,    2.573568,   0.000012785,   0.012928388,   0.007329083,   0.014861320
      0.001095,    1.157510,   -2.054250,   0.000000022,   0.001954979,   0.001102323,   0.002244340
      3.006059,   -0.285152,    0.506064,   0.000013930,   0.003543518,   0.002016151,   0.004076957
     -5.209801,    1.551457,   -2.753393,   0.000015125,   0.023146861,   0.013094653,   0.026594122
     -1.604470,   -2.224055,    3.947061,  -0.000003581,   0.010355537,   0.005853047,   0.011895181
      5.811381,    0.106110,   -0.188314,  -0.000004990,   0.015967087,   0.009034134,   0.018345666
      3.604382,   -1.449256,    2.572015,   0.000012800,   0.012171639,   0.006900775,   0.013991771
      0.200370,    1.155351,   -2.050418,   0.000000715,   0.001912806,   0.001077834,   0.002195576
      3.005377,   -0.381792,    0.677572,   0.000016632,   0.003215318,   0.001833138,   0.003701208
     -1.605000,   -2.319520,    4.116485,  -0.000007303,   0.008743941,   0.004934706,   0.010040312
     -5.207375,    1.648573,   -2.925745,   0.000014338,   0.025025641,   0.014161154,   0.028754499
      5.809363,    0.008995,   -0.015964,  -0.000002315,   0.016186322,   0.009161696,   0.018599293
      3.403727,   -1.448254,    2.570237,   0.000013001,   0.011414398,   0.006472808,   0.013121962
      0.401411,    1.153007,   -2.046257,   0.000001478,   0.001697913,   0.000954724,   0.001947925
      3.006612,   -0.478663,    0.849490,   0.000017388,   0.003275640,   0.001869529,   0.003771639
     -1.805042,   -2.224491,    3.947835,  -0.000004698,   0.010772476,   0.006090258,   0.012374874
     -5.205769,    1.745871,   -3.098423,   0.000014146,   0.027142357,   0.015363776,   0.031188995
     -1.805625,   -2.319520,    4.116485,  -0.000007464,   0.009173270,   0.005178802,   0.010534179
      5.812152,   -0.087832,    0.155877,  -0.000004922,   0.016000459,   0.009061308,   0.018388095
      3.204266,   -1.447068,    2.568132,   0.000013299,   0.010598449,   0.006012179,   0.012184974
      0.601801,    1.151694,   -2.043927,   0.000002928,   0.001448770,   0.000812122,   0.001660869
      3.004667,   -0.575582,    1.021493,   0.000016021,   0.003746988,   0.002136780,   0.004313468
     -2.005561,   -2.223893,    3.946775,  -0.000006752,   0.010849135,   0.006132541,   0.012462417
      5.814843,   -0.184584,    0.327583,  -0.000012875,   0.015375472,   0.008710945,   0.017671611
      5.205447,   -1.743349,    3.093947,  -0.000014065,   0.027402264,   0.015490455,   0.031477587
      3.003595,   -1.445612,    2.565548,   0.000013559,   0.009691863,   0.005500918,   0.011144169
      0.801036,    1.151315,   -2.043254,   0.000004562,   0.001455122,   0.000814953,   0.001667798
     -2.006250,   -2.319520,    4.116485,  -0.000008935,   0.009374291,   0.005292451,   0.010765103
      3.003628,    0.675614,   -1.199021,   0.000014101,   0.004232482,   0.002394721,   0.004863003
      5.816717,   -0.281680,    0.499902,  -0.000021683,   0.014603065,   0.008276665,   0.016785504
      5.005791,   -1.742139,    3.091799,  -0.000012381,   0.026119238,   0.014763795,   0.030003073
      2.802462,   -1.444305,    2.563229,   0.000013126,   0.008818286,   0.005008063,   0.010141155
      1.000808,    1.151536,   -2.043647,   0.000005703,   0.001812707,   0.001017424,   0.002078723
     -2.206124,   -2.223137,    3.945432,  -0.000008964,   0.010813427,   0.006110068,   0.012420274
      3.004557,    0.578818,   -1.027237,   0.000017360,   0.003376729,   0.001911385,   0.003880205
     -2.206875,   -2.319520,    4.116485,  -0.000011454,   0.009462317,   0.005341014,   0.010865634
      5.817512,   -0.379838,    0.674103,  -0.000026811,   0.014165265,   0.008031621,   0.016283807
      4.805564,   -1.741651,    3.090932,  -0.000007226,   0.024063214,   0.013602173,   0.027641589
      2.602823,   -1.444762,    2.564040,   0.000011822,   0.008107120,   0.004606280,   0.009324342
      1.200888,    1.152647,   -2.045618,   0.000005526,   0.002495140,   0.001404406,   0.002863235
      3.004983,    0.482216,   -0.855796,   0.000018587,   0.002911576,   0.001650119,   0.003346717
     -2.407045,   -2.222603,    3.944485,  -0.000011185,   0.010903789,   0.006158968,   0.012523004
      5.816717,   -0.476412,    0.845496,  -0.000028519,   0.014148231,   0.008023984,   0.016265226
      4.605576,   -1.740393,    3.088700,  -0.000001214,   0.022000552,   0.012438402,   0.025273269
      2.402690,   -1.445175,    2.564773,   0.000009953,   0.007599723,   0.004318729,   0.008741127
      1.400937,    1.153971,   -2.047969,   0.000004301,   0.003339822,   0.001883577,   0.003834357
     -2.407500,   -2.319520,    4.116485,  -0.000014588,   0.009635621,   0.005437416,   0.011063946
      5.816322,   -0.574428,    1.019445,  -0.000027099,   0.014567474,   0.008261568,   0.016747105
      4.405370,   -1.740826,    3.089469,   0.000003016,   0.020174117,   0.011408086,   0.023176268
      2.202037,   -1.446056,    2.566336,   0.000008268,   0.007292448,   0.004143503,   0.008387400
      1.602231,    1.156080,   -2.051712,   0.000003813,   0.003931887,   0.002219963,   0.004515306
     -2.805707,    0.675182,   -1.198255,  -0.000015332,   0.003325557,   0.001880316,   0.003820360
     -2.607250,   -2.222545,    3.944382,  -0.000013105,   0.011276871,   0.006368348,   0.012950824
     -2.608125,   -2.319520,    4.116485,  -0.000017471,   0.010065146,   0.005679064,   0.011556783
      5.815282,   -0.672414,    1.193342,  -0.000021932,   0.015436193,   0.008750481,   0.017743942
      4.204926,   -1.740499,    3.088888,   0.000004817,   0.018674266,   0.010562322,   0.021454391
      2.000412,   -1.446577,    2.567260,   0.000007281,   0.007081771,   0.004022745,   0.008144569
      1.802756,    1.157554,   -2.054327,   0.000004326,   0.004083481,   0.002306741,   0.004689977
     -2.605870,    0.674653,   -1.197317,  -0.000014667,   0.002570504,   0.001452942,   0.002952753
     -2.807157,   -2.222656,    3.944578,  -0.000013525,   0.012058687,   0.006810149,   0.013848836
      5.814348,   -0.770026,    1.366575,  -0.000012328,   0.016686895,   0.009452164,   0.019178009
      4.004496,   -1.741148,    3.090041,   0.000003741,   0.017672090,   0.009996940,   0.020303733
      1.800150,   -1.446328,    2.566819,   0.000007015,   0.006857629,   0.003894822,   0.007886492
      2.003427,    1.156754,   -2.052908,   0.000005834,   0.004132204,   0.002334186,   0.004745900
     -2.406138,    0.674212,   -1.196534,  -0.000012661,   0.002197524,   0.001242081,   0.002524289
     -2.808750,   -2.319520,    4.116485,  -0.000018877,   0.010815036,   0.006102643,   0.012418036
      5.811600,   -0.867571,    1.539690,  -0.000003602,   0.017776378,   0.010064452,   0.020427746
      3.803791,   -1.742491,    3.092423,   0.000001839,   0.017146993,   0.009699695,   0.019700342
      1.599544,   -1.445636,    2.565590,   0.000007186,   0.006485338,   0.003684566,   0.007458933
      2.203901,    1.156651,   -2.052724,   0.000007524,   0.004219823,   0.002382428,   0.004845919
     -2.206654,    0.673449,   -1.195179,  -0.000010485,   0.002071216,   0.001171110,   0.002379400
     -3.007571,   -2.222701,    3.944659,  -0.000011650,   0.013206225,   0.007460656,   0.015167923
     -3.009375,   -2.319520,    4.116485,  -0.000018110,   0.011825697,   0.006674902,   0.013579460
      5.809486,   -0.964986,    1.712574,  -0.000003046,   0.018187076,   0.010299298,   0.020900844
      3.602619,   -1.743513,    3.094238,  -0.000000245,   0.017004832,   0.009616628,   0.019535707
      1.400208,   -1.444880,    2.564250,   0.000007309,   0.005993500,   0.003407632,   0.006894494
      2.403926,    1.156646,   -2.052715,   0.000010347,   0.004414229,   0.002490559,   0.005068374
     -2.004814,    0.673878,   -1.195941,  -0.000008283,   0.002069259,   0.001170895,   0.002377582
     -3.208292,   -2.223382,    3.945867,  -0.000009131,   0.014430636,   0.008156170,   0.016576081
      5.810780,   -1.060785,    1.882589,  -0.000008712,   0.018297172,   0.010366874,   0.021029947
      3.403313,   -1.741100,    3.089954,  -0.000000823,   0.016647085,   0.009410402,   0.019122790
      1.199736,   -1.443848,    2.562417,   0.000007012,   0.005419299,   0.003084770,   0.006235756
      2.604084,    1.156901,   -2.053168,   0.000012481,   0.004872232,   0.002748807,   0.005594170
     -1.804266,    0.673234,   -1.194798,  -0.000006543,   0.001971544,   0.001116507,   0.002265748
     -3.210000,   -2.319520,    4.116485,  -0.000016059,   0.012943076,   0.007309077,   0.014864256
      5.812109,   -1.156804,    2.052996,  -0.000017366,   0.018473129,   0.010470201,   0.021233980
      3.202090,   -1.738882,    3.086019,   0.000002190,   0.015506217,   0.008765628,   0.017812328
      0.998764,   -1.442773,    2.560510,   0.000005830,   0.004914248,   0.002800577,   0.005656244
      2.804643,    1.158210,   -2.055491,   0.000013079,   0.005650761,   0.003189271,   0.006488660
     -1.605281,    0.672034,   -1.192668,  -0.000005689,   0.001543927,   0.000874471,   0.001774385
     -3.408993,   -2.224048,    3.947049,  -0.000008401,   0.015451333,   0.008736561,   0.017750247
     -3.410625,   -2.319520,    4.116485,  -0.000014873,   0.013997894,   0.007908701,   0.016077587
      5.813273,   -1.254109,    2.225684,  -0.000025710,   0.018878701,   0.010702163,   0.021701205
      3.002332,   -1.737685,    3.083894,   0.000005920,   0.013992151,   0.007911966,   0.016074189
      0.799323,   -1.443425,    2.561667,   0.000003936,   0.004610388,   0.002629058,   0.005307319
      3.004726,    1.159483,   -2.057752,   0.000011569,   0.006703774,   0.003785613,   0.007698804
     -1.406084,    0.671176,   -1.191145,  -0.000005908,   0.000861284,   0.000487716,   0.000989804
     -3.609586,   -2.224481,    3.947819,  -0.000010013,   0.016199404,   0.009160951,   0.018610315
      5.813533,   -1.351206,    2.398004,  -0.000030888,   0.019659169,   0.011143782,   0.022597959
      2.803317,   -1.736638,    3.082036,   0.000007696,   0.012734817,   0.007203376,   0.014630935
      0.599407,   -1.444010,    2.562706,   0.000001971,   0.004516125,   0.002574917,   0.005198613
      3.204231,    1.161062,   -2.060553,   0.000008745,   0.007875029,   0.004449104,   0.009044926
     -1.206989,    0.670490,   -1.189927,  -0.000006681,   0.000032645,   0.000018228,   0.000037981
     -3.611250,   -2.319520,    4.116485,  -0.000016143,   0.014896257,   0.008418803,   0.017110669
      5.813931,   -1.448467,    2.570615,  -0.000033413,   0.020759140,   0.011763700,   0.023860588
      2.601978,   -1.736350,    3.081526,   0.000006875,   0.011886316,   0.006724651,   0.013656701
      0.398937,   -1.445063,    2.564574,   0.000000637,   0.004591042,   0.002615612,   0.005283852
      3.403983,    1.162486,   -2.063081,   0.000007610,   0.008730225,   0.004934182,   0.010028113
     -1.007754,    0.670246,   -1.189494,  -0.000006659,  -0.000681729,  -0.000386401,   0.000783648
     -3.810175,   -2.223893,    3.946774,  -0.000013003,   0.016785777,   0.009490792,   0.019283091
     -3.811875,   -2.319520,    4.116485,  -0.000019346,   0.015720455,   0.008884531,   0.018057353
      5.813771,   -1.545654,    2.743094,  -0.000032728,   0.022146571,   0.012543789,   0.025452276
      2.401379,   -1.736675,    3.082101,   0.000004502,   0.011541233,   0.006528998,   0.013260010
      0.197406,   -1.446162,    2.566524,   0.000000112,   0.004707010,   0.002679673,   0.005416327
      3.604122,    1.163891,   -2.065574,   0.000008804,   0.009001386,   0.005088775,   0.010340244
     -0.808069,    0.670333,   -1.189649,  -0.000005300,  -0.001011723,  -0.000573139,   0.001162798
     -4.010850,   -2.223144,    3.945445,  -0.000015555,   0.017508361,   0.009895306,   0.020111192
      5.813283,   -1.643163,    2.916145,  -0.000027764,   0.023796473,   0.013469871,   0.027344292
      2.201583,   -1.737582,    3.083712,   0.000002028,   0.011680424,   0.006605832,   0.013418991
     -0.002757,   -1.446496,    2.567117,   0.000000121,   0.004768092,   0.002713452,   0.005486122
      3.804436,    1.164314,   -2.066324,   0.000012357,   0.009263655,   0.005237436,   0.010641719
     -0.609156,    0.671115,   -1.191038,  -0.000003625,  -0.000922886,  -0.000522588,   0.001060579
     -4.012500,   -2.319520,    4.116485,  -0.000022520,   0.016623450,   0.009392236,   0.019093289
      5.812418,   -1.740731,    3.089300,  -0.000016921,   0.025647776,   0.014507935,   0.029466742
      2.001132,   -1.739779,    3.087610,   0.000000882,   0.011925023,   0.006742531,   0.013699193
     -0.203281,   -1.445843,    2.565958,   0.000000133,   0.004689912,   0.002670044,   0.005396703
     -0.410124,    0.670726,   -1.190347,  -0.000002383,  -0.000624856,  -0.000353460,   0.000717903
     -4.210983,   -2.223581,    3.946221,  -0.000015695,   0.018591939,   0.010503297,   0.021353681
     -3.802565,   -1.066379,    1.892517,   0.000000000,   0.009120022,   0.005159860,   0.010478500
     -4.213125,   -2.319520,    4.116485,  -0.000023520,   0.017748633,   0.010024142,   0.020383767
      5.810389,   -1.838153,    3.262197,  -0.000005298,   0.027037278,   0.015289540,   0.031060980
      1.800021,   -1.741776,    3.091155,   0.000000194,   0.012009185,   0.006789080,   0.013795366
     -0.402657,   -1.444937,    2.564351,  -0.000000382,   0.004564607,   0.002600700,   0.005253501
     -0.208477,    0.672036,   -1.192671,  -0.000001270,  -0.000290128,  -0.000163411,   0.000332985
     -3.800065,   -0.970320,    1.722040,   0.000000000,   0.009120022,   0.005159860,   0.010478500
     -4.411365,   -2.224015,    3.946991,  -0.000012622,   0.020044374,   0.011320533,   0.023020243
      5.808825,   -1.935486,    3.434934,  -0.000001622,   0.027507395,   0.015562118,   0.031604371
      1.600442,   -1.739876,    3.087783,   0.000000176,   0.011744380,   0.006636998,   0.013490004
     -0.603203,   -1.443860,    2.562438,  -0.000001706,   0.004473499,   0.002550872,   0.005149674
     -0.007211,    0.672333,   -1.193199,  -0.000000041,  -0.000122430,  -0.000068031,   0.000140062
     -4.413750,   -2.319520,    4.116485,  -0.000020490,   0.019181834,   0.010830570,   0.022028264
     -3.802865,   -0.871552,    1.546756,   0.000000000,   0.009120022,   0.005159860,   0.010478500
      1.399155,   -1.737947,    3.084360,   0.000002046,   0.010848563,   0.006131247,   0.012461280
     -0.804305,   -1.442826,    2.560604,  -0.000003700,   0.004546588,   0.002593084,   0.005234076
      0.190218,    0.671421,   -1.191580,   0.000001176,  -0.000283004,  -0.000159355,   0.000324787
     -4.611769,   -2.223404,    3.945907,  -0.000005747,   0.021819166,   0.012322016,   0.025058095
      5.811395,    2.034796,   -3.611180,  -0.000004368,   0.027245994,   0.015411374,   0.031302630
     -3.805919,   -0.772943,    1.371753,  -0.000009285,   0.008660362,   0.004906310,   0.009953585
     -4.614375,   -2.319520,    4.116485,  -0.000012658,   0.020898692,   0.011799401,   0.023999611
      1.199339,   -1.736931,    3.082555,   0.000003966,   0.009670562,   0.005468078,   0.011109440
     -1.003780,   -1.443473,    2.561752,  -0.000005632,   0.004851842,   0.002765351,   0.005584583
      0.389551,    0.670593,   -1.190110,   0.000002282,  -0.000602462,  -0.000340754,   0.000692155
      5.809034,    1.939535,   -3.442121,  -0.000000496,   0.027289130,   0.015439945,   0.031354242
     -3.805834,   -0.674688,    1.197379,  -0.000013602,   0.007890246,   0.004474786,   0.009070825
     -4.812346,   -2.223769,    3.946553,   0.000004220,   0.023785916,   0.013435601,   0.027318221
      1.000324,   -1.736036,    3.080967,   0.000003998,   0.008819170,   0.004989011,   0.010132522
     -1.203716,   -1.444088,    2.562843,  -0.000006873,   0.005336244,   0.003037913,   0.006140396
      0.588533,    0.670281,   -1.189556,   0.000003487,  -0.000920174,  -0.000521044,   0.001057459
     -4.815000,   -2.319520,    4.116485,  -0.000001242,   0.022744334,   0.012844504,   0.026120605
      5.811197,    1.843726,   -3.272087,  -0.000001736,   0.026788120,   0.015161931,   0.030781285
     -3.808260,   -0.577321,    1.024580,  -0.000017490,   0.007125366,   0.004044766,   0.008193368
      0.799183,   -1.735878,    3.080688,   0.000002200,   0.008450991,   0.004781419,   0.009709852
     -1.404256,   -1.445205,    2.564826,  -0.000007251,   0.005903228,   0.003356707,   0.006790849
      0.789330,    0.669869,   -1.188826,   0.000005161,  -0.001035935,  -0.000586862,   0.001190628
     -5.012827,   -2.224084,    3.947113,   0.000013078,   0.025578192,   0.014454520,   0.029379877
      5.813511,    1.747587,   -3.101468,  -0.000011060,   0.025312336,   0.014325291,   0.029084849
     -3.807999,   -0.479916,    0.851714,  -0.000019007,   0.006642670,   0.003771480,   0.007638684
     -5.015625,   -2.319520,    4.116485,   0.000010779,   0.024524313,   0.013856511,   0.028168155
      0.598696,   -1.736312,    3.081457,   0.000000270,   0.008615854,   0.004873326,   0.009898598
     -1.605916,   -1.446107,    2.566427,  -0.000007206,   0.006398863,   0.003635771,   0.007359642
      0.994125,    0.669394,   -1.187984,   0.000006624,  -0.000729704,  -0.000413585,   0.000838787
      5.815050,    1.651301,   -2.930586,  -0.000021671,   0.023299650,   0.013179936,   0.026769102
     -3.807528,   -0.382382,    0.678620,  -0.000017896,   0.006504336,   0.003690903,   0.007478601
     -5.213328,   -2.224703,    3.948212,   0.000017620,   0.026930885,   0.015227149,   0.030937662
      0.399043,   -1.737329,    3.083262,  -0.000000499,   0.009226759,   0.005216201,   0.010599143
     -1.806142,   -1.446347,    2.566853,  -0.000007133,   0.006764141,   0.003842064,   0.007779146
      1.197223,    0.671930,   -1.192483,   0.000006677,   0.000004783,   0.000002404,   0.000008558
     -5.216250,   -2.319520,    4.116485,   0.000019718,   0.025939724,   0.014664856,   0.029798115
      5.816167,    1.554533,   -2.758851,  -0.000027724,   0.021464656,   0.012136239,   0.024658073
     -3.807239,   -0.285519,    0.506714,  -0.000014417,   0.006627273,   0.003757215,   0.007618242
      0.198705,   -1.739606,    3.087304,  -0.000000127,   0.009781625,   0.005528537,   0.011235876
     -2.006702,   -1.445730,    2.565757,  -0.000007507,   0.006981960,   0.003966396,   0.008029952
      1.398748,    0.672832,   -1.194085,   0.000005900,   0.000845406,   0.000478695,   0.000971543
     -5.414156,   -2.225112,    3.948938,   0.000018530,   0.027622065,   0.015625534,   0.031735408
      5.815408,    1.457883,   -2.587326,  -0.000029577,   0.019976515,   0.011291428,   0.022946860
     -3.806107,   -0.188771,    0.335014,  -0.000009888,   0.006746762,   0.003821222,   0.007753749
     -5.416875,   -2.319520,    4.116485,   0.000024077,   0.026665312,   0.015083200,   0.030635639
     -0.002206,   -1.741686,    3.090995,  -0.000000001,   0.009957573,   0.005628575,   0.011438274
     -2.206177,   -1.444891,    2.564269,  -0.000008568,   0.007195187,   0.004088542,   0.008275686
      1.600236,    0.674799,   -1.197576,   0.000005605,   0.001555762,   0.000881218,   0.001788008
      5.814965,    1.361390,   -2.416078,  -0.000028057,   0.018887258,   0.010674685,   0.021695119
     -3.804093,   -0.092319,    0.163839,   0.000000000,   0.006755449,   0.003822049,   0.007761710
     -5.615321,   -2.224653,    3.948123,   0.000018755,   0.027309982,   0.015454902,   0.031379762
     -0.201877,   -1.739846,    3.087729,   0.000000134,   0.009783283,   0.005529415,   0.011237751
     -2.406795,   -1.443852,    2.562425,  -0.000010292,   0.007509489,   0.004267720,   0.008637475
      1.800765,    0.675777,   -1.199312,   0.000006445,   0.001984400,   0.001123910,   0.002280583
     -5.617500,   -2.319520,    4.116485,   0.000027464,   0.026488116,   0.014989877,   0.030435464
      5.814623,    1.265238,   -2.245435,  -0.000023502,   0.018231429,   0.010304747,   0.020942143
     -3.801339,    0.003938,   -0.006989,   0.000000000,   0.006755449,   0.003822049,   0.007761710
     -0.403207,   -1.737943,    3.084352,   0.000000563,   0.009215715,   0.005209887,   0.010586422
     -2.608494,   -1.444344,    2.563297,  -0.000012174,   0.008040557,   0.004568623,   0.009247866
      2.001048,    0.675468,   -1.198762,   0.000008173,   0.002059723,   0.001165702,   0.002366725
     -5.816708,   -2.224046,    3.947045,   0.000025798,   0.025988712,   0.014713059,   0.029864493
      5.813484,    1.168758,   -2.074212,  -0.000015578,   0.018011662,   0.010182185,   0.020690508
     -3.806131,    0.102961,   -0.182727,   0.000000000,   0.006755449,   0.003822049,   0.007761710
     -5.818125,   -2.319520,    4.116485,   0.000035747,   0.025257341,   0.014299869,   0.029024486
     -0.603183,   -1.736936,    3.082564,  -0.000000103,   0.008577682,   0.004851773,   0.009854762
     -2.808115,   -1.445252,    2.564910,  -0.000013446,   0.008777148,   0.004984736,   0.010093865
      2.201975,    0.675000,   -1.197932,   0.000010308,   0.002041494,   0.001154628,   0.002345415
      5.811119,    1.073142,   -1.904520,  -0.000007544,   0.017991254,   0.010173084,   0.020668258
     -3.805659,    0.197971,   -0.351341,  -0.000010816,   0.006675257,   0.003779326,   0.007670886
     -6.017304,   -2.223572,    3.946204,   0.000043228,   0.023774163,   0.013466667,   0.027323320
     -0.802275,   -1.736046,    3.080985,  -0.000001967,   0.008378105,   0.004740371,   0.009626202
     -3.007481,   -1.446684,    2.567450,  -0.000013852,   0.009651814,   0.005478237,   0.011098144
      2.402580,    0.675708,   -1.199189,   0.000012462,   0.002136168,   0.001207840,   0.002454027
     -6.018750,   -2.319520,    4.116485,   0.000053769,   0.023112102,   0.013092641,   0.026562933
      5.809156,    0.976572,   -1.733137,  -0.000002629,   0.017935125,   0.010145086,   0.020605618
     -3.804727,    0.294487,   -0.522630,  -0.000015536,   0.006458432,   0.003657301,   0.007422091
     -1.003391,   -1.735882,    3.080695,  -0.000003805,   0.008709653,   0.004927373,   0.010006851
     -3.207676,   -1.448063,    2.569898,  -0.000013588,   0.010563384,   0.005992338,   0.012144685
      2.602848,    0.675039,   -1.198001,   0.000014524,   0.002461223,   0.001391722,   0.002827494
      5.811694,    0.880667,   -1.562933,  -0.000003131,   0.017555886,   0.009933694,   0.020171450
     -3.805968,    0.390961,   -0.693844,  -0.000019159,   0.006292185,   0.003562891,   0.007230916
      6.420000,    0.307811,   -0.546276,  -0.000112598,   0.005569220,   0.003174786,   0.006411564
     -1.203811,   -1.736308,    3.081450,  -0.000003884,   0.009533111,   0.005390741,   0.010951726
     -3.408121,   -1.450129,    2.573564,  -0.000013276,   0.011405224,   0.006467557,   0.013111392
      2.803274,    0.675271,   -1.198414,   0.000015304,   0.003177045,   0.001796968,   0.003650061
      6.420000,    0.405119,   -0.718971,  -0.000110465,   0.005601061,   0.003185646,   0.006444566
      5.814105,    0.784142,   -1.391627,  -0.000011342,   0.016530157,   0.009353674,   0.018993089
     -3.805371,    0.487155,   -0.864561,  -0.000019950,   0.006445022,   0.003647855,   0.007405778
      6.218168,    0.401865,   -0.713196,  -0.000075809,   0.008790122,   0.004984067,   0.010105093
     -1.403368,   -1.737325,    3.083255,  -0.000002079,   0.010684937,   0.006039138,   0.012273511
     -3.608046,   -1.451365,    2.575758,  -0.000013096,   0.012174467,   0.006902267,   0.013994967
      6.218139,    0.304891,   -0.541094,  -0.000075719,   0.008887184,   0.005042988,   0.010218586
      5.815774,    0.687444,   -1.220016,  -0.000021151,   0.015283584,   0.008647426,   0.017560363
     -3.804696,    0.583629,   -1.035774,  -0.000017799,   0.006992231,   0.003955999,   0.008033774
     -2.803533,   -0.573314,    1.017469,  -0.000016608,   0.002822985,   0.001615976,   0.003252829
     -1.603632,   -1.739594,    3.087283,  -0.000000260,   0.011569919,   0.006538644,   0.013289729
     -3.807894,   -1.451849,    2.576616,  -0.000013110,   0.012939480,   0.007335192,   0.014873982
      6.217636,    0.207915,   -0.368989,  -0.000075159,   0.009110980,   0.005172400,   0.010477086
      5.816025,    0.590535,   -1.048032,  -0.000026849,   0.014401962,   0.008149049,   0.016547635
     -3.804001,    0.680325,   -1.207383,  -0.000013347,   0.007832874,   0.004431213,   0.008999430
     -2.803887,   -0.475052,    0.843081,  -0.000017442,   0.002370669,   0.001359109,   0.002732682
      6.420000,    0.210502,   -0.373581,  -0.000115208,   0.005621043,   0.003208748,   0.006473443
     -1.804384,   -1.741688,    3.090999,  -0.000000298,   0.011839852,   0.006693536,   0.013600939
     -4.008024,   -1.452213,    2.577264,  -0.000012792,   0.013863551,   0.007857886,   0.015935639
      5.816246,    0.494213,   -0.877086,  -0.000028815,   0.013962833,   0.007902000,   0.016043789
     -3.801866,    0.777180,   -1.379273,  -0.000008589,   0.008634710,   0.004884818,   0.009920672
     -2.803975,   -0.377752,    0.670402,  -0.000016823,   0.002244221,   0.001285323,   0.002586284
      6.217089,    0.110854,   -0.196734,  -0.000074497,   0.009333893,   0.005300531,   0.010734186
     -2.004154,   -1.739873,    3.087777,  -0.000001039,   0.011762819,   0.006651057,   0.013512974
     -4.208294,   -1.452110,    2.577080,  -0.000011262,   0.015032946,   0.008518681,   0.017278817
      6.420000,    0.113194,   -0.200887,  -0.000117333,   0.005700935,   0.003256009,   0.006566279
     -3.799369,    0.874222,   -1.551494,   0.000000000,   0.009077462,   0.005135781,   0.010429600
     -2.802659,   -0.284211,    0.504394,  -0.000015094,   0.002373490,   0.001355949,   0.002733547
     -5.608490,    2.035343,   -3.612152,   0.000000000,   0.028415808,   0.016076891,   0.032648500
     -2.205549,   -1.737976,    3.084410,  -0.000002247,   0.011534211,   0.006523417,   0.013251151
     -4.408669,   -1.452118,    2.577094,  -0.000007618,   0.016470305,   0.009330020,   0.018929350
      6.217033,    0.013727,   -0.024361,  -0.000074373,   0.009437193,   0.005360892,   0.010853815
     -3.798734,    0.971250,   -1.723691,   0.000000000,   0.009077462,   0.005135781,   0.010429600
     -2.801447,   -0.189456,    0.336231,  -0.000012757,   0.002649155,   0.001509560,   0.003049091
      6.420000,    0.015885,   -0.028192,  -0.000117763,   0.005776536,   0.003299211,   0.006653347
     -5.406024,    2.038041,   -3.616939,   0.000000000,   0.028415808,   0.016076891,   0.032648500
     -2.405685,   -1.736966,    3.082618,  -0.000004758,   0.011413418,   0.006456980,   0.013113303
      4.612884,    0.392203,   -0.696048,   0.000007868,   0.011380437,   0.006443889,   0.013078154
     -3.800422,    1.067279,   -1.894115,   0.000000000,   0.009077462,   0.005135781,   0.010429600
     -2.800882,   -0.093976,    0.166780,  -0.000010734,   0.002907633,   0.001653777,   0.003345059
      4.610841,    0.294273,   -0.522250,   0.000006933,   0.011572933,   0.006554449,   0.013300136
      6.217514,   -0.083433,    0.148070,  -0.000073747,   0.009430171,   0.005359182,   0.010846861
     -5.204866,    2.035243,   -3.611975,   0.000000000,   0.028415808,   0.016076891,   0.032648500
     -2.604848,   -1.736075,    3.081037,  -0.000007105,   0.011765516,   0.006656623,   0.013518063
      6.420000,   -0.081423,    0.144503,  -0.000116561,   0.005808114,   0.003317525,   0.006689824
     -2.801202,    0.001359,   -0.002412,  -0.000009979,   0.002997776,   0.001703152,   0.003447824
     -5.006440,    2.032479,   -3.607068,   0.000009567,   0.027327767,   0.015468568,   0.031401967
     -2.805952,   -1.735901,    3.080728,  -0.000007901,   0.012615672,   0.007136335,   0.014494223
      4.609670,    0.197345,   -0.350231,   0.000005551,   0.011900963,   0.006739932,   0.013676975
      3.800863,   -1.064763,    1.889650,   0.000000000,   0.009030637,   0.005109288,   0.010375800
      6.218202,   -0.180604,    0.320520,  -0.000073771,   0.009291736,   0.005283975,   0.010689350
     -2.801930,    0.097102,   -0.172328,  -0.000010842,   0.002868694,   0.001629102,   0.003299015
      6.420000,   -0.178732,    0.317198,  -0.000113754,   0.005818597,   0.003325454,   0.006702810
     -4.804199,    2.032537,   -3.607172,   0.000004615,   0.025212368,   0.014276406,   0.028973770
     -3.006307,   -1.736318,    3.081468,  -0.000006102,   0.013876414,   0.007846910,   0.015941421
      4.608751,    0.100482,   -0.178327,   0.000004342,   0.012185198,   0.006899441,   0.014002905
      3.600350,   -1.066282,    1.892347,   0.000000000,   0.009030637,   0.005109288,   0.010375800
     -2.803429,    0.193104,   -0.342705,  -0.000013085,   0.002551807,   0.001449455,   0.002934759
      6.218833,   -0.277780,    0.492980,  -0.000073977,   0.009121776,   0.005191875,   0.010496087
     -4.605372,    2.031767,   -3.605805,  -0.000001388,   0.023132931,   0.013100864,   0.026585055
     -3.206371,   -1.738945,    3.086130,  -0.000002299,   0.015408772,   0.008710831,   0.017700532
      4.608262,    0.003623,   -0.006430,   0.000004106,   0.012268828,   0.006945311,   0.014098280
      3.399169,   -1.062880,    1.886308,   0.000000000,   0.009030637,   0.005109288,   0.010375800
      6.420000,   -0.276040,    0.489893,  -0.000110576,   0.005829313,   0.003335997,   0.006717291
     -2.804845,    0.289225,   -0.513291,  -0.000015755,   0.002196992,   0.001248328,   0.002526924
     -4.405386,    2.031287,   -3.604953,  -0.000006185,   0.021205312,   0.012009344,   0.024369851
     -3.406084,   -1.742735,    3.092856,   0.000000751,   0.016569599,   0.009366783,   0.019033871
      4.609544,   -0.093081,    0.165191,   0.000004272,   0.012179680,   0.006893887,   0.013995367
      3.198276,   -1.059793,    1.880830,   0.000003516,   0.008242270,   0.004672806,   0.009474711
      6.219294,   -0.374968,    0.665461,  -0.000074012,   0.009039385,   0.005150124,   0.010403833
     -2.805700,    0.385673,   -0.684460,  -0.000017781,   0.001999948,   0.001135610,   0.002299939
      6.420000,   -0.373349,    0.662588,  -0.000108035,   0.005888964,   0.003376578,   0.006789172
     -4.205016,    2.032157,   -3.606498,  -0.000008435,   0.019550021,   0.011070805,   0.022467001
     -3.605614,   -1.744781,    3.096488,   0.000000104,   0.016923339,   0.009570701,   0.019442164
      4.611557,   -0.190534,    0.338144,   0.000005277,   0.011918861,   0.006746587,   0.013695828
      3.001243,   -1.059132,    1.879656,   0.000007395,   0.007044245,   0.004000295,   0.008100852
     -2.805805,    0.482176,   -0.855725,  -0.000018471,   0.002108623,   0.001195015,   0.002423777
      6.219145,   -0.472266,    0.838138,  -0.000074061,   0.009126119,   0.005204331,   0.010506027
     -4.004460,    2.033068,   -3.608114,  -0.000007539,   0.018206687,   0.010308242,   0.020922317
     -3.806191,   -1.744162,    3.095389,  -0.000002070,   0.017074558,   0.009658925,   0.019617221
      4.612789,   -0.288303,    0.511655,   0.000006361,   0.011644508,   0.006593223,   0.013381524
      2.801051,   -1.057600,    1.876938,   0.000009881,   0.005885977,   0.003349322,   0.006772207
      6.420000,   -0.470658,    0.835283,  -0.000106367,   0.006063961,   0.003483726,   0.006994232
     -2.806042,    0.578926,   -1.027428,  -0.000017527,   0.002586299,   0.001463247,   0.002971590
     -3.803505,    2.034881,   -3.611331,   0.000000000,   0.017428960,   0.009860831,   0.020025100
     -4.006733,   -1.742623,    3.092658,  -0.000003977,   0.017615704,   0.009965291,   0.020239072
      4.613384,   -0.384731,    0.682787,   0.000006976,   0.011531499,   0.006532349,   0.013253192
      2.601615,   -1.057165,    1.876165,   0.000009642,   0.005063926,   0.002885392,   0.005828287
      6.218295,   -0.569968,    1.011530,  -0.000073008,   0.009478789,   0.005408259,   0.010913388
      6.420000,   -0.567966,    1.007978,  -0.000105912,   0.006371504,   0.003665752,   0.007351532
     -3.602777,    2.037797,   -3.616506,   0.000000000,   0.017428960,   0.009860831,   0.020025100
     -4.207299,   -1.742526,    3.092486,  -0.000004950,   0.018649457,   0.010548505,   0.021425994
      4.612502,   -0.481180,    0.853956,   0.000007229,   0.011646570,   0.006600755,   0.013387031
      2.401909,   -1.058425,    1.878402,   0.000007429,   0.004590459,   0.002614993,   0.005283044
      2.805723,   -0.574997,    1.020456,   0.000016457,   0.002845925,   0.001628689,   0.003279053
      6.218502,   -0.667680,    1.184940,  -0.000071590,   0.010019604,   0.005717501,   0.011536351
     -3.401826,    2.033676,   -3.609193,   0.000000000,   0.017428960,   0.009860831,   0.020025100
     -4.407645,   -1.742206,    3.091918,  -0.000003049,   0.020160017,   0.011400403,   0.023160213
      4.611420,   -0.578028,    1.025834,   0.000006567,   0.012065512,   0.006839938,   0.013869440
      2.201631,   -1.059465,    1.880248,   0.000004261,   0.004295850,   0.002443183,   0.004942012
      2.606867,   -0.574438,    1.019462,   0.000015872,   0.002135375,   0.001227232,   0.002462961
      6.420000,   -0.665275,    1.180672,  -0.000105791,   0.006829358,   0.003931320,   0.007880775
     -3.203475,    2.030779,   -3.604052,  -0.000000769,   0.016458268,   0.009312946,   0.018910461
     -4.607808,   -1.742106,    3.091740,   0.000001277,   0.022001318,   0.012439180,   0.025274319
      4.609434,   -0.675090,    1.198092,   0.000005796,   0.012652809,   0.007172814,   0.014544514
      1.999984,   -1.061829,    1.884443,   0.000000000,   0.004086912,   0.002312263,   0.004695680
      2.407059,   -0.574526,    1.019620,   0.000014353,   0.001675955,   0.000966498,   0.001934722
      6.217913,   -0.765134,    1.357895,  -0.000069049,   0.010716521,   0.006113683,   0.012337978
      6.420000,   -0.762583,    1.353367,  -0.000105305,   0.007405502,   0.004261829,   0.008544925
     -3.003223,    2.029359,   -3.601532,  -0.000005414,   0.014993872,   0.008488498,   0.017229939
     -4.807992,   -1.742845,    3.093051,   0.000007329,   0.024064184,   0.013603193,   0.027642935
      4.607477,   -0.771392,    1.369001,   0.000005039,   0.013287045,   0.007530918,   0.015272862
      1.800217,   -1.064532,    1.889240,   0.000000000,   0.004086912,   0.002312263,   0.004695680
      2.206954,   -0.573764,    1.018267,   0.000012407,   0.001427656,   0.000824158,   0.001648512
      6.217197,   -0.862465,    1.530629,  -0.000065737,   0.011465252,   0.006538667,   0.013198882
     -2.802240,    2.028872,   -3.600668,  -0.000008380,   0.013705360,   0.007761459,   0.015750467
     -5.008257,   -1.743759,    3.094673,   0.000012505,   0.026126608,   0.014768419,   0.030011764
      4.605427,   -0.868283,    1.540954,   0.000004574,   0.013844195,   0.007844859,   0.015912372
      1.599745,   -1.059680,    1.880630,   0.000000000,   0.004086912,   0.002312263,   0.004695680
      2.005163,   -0.575015,    1.020487,   0.000010485,   0.001283145,   0.000740337,   0.001481442
      6.420000,   -0.859892,    1.526062,  -0.000103830,   0.008058540,   0.004634395,   0.009296691
     -2.603280,    2.028691,   -3.600347,  -0.000008462,   0.012842275,   0.007273453,   0.014758970
      4.604194,   -0.965118,    1.712809,   0.000004748,   0.014253646,   0.008075722,   0.016382421
      1.399869,   -1.056363,    1.874742,   0.000001734,   0.003585758,   0.002038876,   0.004124885
      1.806427,   -0.573915,    1.018535,   0.000008937,   0.001049032,   0.000606883,   0.001211963
      6.216878,   -0.959773,    1.703323,  -0.000063424,   0.012148480,   0.006927340,   0.013984907
      5.214073,    0.393884,   -0.699032,  -0.000012343,   0.015598606,   0.008827618,   0.017923267
      6.420000,   -0.957200,    1.698757,  -0.000101247,   0.008762519,   0.005035535,   0.010106860
      5.209151,    0.296685,   -0.526532,  -0.000011157,   0.016054232,   0.009085301,   0.018446712
     -2.403073,    2.029145,   -3.601152,  -0.000006718,   0.012425041,   0.007036280,   0.014279038
      4.605495,   -1.062346,    1.885361,   0.000004590,   0.014661166,   0.008306008,   0.016850507
      1.201876,   -1.054757,    1.871892,   0.000003582,   0.002733988,   0.001562612,   0.003149041
      1.607246,   -0.573568,    1.017920,   0.000007932,   0.000678021,   0.000397284,   0.000785882
      6.217387,   -1.057093,    1.876038,  -0.000062618,   0.012776524,   0.007285773,   0.014708024
     -2.202172,    2.030771,   -3.604039,  -0.000004165,   0.012361086,   0.006997560,   0.014204306
      5.209739,    0.199111,   -0.353365,  -0.000010258,   0.016896680,   0.009559354,   0.019413376
      4.605260,   -1.159358,    2.057530,   0.000004362,   0.015130844,   0.008572391,   0.017390468
      1.001048,   -1.054007,    1.870562,   0.000004403,   0.001977800,   0.001139137,   0.002282399
      1.406809,   -0.573530,    1.017851,   0.000007661,   0.000102987,   0.000073819,   0.000126942
      6.420000,   -1.054509,    1.871452,  -0.000099009,   0.009476712,   0.005443424,   0.010929261
     -2.001484,    2.033395,   -3.608696,   0.000000000,   0.012352175,   0.006988524,   0.014192100
      5.207457,    0.101282,   -0.179747,   0.000000000,   0.017433399,   0.009863342,   0.020030200
      4.606887,   -1.256259,    2.229501,   0.000003721,   0.015834796,   0.008971263,   0.018199570
      0.800207,   -1.054296,    1.871073,   0.000003573,   0.001605663,   0.000929336,   0.001855217
      1.208049,   -0.573068,    1.017031,   0.000007636,  -0.000540812,  -0.000288151,   0.000612835
      6.218189,   -1.154414,    2.048755,  -0.000064544,   0.013368524,   0.007624451,   0.015390057
      6.420000,   -1.151818,    2.044147,  -0.000098083,   0.010218084,   0.005867684,   0.011783402
     -1.800983,    2.037312,   -3.615646,   0.000000000,   0.012352175,   0.006988524,   0.014192100
      5.201674,    0.003444,   -0.006113,   0.000000000,   0.017433399,   0.009863342,   0.020030200
      4.606841,   -1.353144,    2.401444,   0.000002738,   0.016808692,   0.009521589,   0.019318199
      0.600449,   -1.055101,    1.872503,   0.000002155,   0.001629813,   0.000939788,   0.001881355
      1.008030,   -0.572785,    1.016530,   0.000007136,  -0.001094716,  -0.000599889,   0.001248327
      6.217760,   -1.251288,    2.220679,  -0.000068171,   0.014040615,   0.008007663,   0.016163730
     -1.599811,    2.033012,   -3.608016,   0.000000000,   0.012352175,   0.006988524,   0.014192100
      5.206956,   -0.093468,    0.165879,   0.000000000,   0.017433399,   0.009863342,   0.020030200
      0.401014,   -1.056889,    1.875676,   0.000000885,   0.001827329,   0.001046053,   0.002105554
      0.809469,   -0.572208,    1.015505,   0.000005912,  -0.001416173,  -0.000781446,   0.001617479
      6.420000,   -1.249126,    2.216842,  -0.000099088,   0.011014944,   0.006323311,   0.012701302
      4.609738,    1.452572,   -2.577900,   0.000005269,   0.017157857,   0.009700502,   0.019710196
     -1.401172,    2.030079,   -3.602811,   0.000000242,   0.011682227,   0.006611289,   0.013423248
      5.211212,   -0.190075,    0.337329,  -0.000010189,   0.016923986,   0.009575984,   0.019445330
      0.199779,   -1.059884,    1.880991,   0.000000000,   0.001937699,   0.001096297,   0.002226330
      0.610318,   -0.573397,    1.017616,   0.000004337,  -0.001457388,  -0.000805900,   0.001665375
      6.217671,   -1.348317,    2.392877,  -0.000072107,   0.014874568,   0.008480473,   0.017122395
      4.609942,    1.355766,   -2.406098,   0.000006624,   0.015990486,   0.009040634,   0.018369234
      6.420000,   -1.346435,    2.389537,  -0.000101594,   0.011907315,   0.006831314,   0.013728122
     -1.200769,    2.028774,   -3.600493,  -0.000002302,   0.010605976,   0.006006546,   0.012188738
      5.213707,   -0.286912,    0.509187,  -0.000011199,   0.016135985,   0.009131169,   0.018540453
      0.000075,   -1.063843,    1.888017,   0.000000000,   0.001937699,   0.001096297,   0.002226330
      0.410776,   -0.573298,    1.017440,   0.000002850,  -0.001314061,  -0.000726913,   0.001501721
      4.609107,    1.259726,   -2.235654,   0.000007261,   0.015140714,   0.008561769,   0.017393826
      6.218510,   -1.445098,    2.564635,  -0.000075400,   0.015881668,   0.009048548,   0.018278656
     -0.999673,    2.028433,   -3.599888,  -0.000003435,   0.009776038,   0.005539025,   0.011236180
      5.214325,   -0.383895,    0.681304,  -0.000012547,   0.015722656,   0.008899656,   0.018066708
     -0.200405,   -1.059123,    1.879641,   0.000000000,   0.001937699,   0.001096297,   0.002226330
      0.209211,   -0.574337,    1.019283,   0.000001476,  -0.001115775,  -0.000616838,   0.001274930
      6.420000,   -1.443743,    2.562231,  -0.000104150,   0.012941186,   0.007415907,   0.014915791
      4.607899,    1.163845,   -2.065492,   0.000006922,   0.014610516,   0.008263633,   0.016785555
     -0.800599,    2.028374,   -3.599784,  -0.000002774,   0.009435861,   0.005346675,   0.010845387
      5.214379,   -0.480870,    0.853408,  -0.000013043,   0.015722307,   0.008901779,   0.018067451
     -0.401015,   -1.055861,    1.873851,  -0.000000853,   0.001814149,   0.001038595,   0.002090411
      0.009245,   -0.574191,    1.019025,   0.000000050,  -0.001045593,  -0.000577917,   0.001194677
      6.218297,   -1.542398,    2.737315,  -0.000076126,   0.017114891,   0.009740763,   0.019692836
      4.606643,    1.068497,   -1.896276,   0.000005994,   0.014283150,   0.008079050,   0.016409737
      6.420000,   -1.541052,    2.734926,  -0.000105638,   0.014100783,   0.008067086,   0.016245649
     -0.600608,    2.028928,   -3.600767,  -0.000001892,   0.009601834,   0.005438884,   0.011035247
      5.214287,   -0.578061,    1.025893,  -0.000013035,   0.016247910,   0.009199513,   0.018671524
     -0.599862,   -1.054397,    1.871253,  -0.000002100,   0.001605939,   0.000926285,   0.001853928
     -0.189333,   -0.573944,    1.018587,  -0.000001368,  -0.001106301,  -0.000611617,   0.001264112
      4.606574,    0.972090,   -1.725181,   0.000005170,   0.013983201,   0.007908808,   0.016064843
      6.218145,   -1.639945,    2.910434,  -0.000074479,   0.018431869,   0.010477645,   0.021201895
     -0.399862,    2.030627,   -3.603783,  -0.000001604,   0.010102907,   0.005718838,   0.011609214
      5.213352,   -0.676004,    1.199713,  -0.000011988,   0.017164650,   0.009715871,   0.019723678
     -0.799039,   -1.053817,    1.870224,  -0.000003523,   0.001583527,   0.000916756,   0.001829757
     -0.387396,   -0.573476,    1.017756,  -0.000002721,  -0.001293991,  -0.000715809,   0.001478784
      6.420000,   -1.638360,    2.907621,  -0.000104508,   0.015351782,   0.008765099,   0.017678096
      4.607552,    0.875775,   -1.554250,   0.000004621,   0.013600590,   0.007691464,   0.015624810
     -0.199578,    2.033306,   -3.608537,   0.000000000,   0.010445835,   0.005909969,   0.012001800
      5.211250,   -0.772905,    1.371685,  -0.000011040,   0.018385514,   0.010401577,   0.021123921
     -0.998519,   -1.054126,    1.870772,  -0.000004363,   0.001962537,   0.001130410,   0.002264818
     -0.588881,   -0.572997,    1.016906,  -0.000004212,  -0.001453133,  -0.000803684,   0.001660579
      6.217786,   -1.737356,    3.083310,  -0.000069955,   0.019715169,   0.011194205,   0.022671634
      4.609042,    0.780297,   -1.384805,   0.000005285,   0.013030231,   0.007368315,   0.014969269
      6.420000,   -1.735669,    3.080316,  -0.000100756,   0.016565768,   0.009438942,   0.019066423
      0.000647,    2.037291,   -3.615610,   0.000000000,   0.010445835,   0.005909969,   0.012001800
      5.205765,   -0.871127,    1.546002,   0.000000000,   0.019230074,   0.010879852,   0.022094500
     -1.198577,   -1.055111,    1.872521,  -0.000003549,   0.002727769,   0.001559017,   0.003141858
     -0.794478,   -0.572628,    1.016251,  -0.000005846,  -0.001424670,  -0.000786296,   0.001627262
      4.609853,    0.682437,   -1.211130,   0.000006542,   0.012351780,   0.006985160,   0.014190101
      6.217007,   -1.834517,    3.255743,  -0.000064139,   0.020775563,   0.011785879,   0.023885876
      0.202148,    2.033029,   -3.608045,   0.000000000,   0.010445835,   0.005909969,   0.012001800
      5.199286,   -0.968358,    1.718559,   0.000000000,   0.019230074,   0.010879852,   0.022094500
     -1.398879,   -1.057087,    1.876026,  -0.000001677,   0.003607693,   0.002051177,   0.004150033
     -0.996884,   -0.573125,    1.017132,  -0.000007133,  -0.001111440,  -0.000609294,   0.001267512
      6.420000,   -1.832977,    3.253011,  -0.000095735,   0.017575208,   0.009996806,   0.020219625
      4.609712,    0.585481,   -1.039061,   0.000007713,   0.011758590,   0.006651723,   0.013509623
      0.401199,    2.030098,   -3.602844,   0.000001616,   0.010126289,   0.005732140,   0.011636114
      5.204496,   -1.064631,    1.889415,   0.000000000,   0.019230074,   0.010879852,   0.022094500
     -1.600341,   -1.059829,    1.880893,   0.000000000,   0.004122579,   0.002332443,   0.004736660
     -1.197882,   -0.573633,    1.018034,  -0.000007654,  -0.000557063,  -0.000297235,   0.000631448
      6.216802,   -1.931520,    3.427896,  -0.000060358,   0.021408040,   0.012138748,   0.024610100
      4.612028,    0.488936,   -0.867722,   0.000008364,   0.011407931,   0.006456484,   0.013108285
      6.420000,   -1.930286,    3.425706,  -0.000091629,   0.018236644,   0.010360104,   0.020974158
      0.601814,    2.028782,   -3.600509,   0.000001976,   0.009651743,   0.005467215,   0.011092636
      5.206529,   -1.160673,    2.059863,  -0.000009117,   0.019460282,   0.011010116,   0.022359010
     -1.801212,   -1.064115,    1.888499,   0.000000000,   0.004122579,   0.002332443,   0.004736660
     -1.398566,   -0.574757,    1.020029,  -0.000007656,   0.000101509,   0.000073083,   0.000125315
      6.217257,   -2.028249,    3.599562,  -0.000059470,   0.021611965,   0.012251606,   0.024843157
      0.803029,    2.028438,   -3.599898,   0.000002881,   0.009512992,   0.005390452,   0.010934075
      5.208635,   -1.257032,    2.230873,  -0.000012891,   0.019976009,   0.011303276,   0.022952237
     -4.406691,    1.453203,   -2.579019,  -0.000011262,   0.015840968,   0.008954726,   0.018196800
     -2.001175,   -1.061075,    1.883104,   0.000000000,   0.004122579,   0.002332443,   0.004736660
     -1.599955,   -0.575131,    1.020693,  -0.000007877,   0.000691354,   0.000404881,   0.000801225
      6.420000,   -2.027595,    3.598401,  -0.000090949,   0.018455958,   0.010476887,   0.021222531
      1.002097,    2.028367,   -3.599771,   0.000003484,   0.009882882,   0.005599625,   0.011359013
      5.208933,   -1.354024,    2.403005,  -0.000016080,   0.020926620,   0.011840914,   0.024044353
     -4.206595,    1.453121,   -2.578874,  -0.000015028,   0.014419898,   0.008150108,   0.016563754
     -2.201525,   -1.058539,    1.878604,  -0.000004304,   0.004322151,   0.002457749,   0.004972076
     -1.800815,   -0.575901,    1.022060,  -0.000008846,   0.001077196,   0.000622816,   0.001244319
      6.217999,   -2.125280,    3.771764,  -0.000063099,   0.021395179,   0.012128109,   0.024593672
     -2.605900,    0.867440,   -1.539458,  -0.000010673,   0.003983073,   0.002250368,   0.004574837
     -3.605936,   -1.258368,    2.233244,  -0.000013115,   0.010158940,   0.005760469,   0.011678494
      6.420000,   -2.124903,    3.771096,  -0.000093860,   0.018306693,   0.010388235,   0.021048973
      1.201931,    2.028917,   -3.600747,   0.000002262,   0.010731546,   0.006077755,   0.012333093
      5.210446,   -1.450971,    2.575059,  -0.000017481,   0.022160435,   0.012537498,   0.025461227
     -4.005991,    1.452903,   -2.578487,  -0.000016544,   0.013237035,   0.007480423,   0.015204476
     -2.403060,   -1.057458,    1.876686,  -0.000007550,   0.004608433,   0.002624846,   0.005303539
     -2.001513,   -0.575574,    1.021479,  -0.000010418,   0.001303478,   0.000751871,   0.001504817
      0.405685,   -0.190683,    0.338407,   0.000001531,  -0.000832550,  -0.000463428,   0.000952842
     -4.808929,    0.102582,   -0.182054,   0.000002591,   0.014264176,   0.008073952,   0.016390712
      6.014343,    2.033709,   -3.609252,  -0.000022498,   0.024883964,   0.014074225,   0.028588389
      0.204364,   -0.190785,    0.338589,   0.000000986,  -0.000424010,  -0.000234348,   0.000484463
      5.402431,   -1.845023,    3.274387,   0.000000000,   0.028596233,   0.016178970,   0.032855800
     -2.405533,    0.867759,   -1.540023,  -0.000008387,   0.003640584,   0.002057007,   0.004181531
     -3.805992,   -1.258822,    2.234049,  -0.000013427,   0.010756737,   0.006099782,   0.012365877
      1.402387,    2.030610,   -3.603752,  -0.000000352,   0.011826529,   0.006693053,   0.013589104
      5.209769,   -1.548276,    2.747746,  -0.000017513,   0.023711181,   0.013411269,   0.027241192
     -3.804328,    1.452088,   -2.577041,  -0.000016695,   0.012256988,   0.006925468,   0.014078216
     -2.602967,   -1.057363,    1.876517,  -0.000009803,   0.005087183,   0.002898211,   0.005854840
     -2.202182,   -0.574590,    1.019733,  -0.000012328,   0.001444127,   0.000833524,   0.001667458
     -4.811093,    0.200605,   -0.356017,   0.000002399,   0.013899681,   0.007869318,   0.015972705
      6.420000,    2.319520,   -4.116485,  -0.000092989,   0.018543179,   0.010492414,   0.021306076
      6.013369,    1.938230,   -3.439805,  -0.000020284,   0.024741787,   0.013995387,   0.028425821
      0.001398,   -0.191061,    0.339078,   0.000000001,  -0.000315660,  -0.000173920,   0.000360402
     -4.006320,   -1.258941,    2.234260,  -0.000013672,   0.011588648,   0.006572521,   0.013322724
     -2.204943,    0.867325,   -1.539254,  -0.000005171,   0.003806337,   0.002152238,   0.004372683
      5.201992,   -1.841169,    3.267549,   0.000000000,   0.028596233,   0.016178970,   0.032855800
      6.219375,    2.319520,   -4.116485,  -0.000068064,   0.021281776,   0.012039001,   0.024451097
      1.602287,    2.033285,   -3.608500,   0.000000000,   0.012508926,   0.007077210,   0.014372200
      5.207450,   -1.645889,    2.920982,  -0.000015587,   0.025438344,   0.014384517,   0.029223688
     -3.603967,    1.451978,   -2.576847,  -0.000016383,   0.011424802,   0.006454164,   0.013121837
     -2.802990,   -1.058210,    1.878020,  -0.000010034,   0.005921827,   0.003369245,   0.006813219
     -2.402535,   -0.573831,    1.018385,  -0.000014319,   0.001673907,   0.000965450,   0.001932424
     -4.812576,    0.297128,   -0.527317,   0.000001604,   0.013457128,   0.007619399,   0.015464460
      6.014246,    1.842543,   -3.269988,  -0.000024560,   0.023937912,   0.013540556,   0.027502197
      6.218892,    2.224020,   -3.947000,  -0.000059222,   0.021648895,   0.012245264,   0.024872167
     -0.197577,   -0.191630,    0.340088,  -0.000000974,  -0.000420454,  -0.000232353,   0.000480386
     -2.003255,    0.868397,   -1.541157,   0.000000000,   0.003954113,   0.002237129,   0.004543100
      6.420000,    2.223800,   -3.946610,  -0.000084260,   0.018894633,   0.010689658,   0.021709054
      5.002448,   -1.838729,    3.263219,  -0.000011868,   0.027298572,   0.015427281,   0.031356230
      1.802238,    2.037284,   -3.615597,   0.000000000,   0.012508926,   0.007077210,   0.014372200
     -3.403252,    1.449757,   -2.572905,  -0.000016351,   0.010561491,   0.005965089,   0.012129619
     -3.003171,   -1.059602,    1.880490,  -0.000007464,   0.007094914,   0.004028612,   0.008158896
     -2.602897,   -0.572543,    1.016101,  -0.000015923,   0.002115735,   0.001216310,   0.002440491
      4.207803,    0.390588,   -0.693181,   0.000018214,   0.008336194,   0.004721492,   0.009580446
     -4.813362,    0.395134,   -0.701251,   0.000000347,   0.013139382,   0.007438193,   0.015098678
      6.015438,    1.746707,   -3.099906,  -0.000030956,   0.022666727,   0.012818576,   0.026040303
      5.209009,    1.746971,   -3.100374,  -0.000014228,   0.026954459,   0.015257674,   0.030973209
     -0.398747,   -0.191385,    0.339653,  -0.000001507,  -0.000819711,  -0.000456245,   0.000938130
     -1.801618,    0.870659,   -1.545170,   0.000000000,   0.003954113,   0.002237129,   0.004543100
      4.208001,    0.293319,   -0.520558,   0.000016256,   0.008432207,   0.004777453,   0.009691565
      4.804080,   -1.838034,    3.261984,  -0.000006345,   0.024966708,   0.014109834,   0.028677935
      6.218170,    2.128541,   -3.777553,  -0.000052059,   0.021971286,   0.012425835,   0.025241661
      2.004088,    2.033057,   -3.608096,   0.000000000,   0.012508926,   0.007077210,   0.014372200
     -3.203867,    1.448596,   -2.570844,  -0.000016545,   0.009680306,   0.005466082,   0.011116954
     -3.202848,   -1.061578,    1.883997,  -0.000003477,   0.008328845,   0.004721491,   0.009574035
     -4.813787,    0.492054,   -0.873255,   0.000000106,   0.013218335,   0.007479863,   0.015187914
      6.420000,    2.128080,   -3.776734,  -0.000077482,   0.019164329,   0.010839583,   0.022017586
      6.016816,    1.650779,   -2.929661,  -0.000038037,   0.021047218,   0.011896846,   0.024176885
      5.211095,    1.648883,   -2.926295,  -0.000014373,   0.024800714,   0.014033963,   0.028496101
      2.803374,    0.386089,   -0.685198,   0.000017679,   0.002016231,   0.001145720,   0.002319089
     -0.599117,   -0.190616,    0.338289,  -0.000002568,  -0.001300474,  -0.000725904,   0.001489355
     -1.601942,    0.866004,   -1.536909,   0.000000000,   0.003954113,   0.002237129,   0.004543100
      4.207299,    0.196393,   -0.348542,   0.000013347,   0.008615959,   0.004881876,   0.009902910
      4.604890,   -1.837609,    3.261230,  -0.000001721,   0.022859870,   0.012919570,   0.026258122
      2.802965,    0.290732,   -0.515966,   0.000015701,   0.002258771,   0.001283944,   0.002598231
      2.203549,    2.030127,   -3.602895,   0.000003927,   0.012477751,   0.007063376,   0.014338256
     -3.003332,    1.447347,   -2.568627,  -0.000016848,   0.008743413,   0.004935567,   0.010040288
     -3.402044,   -1.064287,    1.888805,   0.000000000,   0.009120022,   0.005159860,   0.010478500
     -4.813709,    0.589342,   -1.045913,   0.000000623,   0.013682980,   0.007739736,   0.015720289
      6.017470,    1.554687,   -2.759125,  -0.000043823,   0.019347027,   0.010929323,   0.022220700
      6.217332,    2.033002,   -3.607997,  -0.000047725,   0.022075682,   0.012483171,   0.025360749
      5.211343,    1.553142,   -2.756383,  -0.000015081,   0.022922479,   0.012967732,   0.026336331
     -0.799527,   -0.190978,    0.338931,  -0.000004182,  -0.001451108,  -0.000809844,   0.001661800
     -1.403573,    0.863022,   -1.531618,   0.000000679,   0.003092281,   0.001750938,   0.003553587
      4.206529,    0.099508,   -0.176598,   0.000010559,   0.008776612,   0.004972201,   0.010087210
      6.420000,    2.032360,   -3.606858,  -0.000073537,   0.019212573,   0.010862537,   0.022070865
      4.404252,   -1.836932,    3.260029,   0.000002221,   0.020947339,   0.011840795,   0.024062324
      2.404388,    2.028799,   -3.600538,   0.000006324,   0.012455252,   0.007053264,   0.014313695
     -2.802311,    1.445868,   -2.566002,  -0.000016527,   0.007863404,   0.004437495,   0.009029106
     -3.601386,   -1.067481,    1.894474,   0.000000000,   0.009120022,   0.005159860,   0.010478500
      2.801396,    0.195515,   -0.346983,   0.000013065,   0.002648199,   0.001504366,   0.003045693
     -4.811572,    0.683941,   -1.213799,   0.000002025,   0.014470926,   0.008183983,   0.016624839
      6.016847,    1.458487,   -2.588398,  -0.000045482,   0.017932250,   0.010126215,   0.020593880
      5.211629,    1.455745,   -2.583531,  -0.000014557,   0.021295520,   0.012045389,   0.024466115
     -0.999981,   -0.191036,    0.339034,  -0.000005485,  -0.001135380,  -0.000631324,   0.001299110
     -1.204217,    0.861533,   -1.528975,  -0.000003244,   0.001736160,   0.000981193,   0.001994242
      4.206742,    0.002917,   -0.005176,   0.000009156,   0.008842609,   0.005008608,   0.010162577
      4.203451,   -1.837353,    3.260776,   0.000003686,   0.019407379,   0.010973070,   0.022294722
      6.217122,    1.937369,   -3.438276,  -0.000047521,   0.021767507,   0.012306790,   0.025005673
      2.605723,    2.028453,   -3.599925,   0.000008103,   0.012783170,   0.007239920,   0.014691016
     -2.602754,    1.445998,   -2.566234,  -0.000015319,   0.007158811,   0.004038882,   0.008219573
      2.801585,    0.100081,   -0.177615,   0.000010784,   0.003004437,   0.001705973,   0.003455012
     -4.807750,    0.779414,   -1.383237,   0.000002756,   0.015303629,   0.008655127,   0.017581590
      6.420000,    1.936640,   -3.436982,  -0.000073255,   0.018884905,   0.010671027,   0.021691377
      6.016536,    1.362104,   -2.417345,  -0.000044106,   0.016849362,   0.009513517,   0.019349675
      5.211379,    1.359098,   -2.412010,  -0.000013307,   0.020131925,   0.011387677,   0.023129500
      3.807617,    0.389104,   -0.690549,   0.000018710,   0.006315798,   0.003577116,   0.007258472
     -1.199845,   -0.191152,    0.339240,  -0.000005175,  -0.000377052,  -0.000203614,   0.000428549
     -1.004741,    0.861132,   -1.528263,  -0.000004778,   0.000787049,   0.000442828,   0.000903086
      4.208836,   -0.094715,    0.168091,   0.000009916,   0.008802406,   0.004985224,   0.010116072
      4.002537,   -1.838893,    3.263510,   0.000002509,   0.018355273,   0.010380688,   0.021087312
      3.807381,    0.292182,   -0.518539,   0.000014914,   0.006580491,   0.003726884,   0.007562589
      2.804781,    2.028368,   -3.599773,   0.000008222,   0.013567279,   0.007683211,   0.015591756
     -2.402656,    1.446183,   -2.566561,  -0.000013453,   0.006658977,   0.003756342,   0.007645408
      2.802187,    0.004143,   -0.007352,   0.000009832,   0.003163299,   0.001796624,   0.003637913
     -4.804635,    0.875553,   -1.553857,   0.000002307,   0.015957056,   0.009025842,   0.018332852
      6.015855,    1.265972,   -2.246739,  -0.000039870,   0.016158736,   0.009124759,   0.018557143
      6.217130,    1.841662,   -3.268423,  -0.000050638,   0.021004505,   0.011871842,   0.024127420
      5.210883,    1.262454,   -2.240495,  -0.000010915,   0.019371164,   0.010958842,   0.022256198
     -1.400097,   -0.191487,    0.339834,  -0.000003400,   0.000646051,   0.000373244,   0.000746126
      3.806419,    0.195003,   -0.346074,   0.000010156,   0.006882479,   0.003896725,   0.007909051
     -0.804403,    0.861298,   -1.528557,  -0.000003999,   0.000403668,   0.000225659,   0.000462478
      4.211037,   -0.191726,    0.340259,   0.000012205,   0.008694140,   0.004924752,   0.009992067
      6.420000,    1.840920,   -3.267107,  -0.000077168,   0.018070656,   0.010201983,   0.020751748
      3.801526,   -1.840810,    3.266912,   0.000000000,   0.017798687,   0.010070013,   0.020449900
      3.004465,    2.028911,   -3.600738,   0.000005538,   0.014782519,   0.008368795,   0.016987043
     -2.202011,    1.446920,   -2.567869,  -0.000011560,   0.006345260,   0.003579233,   0.007285147
      2.803507,   -0.091880,    0.163060,   0.000010501,   0.003088673,   0.001755839,   0.003552883
     -4.803762,    0.971939,   -1.724914,   0.000001872,   0.016390688,   0.009272696,   0.018831822
      6.015576,    1.169725,   -2.075928,  -0.000034705,   0.015731381,   0.008885969,   0.018067596
      5.209292,    1.166035,   -2.069379,  -0.000008421,   0.019101541,   0.010807554,   0.021947031
     -1.600357,   -0.191574,    0.339989,  -0.000002589,   0.001401526,   0.000798838,   0.001613203
      3.804082,    0.098294,   -0.174443,   0.000000000,   0.007000750,   0.003960834,   0.008043550
     -0.604523,    0.862132,   -1.530038,  -0.000002761,   0.000623480,   0.000350860,   0.000715429
      4.210066,   -0.287515,    0.510257,   0.000014739,   0.008577040,   0.004860479,   0.009858504
      3.600344,   -1.843980,    3.272538,   0.000000000,   0.017798687,   0.010070013,   0.020449900
      6.217874,    1.745900,   -3.098474,  -0.000056778,   0.019763867,   0.011164364,   0.022699266
      3.204637,    2.030598,   -3.603731,   0.000001069,   0.016194793,   0.009163824,   0.018607713
     -2.000382,    1.447290,   -2.568526,  -0.000010111,   0.006104768,   0.003443448,   0.007008968
      2.803996,   -0.188493,    0.334521,   0.000012533,   0.002811274,   0.001600799,   0.003235116
     -4.804377,    1.068108,   -1.895587,   0.000000670,   0.016556039,   0.009367165,   0.019022256
      6.420000,    1.745200,   -3.097231,  -0.000083358,   0.016848823,   0.009500622,   0.019342999
      6.014180,    1.073614,   -1.905359,  -0.000029842,   0.015468175,   0.008740712,   0.017766974
      5.205995,    1.069104,   -1.897354,   0.000000000,   0.019021885,   0.010762065,   0.021855300
     -1.800384,   -0.192000,    0.340745,  -0.000003564,   0.001614267,   0.000917947,   0.001857013
      3.801504,    0.001293,   -0.002295,   0.000000000,   0.007000750,   0.003960834,   0.008043550
     -0.404880,    0.863856,   -1.533097,  -0.000002487,   0.001348343,   0.000762879,   0.001549199
      4.209421,   -0.384243,    0.681922,   0.000016704,   0.008555963,   0.004851495,   0.009835740
      3.400811,   -1.839331,    3.264287,   0.000000000,   0.017798687,   0.010070013,   0.020449900
      3.404152,    2.033265,   -3.608464,   0.000000000,   0.017150011,   0.009703009,   0.019704600
     -1.800119,    1.446857,   -2.567757,  -0.000009240,   0.005837489,   0.003292367,   0.006701944
      2.805880,   -0.285107,    0.505983,   0.000014938,   0.002500802,   0.001427438,   0.002879551
     -4.805649,    1.164490,   -2.066637,   0.000000230,   0.016739697,   0.009470524,   0.019233000
      6.013429,    0.978090,   -1.735831,  -0.000027749,   0.015145425,   0.008561712,   0.017397919
      6.218425,    1.650109,   -2.928471,  -0.000062805,   0.018267446,   0.010311155,   0.020976736
      5.200692,    0.973666,   -1.727979,   0.000000000,   0.019021885,   0.010762065,   0.021855300
     -0.204193,    0.866756,   -1.538243,   0.000000000,   0.001846930,   0.001044942,   0.002122040
      4.210485,   -0.480840,    0.853354,   0.000017433,   0.008718363,   0.004946168,   0.010023709
      6.420000,    1.649480,   -2.927355,  -0.000089428,   0.015390120,   0.008665779,   0.017662376
      3.202127,   -1.836277,    3.258867,  -0.000001342,   0.016655780,   0.009412306,   0.019131297
      3.603827,    2.037269,   -3.615571,   0.000000000,   0.017150011,   0.009703009,   0.019704600
     -1.599515,    1.445993,   -2.566223,  -0.000008860,   0.005424639,   0.003058404,   0.006227409
      3.804103,   -0.093975,    0.166779,   0.000000000,   0.007000750,   0.003960834,   0.008043550
      2.805844,   -0.381764,    0.677522,   0.000016725,   0.002326318,   0.001331315,   0.002680380
      2.000676,    0.194664,   -0.345472,   0.000005954,   0.001523610,   0.000863170,   0.001751138
     -4.807068,    1.260941,   -2.237809,   0.000000465,   0.017149608,   0.009700431,   0.019702980
      6.014531,    0.881750,   -1.564853,  -0.000031001,   0.014517565,   0.008209090,   0.016677824
      5.205952,    0.877082,   -1.556571,   0.000000000,   0.019021885,   0.010762065,   0.021855300
     -0.002390,    0.870655,   -1.545163,   0.000000000,   0.001846930,   0.001044942,   0.002122040
      4.208983,   -0.577970,    1.025732,   0.000016954,   0.009068624,   0.005146217,   0.010427069
      3.002284,   -1.834901,    3.256426,   0.000003599,   0.014975555,   0.008464466,   0.017202164
      6.218849,    1.554301,   -2.758440,  -0.000066699,   0.016747507,   0.009446024,   0.019227865
      3.804916,    2.034258,   -3.610226,   0.000000000,   0.017150011,   0.009703009,   0.019704600
     -1.400185,    1.445107,   -2.564651,  -0.000008612,   0.004911683,   0.002767689,   0.005637802
      3.805448,   -0.190036,    0.337260,   0.000009243,   0.006959076,   0.003941203,   0.007997618
      2.806561,   -0.478700,    0.849556,   0.000017313,   0.002427630,   0.001390948,   0.002797932
      2.001113,    0.098382,   -0.174600,   0.000000000,   0.001907959,   0.001079471,   0.002192160
     -4.806448,    1.357489,   -2.409156,   0.000000899,   0.017881149,   0.010111877,   0.020542287
      6.420000,    1.553760,   -2.757480,  -0.000093449,   0.013909766,   0.007822195,   0.015958605
      6.016067,    0.785641,   -1.394288,  -0.000035873,   0.013725630,   0.007762711,   0.015768763
      5.209888,    0.781054,   -1.386148,  -0.000010921,   0.018200913,   0.010298154,   0.020912325
      0.196481,    0.865890,   -1.536707,   0.000000000,   0.001846930,   0.001044942,   0.002122040
      4.207824,   -0.674751,    1.197490,   0.000015285,   0.009580837,   0.005436658,   0.011015894
      2.801446,   -1.833978,    3.254786,   0.000006053,   0.013627785,   0.007703829,   0.015654569
      4.005826,    2.032754,   -3.607558,   0.000007677,   0.017940504,   0.010157674,   0.020616500
     -1.199719,    1.443983,   -2.562657,  -0.000008147,   0.004338155,   0.002442554,   0.004978526
      3.806155,   -0.287368,    0.509997,   0.000013765,   0.006774549,   0.003840298,   0.007787336
      1.999490,    0.001980,   -0.003514,   0.000000000,   0.001907959,   0.001079471,   0.002192160
     -4.808516,    1.454101,   -2.580614,   0.000002381,   0.019069424,   0.010783387,   0.021907176
      6.017103,    0.689072,   -1.222905,  -0.000041444,   0.012851553,   0.007269770,   0.014765287
      6.218768,    1.458350,   -2.588155,  -0.000068331,   0.015369914,   0.008664327,   0.017643965
      5.211888,    0.683993,   -1.213892,  -0.000011505,   0.016945128,   0.009585860,   0.019468595
      2.803806,    0.578649,   -1.026937,   0.000017458,   0.002487622,   0.001408326,   0.002858662
      0.395269,    0.862955,   -1.531499,   0.000002462,   0.001349931,   0.000763818,   0.001551044
      4.205791,   -0.771613,    1.369392,   0.000012856,   0.010128427,   0.005746365,   0.011644995
      6.420000,    1.458040,   -2.587604,  -0.000094957,   0.012575027,   0.007066102,   0.014424636
      2.602165,   -1.833858,    3.254574,   0.000005650,   0.012765872,   0.007217411,   0.014664875
      4.206644,    2.032376,   -3.606887,   0.000008533,   0.019307755,   0.010933782,   0.022188670
     -0.998750,    1.442851,   -2.560648,  -0.000006951,   0.003853254,   0.002167788,   0.004421189
      3.807148,   -0.383300,    0.680248,   0.000017306,   0.006595180,   0.003741943,   0.007582799
      2.001723,   -0.094044,    0.166902,   0.000000000,   0.001907959,   0.001079471,   0.002192160
     -4.806350,    1.550858,   -2.752329,   0.000004247,   0.020551563,   0.011623533,   0.023610872
      6.017414,    0.592609,   -1.051712,  -0.000046188,   0.012099702,   0.006846629,   0.013902562
      5.212747,    0.587480,   -1.042608,  -0.000012423,   0.016030729,   0.009068841,   0.018418152
      2.803507,    0.483152,   -0.857456,   0.000018364,   0.002071788,   0.001175150,   0.002381937
      0.593789,    0.861477,   -1.528876,   0.000002732,   0.000623448,   0.000350854,   0.000715397
      4.204450,   -0.868797,    1.541867,   0.000010702,   0.010582117,   0.006002891,   0.012166183
      2.402124,   -1.834281,    3.255325,   0.000003557,   0.012441563,   0.007034146,   0.014292366
      6.218102,    1.362434,   -2.417932,  -0.000067355,   0.014286148,   0.008052268,   0.016399317
      4.407071,    2.031923,   -3.606083,   0.000006218,   0.020982223,   0.011883208,   0.024113572
     -0.799311,    1.443469,   -2.561744,  -0.000005110,   0.003580516,   0.002013410,   0.004107790
      3.807187,   -0.480701,    0.853107,   0.000018600,   0.006673342,   0.003788523,   0.007673770
      6.420000,    1.362320,   -2.417728,  -0.000095297,   0.011437456,   0.006426014,   0.013119380
      6.017238,    0.495832,   -0.879961,  -0.000047806,   0.011707051,   0.006627396,   0.013452870
      5.213753,    0.490752,   -0.870945,  -0.000012585,   0.015538851,   0.008792298,   0.017853866
     -1.803237,    0.192348,   -0.341363,  -0.000003421,   0.001543854,   0.000872603,   0.001773396
      4.807236,   -1.547578,    2.746509,  -0.000006328,   0.021109675,   0.011944095,   0.024254480
      0.793919,    0.860888,   -1.527831,   0.000003966,   0.000388511,   0.000217042,   0.000445043
      4.203314,   -0.965835,    1.714081,   0.000009436,   0.010938519,   0.006204821,   0.012575813
      2.201374,   -1.835935,    3.258260,   0.000001552,   0.012645281,   0.007148157,   0.014525814
      4.607274,    2.031768,   -3.605807,   0.000001303,   0.022931315,   0.012986892,   0.026353455
     -0.599397,    1.444033,   -2.562747,  -0.000003152,   0.003518910,   0.001978825,   0.004037138
      3.805933,   -0.577850,    1.025519,   0.000017256,   0.007101799,   0.004031270,   0.008166210
     -2.606446,    0.578120,   -1.025997,  -0.000016590,   0.001884112,   0.001066010,   0.002164840
      6.218251,    1.266590,   -2.247835,  -0.000065508,   0.013456149,   0.007585973,   0.015447305
     -1.603878,    0.192945,   -0.342422,  -0.000002087,   0.001323434,   0.000747532,   0.001519963
      0.992932,    0.861082,   -1.528175,   0.000004803,   0.000750421,   0.000422020,   0.000860962
     -5.814243,    2.128749,   -3.777920,   0.000011749,   0.027025916,   0.015285735,   0.031049219
      4.203785,   -1.062828,    1.886216,   0.000009742,   0.011323473,   0.006422734,   0.013018166
      4.608142,   -1.546744,    2.745029,   0.000000400,   0.019424303,   0.010993463,   0.022319494
      6.420000,    1.266600,   -2.247853,  -0.000095482,   0.010509093,   0.005907117,   0.012055878
      2.000178,   -1.838683,    3.263137,   0.000000000,   0.012831480,   0.007259702,   0.014742800
      4.807056,    2.032486,   -3.607082,  -0.000004774,   0.025035741,   0.014176579,   0.028770883
     -5.006170,    1.744902,   -3.096703,   0.000013483,   0.025847770,   0.014629718,   0.029700776
     -0.398928,    1.445075,   -2.564595,  -0.000001622,   0.003620591,   0.002036887,   0.004154225
      3.804332,   -0.675167,    1.198229,   0.000013529,   0.007832456,   0.004442119,   0.009004442
     -2.406560,    0.577536,   -1.024961,  -0.000014792,   0.001437193,   0.000813146,   0.001651347
     -1.404696,    0.192687,   -0.341964,  -0.000002930,   0.000554071,   0.000314571,   0.000637148
      4.204628,   -1.159753,    2.058230,   0.000011128,   0.011879992,   0.006738476,   0.013658016
      1.192842,    0.861923,   -1.529667,   0.000003376,   0.001687026,   0.000953282,   0.001937734
      4.407330,   -1.546205,    2.744073,   0.000006048,   0.017739120,   0.010043073,   0.020384792
      1.799127,   -1.842877,    3.270580,   0.000000000,   0.012831480,   0.007259702,   0.014742800
     -5.612471,    2.129881,   -3.779930,   0.000006904,   0.028213674,   0.015959706,   0.032414868
      6.217403,    1.170176,   -2.076728,  -0.000063459,   0.012852960,   0.007249214,   0.014756480
      5.006837,    2.033861,   -3.609522,  -0.000009705,   0.027136466,   0.015360524,   0.031182263
     -4.806245,    1.744311,   -3.095653,   0.000008012,   0.023789281,   0.013463529,   0.027334896
     -0.197398,    1.446168,   -2.566534,  -0.000000617,   0.003753267,   0.002112385,   0.004306877
      3.801917,   -0.772915,    1.371704,   0.000009245,   0.008574717,   0.004857880,   0.009855194
     -2.206880,    0.577179,   -1.024327,  -0.000012715,   0.001200471,   0.000679241,   0.001379369
      6.420000,    1.170880,   -2.077977,  -0.000096777,   0.009729222,   0.005473056,   0.011163398
     -1.207272,    0.192233,   -0.341158,  -0.000005016,  -0.000490574,  -0.000273216,   0.000561547
      1.396630,    0.864618,   -1.534449,  -0.000000692,   0.003084254,   0.001746383,   0.003544359
      4.206336,   -1.545921,    2.743568,   0.000009175,   0.016285534,   0.009222859,   0.018715764
      1.599215,   -1.838362,    3.262567,   0.000000000,   0.012831480,   0.007259702,   0.014742800
     -5.411328,    2.131170,   -3.782218,   0.000007596,   0.028401903,   0.016068937,   0.032632483
      5.206098,    2.035854,   -3.613058,   0.000000000,   0.028244522,   0.015979982,   0.032451700
     -4.606171,    1.743781,   -3.094713,   0.000001588,   0.021729691,   0.012296896,   0.024967842
      0.002764,    1.446499,   -2.567122,   0.000000047,   0.003826341,   0.002154000,   0.004390968
      3.799951,   -0.870905,    1.545607,   0.000000000,   0.009030637,   0.005109288,   0.010375800
     -2.005534,    0.576807,   -1.023667,  -0.000010852,   0.001041573,   0.000589466,   0.001196855
      4.207185,    1.260013,   -2.236163,   0.000016222,   0.012017216,   0.006792394,   0.013803998
      6.217114,    1.075057,   -1.907919,  -0.000062882,   0.012338990,   0.006962979,   0.014168193
     -1.006001,    0.192505,   -0.341641,  -0.000005656,  -0.001291832,  -0.000724580,   0.001481175
      1.599082,    0.868153,   -1.540723,   0.000000000,   0.003969466,   0.002245816,   0.004560740
      4.005785,   -1.546804,    2.745135,   0.000009993,   0.015158256,   0.008586190,   0.017421122
      6.420000,    1.075160,   -1.908101,  -0.000099477,   0.009035823,   0.005087137,   0.010369906
      1.400158,   -1.835410,    3.257328,  -0.000000652,   0.011975439,   0.006765114,   0.013754195
     -5.210788,    2.129454,   -3.779172,   0.000011199,   0.028021730,   0.015857518,   0.032197490
      5.405875,    2.038717,   -3.618140,   0.000000000,   0.028244522,   0.015979982,   0.032451700
     -4.405555,    1.742763,   -3.092906,  -0.000003278,   0.019870959,   0.011244146,   0.022831685
      0.203287,    1.445845,   -2.565961,   0.000000721,   0.003757021,   0.002114463,   0.004311167
      3.798737,   -0.968763,    1.719277,   0.000000000,   0.009030637,   0.005109288,   0.010375800
     -1.804588,    0.576537,   -1.023189,  -0.000009408,   0.000795633,   0.000450418,   0.000914328
      4.206243,    1.164127,   -2.065993,   0.000014363,   0.011334236,   0.006407716,   0.013020135
     -0.806314,    0.192308,   -0.341292,  -0.000004583,  -0.001626124,  -0.000913389,   0.001865095
      1.799320,    0.873460,   -1.550141,   0.000000000,   0.003969466,   0.002245816,   0.004560740
      3.804536,   -1.546940,    2.745377,   0.000009715,   0.014302758,   0.008102454,   0.016438332
      1.200009,   -1.834168,    3.255124,   0.000002491,   0.010651242,   0.006018818,   0.012234179
     -5.008573,    2.128845,   -3.778091,   0.000009236,   0.026742578,   0.015140428,   0.030731061
      6.216949,    0.978359,   -1.736307,  -0.000064435,   0.011785340,   0.006653852,   0.013534110
      5.608250,    2.036499,   -3.614204,   0.000000000,   0.028244522,   0.015979982,   0.032451700
     -4.204675,    1.743229,   -3.093733,  -0.000005646,   0.018354620,   0.010385238,   0.021088985
      0.402661,    1.444938,   -2.564352,   0.000001729,   0.003640232,   0.002047930,   0.004176758
     -1.607112,    0.575877,   -1.022017,  -0.000008543,   0.000407259,   0.000230835,   0.000468206
      4.205421,    1.068814,   -1.896840,   0.000011722,   0.010908746,   0.006167943,   0.012531736
      6.420000,    0.979440,   -1.738225,  -0.000102905,   0.008381133,   0.004721609,   0.009620165
      3.802496,    1.069012,   -1.897191,   0.000000000,   0.008787285,   0.004971607,   0.010096200
     -0.606882,    0.192295,   -0.341268,  -0.000003146,  -0.001474106,  -0.000828628,   0.001691042
      1.999600,    0.870694,   -1.545233,   0.000000000,   0.003969466,   0.002245816,   0.004560740
      3.603694,   -1.546742,    2.745025,   0.000009505,   0.013603485,   0.007706548,   0.015634761
      0.998993,   -1.833410,    3.253779,   0.000003185,   0.009724064,   0.005495956,   0.011169734
     -4.809536,    2.127528,   -3.775753,   0.000001713,   0.024774351,   0.014032176,   0.028472274
     -4.004018,    1.742882,   -3.093118,  -0.000005127,   0.017306335,   0.009791658,   0.019884310
      0.603207,    1.443860,   -2.562438,   0.000003258,   0.003553240,   0.001998160,   0.004076539
     -1.406715,    0.575264,   -1.020928,  -0.000008321,  -0.000186476,  -0.000105067,   0.000214200
      4.204905,    0.972159,   -1.725304,   0.000009996,   0.010612495,   0.006000209,   0.012191294
      6.217354,    0.882774,   -1.566671,  -0.000066958,   0.011175659,   0.006312384,   0.012835344
     -5.602684,   -1.940127,    3.443171,   0.000000000,   0.028607982,   0.016185618,   0.032869300
      3.800106,    0.971468,   -1.724078,   0.000000000,   0.008787285,   0.004971607,   0.010096200
     -0.405390,    0.192197,   -0.341094,  -0.000002328,  -0.000951230,  -0.000535524,   0.001091618
      2.201372,    0.868988,   -1.542205,   0.000005105,   0.003787326,   0.002141698,   0.004350947
      3.403800,   -1.545546,    2.742903,   0.000009844,   0.012900293,   0.007308237,   0.014826597
      6.420000,    0.883720,   -1.568350,  -0.000106209,   0.007730188,   0.004357028,   0.008874164
      0.799789,   -1.833434,    3.253821,   0.000001875,   0.009351128,   0.005285605,   0.010741565
     -4.607911,    2.127921,   -3.776452,  -0.000006130,   0.022738335,   0.012881899,   0.026133795
     -3.803274,    1.743631,   -3.094447,  -0.000003461,   0.016746997,   0.009476041,   0.019242070
      0.804307,    1.442827,   -2.560605,   0.000005199,   0.003627890,   0.002040113,   0.004162171
     -1.207929,    0.575078,   -1.020598,  -0.000008173,  -0.000831768,  -0.000470060,   0.000955438
      4.205488,    0.875545,   -1.553843,   0.000010304,   0.010303852,   0.005825517,   0.011836643
     -5.607736,   -1.842651,    3.270179,   0.000000000,   0.028607982,   0.016185618,   0.032869300
      3.802228,    0.874533,   -1.552045,   0.000000000,   0.008787285,   0.004971607,   0.010096200
     -0.204137,    0.191949,   -0.340655,  -0.000001647,  -0.000503049,  -0.000284593,   0.000577974
      2.401250,    0.867221,   -1.539069,   0.000008197,   0.003549129,   0.002005542,   0.004076590
      3.202703,   -1.544138,    2.740404,   0.000010865,   0.012031242,   0.006817184,   0.013828410
      0.599812,   -1.833977,    3.254784,   0.000000425,   0.009562357,   0.005404475,   0.010983944
     -4.407444,    2.127495,   -3.775695,  -0.000011797,   0.020878577,   0.011828758,   0.023996555
      6.218001,    0.787141,   -1.396951,  -0.000070282,   0.010479207,   0.005921550,   0.012036755
     -3.602159,    1.744309,   -3.095650,  -0.000000925,   0.016585108,   0.009386938,   0.019057293
      1.003781,    1.443473,   -2.561752,   0.000006950,   0.003935993,   0.002214528,   0.004516217
     -1.008167,    0.575021,   -1.020498,  -0.000007437,  -0.001377709,  -0.000778796,   0.001582612
      4.206652,    0.778432,   -1.381494,   0.000012313,   0.009871955,   0.005581782,   0.011340720
      6.420000,    0.788000,   -1.398474,  -0.000108079,   0.007111737,   0.004010928,   0.008165539
     -5.611292,   -1.745331,    3.097464,   0.000009037,   0.027376187,   0.015477826,   0.031448669
      3.803501,    0.778043,   -1.380803,   0.000008798,   0.008370578,   0.004735532,   0.009617271
     -0.002914,    0.192284,   -0.341249,  -0.000000023,  -0.000382784,  -0.000217376,   0.000440199
      2.601829,    0.867542,   -1.539640,   0.000010502,   0.003827299,   0.002162507,   0.004395994
      3.002730,   -1.542940,    2.738277,   0.000011740,   0.011067798,   0.006273351,   0.012722076
      0.399441,   -1.835730,    3.257895,   0.000000506,   0.010275238,   0.005805651,   0.011801954
     -4.207302,    2.127963,   -3.776526,  -0.000014658,   0.019277310,   0.010920586,   0.022155678
     -3.402918,    1.741956,   -3.091473,   0.000000677,   0.016191367,   0.009166708,   0.018606152
      1.203717,    1.444088,   -2.562843,   0.000008016,   0.004427499,   0.002493043,   0.005081149
     -0.809888,    0.575207,   -1.020828,  -0.000005938,  -0.001678975,  -0.000949185,   0.001928716
      4.206554,    0.681500,   -1.209467,   0.000015146,   0.009312530,   0.005266622,   0.010698633
      6.218636,    0.691158,   -1.226608,  -0.000072950,   0.009797928,   0.005539736,   0.011255816
     -5.613755,   -1.647216,    2.923337,   0.000019244,   0.025371080,   0.014350801,   0.029148542
      3.804227,    0.680718,   -1.208080,   0.000013543,   0.007616513,   0.004309244,   0.008751059
      0.197592,    0.192813,   -0.342188,   0.000001597,  -0.000500747,  -0.000283334,   0.000575351
      2.801926,    0.868417,   -1.541192,   0.000010541,   0.004650155,   0.002628595,   0.005341681
      6.420000,    0.692280,   -1.228598,  -0.000108716,   0.006549268,   0.003697910,   0.007521919
      2.803634,   -1.541803,    2.736260,   0.000011811,   0.010124946,   0.005741432,   0.011639532
      0.198708,   -1.838546,    3.262894,   0.000000000,   0.010779094,   0.006098518,   0.012384700
     -4.006964,    2.128643,   -3.777733,  -0.000014242,   0.018063586,   0.010230433,   0.020759458
     -3.201752,    1.739756,   -3.087569,  -0.000002076,   0.015005135,   0.008494278,   0.017242587
      1.404256,    1.445205,   -2.564826,   0.000008345,   0.005009440,   0.002822959,   0.005750100
     -0.610919,    0.573895,   -1.018499,  -0.000004169,  -0.001717024,  -0.000970727,   0.001972435
      4.207448,    0.584626,   -1.037544,   0.000017543,   0.008791053,   0.004973734,   0.010100543
     -5.614359,   -1.550250,    2.751251,   0.000023766,   0.023672804,   0.013395622,   0.027200091
      3.806135,    0.583118,   -1.034869,   0.000017874,   0.006843164,   0.003872436,   0.007862886
      0.398449,    0.192551,   -0.341722,   0.000002288,  -0.000935942,  -0.000526966,   0.001074097
      3.001734,    0.869511,   -1.543134,   0.000006998,   0.005978171,   0.003381514,   0.006868276
      2.602620,   -1.541227,    2.735237,   0.000010548,   0.009361489,   0.005310425,   0.010762816
     -0.001863,   -1.842829,    3.270495,   0.000000000,   0.010779094,   0.006098518,   0.012384700
     -3.806510,    2.129657,   -3.779532,  -0.000011908,   0.017350249,   0.009821913,   0.019937434
      6.218762,    0.594511,   -1.055086,  -0.000074630,   0.009240027,   0.005228635,   0.010617076
     -3.002040,    1.738503,   -3.085345,  -0.000006358,   0.013470340,   0.007623736,   0.015478096
      1.605916,    1.446107,   -2.566427,   0.000008462,   0.005526453,   0.003115981,   0.006344375
     -0.411206,    0.575504,   -1.021355,  -0.000002603,  -0.001547137,  -0.000874685,   0.001777277
      4.207906,    0.487274,   -0.864773,   0.000018643,   0.008445700,   0.004780989,   0.009705053
      6.420000,    0.596560,   -1.058723,  -0.000108832,   0.006087445,   0.003443764,   0.006994879
     -5.614018,   -1.453551,    2.579637,   0.000024775,   0.022221615,   0.012578806,   0.025534822
      3.807946,    0.486293,   -0.863031,   0.000019781,   0.006381644,   0.003612954,   0.007333431
      0.599596,    0.192269,   -0.341223,   0.000003085,  -0.001461589,  -0.000821621,   0.001676697
      3.201180,    0.871560,   -1.546770,   0.000000500,   0.007660077,   0.004335665,   0.008801975
      2.401999,   -1.542373,    2.737272,   0.000008448,   0.008889673,   0.005043343,   0.010220649
     -0.202159,   -1.838366,    3.262574,   0.000000000,   0.010779094,   0.006098518,   0.012384700
     -3.606161,    2.130698,   -3.781380,  -0.000007374,   0.017119931,   0.009687329,   0.019670700
     -2.803065,    1.737347,   -3.083295,  -0.000008556,   0.012211196,   0.006909878,   0.014030673
      1.806142,    1.446347,   -2.566853,   0.000008731,   0.005914209,   0.003335723,   0.006790065
     -0.209593,    0.575131,   -1.020693,  -0.000001308,  -0.001350742,  -0.000763533,   0.001551608
      6.218546,    0.498099,   -0.883983,  -0.000075794,   0.008880180,   0.005030146,   0.010206161
     -5.614072,   -1.356448,    2.407308,   0.000022798,   0.021098839,   0.011945421,   0.024245713
      0.799357,    0.192872,   -0.342293,   0.000004510,  -0.001630577,  -0.000915929,   0.001870221
     -4.004861,    1.259880,   -2.235926,  -0.000017177,   0.011120171,   0.006284785,   0.012773293
      6.420000,    0.500839,   -0.888847,  -0.000109113,   0.005772401,   0.003274042,   0.006637158
      2.201995,   -1.543131,    2.738616,   0.000006496,   0.008657637,   0.004910971,   0.009953510
     -0.401639,   -1.835420,    3.257345,  -0.000000514,   0.010264320,   0.005799423,   0.011789384
     -3.406143,    2.128855,   -3.778110,  -0.000004827,   0.016781767,   0.009494793,   0.019281566
     -2.601765,    1.736925,   -3.082545,  -0.000008149,   0.011368532,   0.006432582,   0.013062224
      2.006703,    1.445730,   -2.565757,   0.000009508,   0.006138068,   0.003462181,   0.007047175
     -3.600166,    1.067778,   -1.895001,   0.000000000,   0.009077462,   0.005135781,   0.010429600
     -0.009469,    0.575609,   -1.021541,  -0.000000058,  -0.001274526,  -0.000720452,   0.001464059
     -3.203483,   -0.769269,    1.365233,  -0.000004745,   0.007017322,   0.003975413,   0.008065156
     -5.612801,   -1.259777,    2.235744,   0.000018286,   0.020264415,   0.011473478,   0.023287068
      0.999877,    0.192954,   -0.342438,   0.000005611,  -0.001308384,  -0.000733916,   0.001500178
     -3.803474,    1.259293,   -2.234885,  -0.000016127,   0.010276940,   0.005807776,   0.011804492
      2.001104,   -1.544053,    2.740252,   0.000005421,   0.008544898,   0.004845624,   0.009823207
     -0.602120,   -1.834170,    3.255127,  -0.000000295,   0.009523539,   0.005382577,   0.010939375
     -3.204468,    2.126967,   -3.774758,  -0.000006484,   0.015714440,   0.008894794,   0.018057160
     -2.401206,    1.737113,   -3.082879,  -0.000006109,   0.011022305,   0.006237040,   0.012664593
      2.206177,    1.444891,   -2.564269,   0.000010861,   0.006329950,   0.003570417,   0.007267480
     -3.398709,    1.064865,   -1.889831,   0.000000000,   0.009077462,   0.005135781,   0.010429600
      0.189262,    0.575521,   -1.021385,   0.000001180,  -0.001336064,  -0.000755238,   0.001534749
     -3.204454,   -0.671753,    1.192169,  -0.000010898,   0.005719248,   0.003247026,   0.006576709
     -6.017483,    2.223658,   -3.946357,   0.000036398,   0.024393346,   0.013797063,   0.028024910
     -5.611166,   -1.163429,    2.064755,   0.000011425,   0.019757148,   0.011184160,   0.022703094
      1.200101,    0.193264,   -0.342988,   0.000005030,  -0.000524182,  -0.000292136,   0.000600113
     -3.603426,    1.258809,   -2.234026,  -0.000014846,   0.009653014,   0.005454450,   0.011087467
     -6.018750,    2.319520,   -4.116485,   0.000045997,   0.023945162,   0.013544664,   0.027510558
      1.800518,   -1.544396,    2.740861,   0.000005313,   0.008357045,   0.004738379,   0.009606897
     -0.803266,   -1.833415,    3.253787,  -0.000001680,   0.009274926,   0.005242688,   0.010654108
     -3.005415,    2.125951,   -3.772955,  -0.000010517,   0.014308039,   0.008104041,   0.016443709
     -2.201441,    1.737897,   -3.084270,  -0.000003846,   0.011147669,   0.006309211,   0.012809243
      2.406795,    1.443852,   -2.562425,   0.000012723,   0.006589714,   0.003716959,   0.007565731
     -3.197724,    1.062983,   -1.886491,  -0.000003275,   0.008199366,   0.004634868,   0.009418684
      0.387512,    0.575229,   -1.020866,   0.000002439,  -0.001532551,  -0.000866443,   0.001760523
     -3.204541,   -0.574327,    1.019266,  -0.000015573,   0.004680538,   0.002663133,   0.005385161
     -5.607873,   -1.067168,    1.893918,   0.000000000,   0.019454626,   0.011006898,   0.022352500
      1.400631,    0.193627,   -0.343632,   0.000002910,   0.000536334,   0.000304603,   0.000616803
     -3.402757,    1.256573,   -2.230058,  -0.000013773,   0.008987971,   0.005077403,   0.010322976
      1.600628,   -1.543539,    2.739341,   0.000005766,   0.008009138,   0.004541190,   0.009206993
     -1.002457,   -1.833429,    3.253812,  -0.000003025,   0.009614543,   0.005434310,   0.011044056
     -2.805430,    2.125776,   -3.772645,  -0.000012656,   0.013118832,   0.007433739,   0.015078607
     -5.816266,    2.224200,   -3.947319,   0.000021228,   0.026427276,   0.014948308,   0.030362037
     -2.001029,    1.739982,   -3.087971,  -0.000002461,   0.011381373,   0.006442868,   0.013078464
      2.608513,    1.444390,   -2.563380,   0.000014666,   0.007049117,   0.003976614,   0.008093437
     -3.000547,    1.061269,   -1.883449,  -0.000008078,   0.006849689,   0.003870663,   0.007867677
      0.589172,    0.574646,   -1.019832,   0.000003983,  -0.001709187,  -0.000966327,   0.001963446
     -3.205910,   -0.477200,    0.846894,  -0.000017473,   0.004123727,   0.002348305,   0.004745520
     -5.818125,    2.319520,   -4.116485,   0.000029637,   0.025961752,   0.014685844,   0.029827629
     -5.602862,   -0.970823,    1.722933,   0.000000000,   0.019454626,   0.011006898,   0.022352500
      1.600609,    0.193655,   -0.343682,   0.000002011,   0.001317403,   0.000744152,   0.001513049
     -3.203443,    1.255990,   -2.229022,  -0.000013981,   0.008173603,   0.004615901,   0.009386934
      1.399411,   -1.542367,    2.737260,   0.000006432,   0.007431062,   0.004215364,   0.008543419
     -1.202279,   -1.833963,    3.254760,  -0.000002451,   0.010503736,   0.005935757,   0.012064895
     -2.604382,    2.125677,   -3.772469,  -0.000012443,   0.012276349,   0.006957558,   0.014110865
     -1.799954,    1.741890,   -3.091357,  -0.000000975,   0.011459208,   0.006488052,   0.013168458
      2.808073,    1.445346,   -2.565076,   0.000016019,   0.007718376,   0.004355263,   0.008862387
     -2.800324,    1.061287,   -1.883480,  -0.000011210,   0.005593865,   0.003159226,   0.006424342
      0.794297,    0.574164,   -1.018976,   0.000005808,  -0.001703440,  -0.000963022,   0.001956822
     -3.204340,   -0.379750,    0.673949,  -0.000016554,   0.004044638,   0.002301492,   0.004653627
     -5.615241,    2.224927,   -3.948610,   0.000014611,   0.027627895,   0.015629635,   0.031742500
     -5.608461,   -0.873592,    1.550376,   0.000000000,   0.019454626,   0.011006898,   0.022352500
      1.800815,    0.194241,   -0.344723,   0.000003375,   0.001535083,   0.000867687,   0.001763341
     -3.001865,    1.253614,   -2.224806,  -0.000015049,   0.007154452,   0.004038552,   0.008215613
     -5.617500,    2.319520,   -4.116485,   0.000021262,   0.027130038,   0.015349174,   0.031171085
      1.199303,   -1.541343,    2.735444,   0.000006504,   0.006775333,   0.003846148,   0.007790894
     -1.402335,   -1.835712,    3.257864,   0.000000552,   0.011802046,   0.006667438,   0.013555184
     -2.404056,    2.126118,   -3.773252,  -0.000010590,   0.011843030,   0.006711174,   0.013612397
     -1.600405,    1.739941,   -3.087898,   0.000000006,   0.011173189,   0.006327582,   0.012840500
      3.007478,    1.446467,   -2.567066,   0.000016544,   0.008544148,   0.004822674,   0.009811265
     -2.601084,    1.059922,   -1.881058,  -0.000011104,   0.004720209,   0.002664731,   0.005420451
      0.997932,    0.575332,   -1.021050,   0.000007370,  -0.001402793,  -0.000793009,   0.001611442
     -3.205292,   -0.282663,    0.501646,  -0.000012705,   0.004472569,   0.002540791,   0.005143895
     -5.612387,   -0.776541,    1.378138,   0.000005385,   0.018528369,   0.010483310,   0.021288501
     -2.800595,    1.253271,   -2.224198,  -0.000015643,   0.006174623,   0.003483653,   0.007089574
      1.000080,   -1.540415,    2.733796,   0.000005493,   0.006206181,   0.003525681,   0.007137726
     -1.602642,   -1.838526,    3.262857,   0.000000000,   0.012651577,   0.007157918,   0.014536100
     -2.203773,    2.127034,   -3.774876,  -0.000008161,   0.011805505,   0.006686739,   0.013567700
     -5.414356,    2.224572,   -3.947979,   0.000013330,   0.027894880,   0.015784550,   0.032051155
     -1.399136,    1.737984,   -3.084424,  -0.000001472,   0.010262840,   0.005811241,   0.011793914
      3.207713,    1.447921,   -2.569645,   0.000016433,   0.009449505,   0.005335386,   0.010851717
     -2.401624,    1.061014,   -1.882996,  -0.000008761,   0.004260188,   0.002405292,   0.004892311
      1.198162,    0.575149,   -1.020725,   0.000008140,  -0.000865576,  -0.000489196,   0.000994284
     -1.799835,   -0.096043,    0.170448,   0.000000000,   0.001910013,   0.001080633,   0.002194520
     -3.204455,   -0.185461,    0.329141,  -0.000006880,   0.005197555,   0.002948360,   0.005975572
     -5.416875,    2.319520,   -4.116485,   0.000016852,   0.027280610,   0.015439133,   0.031346432
     -5.614784,   -0.678311,    1.203807,   0.000013909,   0.017180692,   0.009727874,   0.019743553
     -2.601212,    1.253221,   -2.224109,  -0.000014794,   0.005417033,   0.003055060,   0.006219153
      0.799034,   -1.540085,    2.733211,   0.000003462,   0.005871590,   0.003336966,   0.006753586
     -1.802777,   -1.842837,    3.270509,   0.000000000,   0.012651577,   0.007157918,   0.014536100
     -2.003396,    2.128719,   -3.777868,  -0.000006129,   0.011880483,   0.006725390,   0.013651989
     -1.199328,    1.736951,   -3.082591,  -0.000003649,   0.009098851,   0.005150397,   0.010455415
      3.408191,    1.449960,   -2.573264,   0.000016349,   0.010326037,   0.005831818,   0.011859065
     -2.201621,    1.061770,   -1.884339,  -0.000005249,   0.004076347,   0.002302856,   0.004681856
      1.399170,    0.577436,   -1.024784,   0.000008265,  -0.000198309,  -0.000111775,   0.000227790
     -1.797600,    0.000000,    0.000000,   0.000000000,   0.001910013,   0.001080633,   0.002194520
     -3.198074,   -0.091938,    0.163164,  -0.000001994,   0.005703314,   0.003232145,   0.006555498
     -5.213834,    2.225194,   -3.949083,   0.000011256,   0.027197047,   0.015395802,   0.031252363
     -5.615561,   -0.581501,    1.031999,   0.000018397,   0.016231420,   0.009194520,   0.018654719
     -2.401504,    1.252767,   -2.223303,  -0.000012868,   0.004902659,   0.002764827,   0.005628544
     -5.216250,    2.319520,   -4.116485,   0.000011055,   0.026526240,   0.015019133,   0.030483042
      0.598454,   -1.541506,    2.735732,   0.000001355,   0.005840416,   0.003318632,   0.006717423
     -2.003472,   -1.838405,    3.262643,   0.000000000,   0.012651577,   0.007157918,   0.014536100
     -1.802986,    2.130239,   -3.780565,  -0.000003585,   0.011883649,   0.006724800,   0.013654452
     -1.000316,    1.736047,   -3.080987,  -0.000003956,   0.008277696,   0.004684407,   0.009511254
      3.608122,    1.451286,   -2.575618,   0.000016482,   0.011161206,   0.006304979,   0.012818953
     -2.000165,    1.063160,   -1.886804,   0.000000000,   0.003954113,   0.002237129,   0.004543100
      1.599998,    0.577764,   -1.025365,   0.000008463,   0.000396954,   0.000225050,   0.000456389
     -1.800955,    0.096405,   -0.171091,   0.000000000,   0.001910013,   0.001080633,   0.002194520
     -3.196227,    0.002548,   -0.004522,   0.000000061,   0.005877804,   0.003327383,   0.006754262
     -5.615049,   -0.484591,    0.860011,   0.000019767,   0.015720954,   0.008906322,   0.018068519
     -2.201389,    1.253893,   -2.225302,  -0.000010879,   0.004591628,   0.002589920,   0.005271703
      0.398522,   -1.542491,    2.737481,   0.000000057,   0.006001279,   0.003408164,   0.006901516
     -2.203383,   -1.835453,    3.257404,  -0.000001655,   0.012481050,   0.007055557,   0.014337277
     -1.602616,    2.128454,   -3.777397,  -0.000001790,   0.011671530,   0.006604721,   0.013410703
     -5.013439,    2.223825,   -3.946654,   0.000005897,   0.025868392,   0.014650477,   0.029728946
     -0.799177,    1.735884,   -3.080698,  -0.000002568,   0.007945759,   0.004496345,   0.009129743
      3.807957,    1.451708,   -2.576366,   0.000016814,   0.011991400,   0.006775161,   0.013773045
     -1.800424,    1.065132,   -1.890305,   0.000000000,   0.003954113,   0.002237129,   0.004543100
      1.801304,    0.579213,   -1.027937,   0.000009293,   0.000800635,   0.000453368,   0.000920133
     -3.200075,    0.098443,   -0.174708,  -0.000001457,   0.005731785,   0.003242322,   0.006585288
     -5.015625,    2.319520,   -4.116485,   0.000000886,   0.025077341,   0.014206801,   0.028821975
     -5.614960,   -0.387587,    0.687857,   0.000018072,   0.015739313,   0.008915194,   0.018088863
      1.801746,   -0.095252,    0.169045,   0.000000000,   0.001907959,   0.001079471,   0.002192160
     -2.000127,    1.254286,   -2.225998,  -0.000009088,   0.004406316,   0.002485968,   0.005059223
      0.197677,   -1.543584,    2.739420,  -0.000000215,   0.006209502,   0.003524409,   0.007139984
     -2.404202,   -1.834188,    3.255159,  -0.000003717,   0.012299932,   0.006954314,   0.014129785
     -1.400881,    2.126642,   -3.774182,  -0.000002434,   0.010897739,   0.006170868,   0.012523591
     -0.598690,    1.736315,   -3.081462,  -0.000001058,   0.008142512,   0.004608524,   0.009356228
      4.008072,    1.452192,   -2.577226,   0.000016664,   0.012959904,   0.007323568,   0.014886034
     -1.600217,    1.060275,   -1.881684,   0.000000000,   0.003954113,   0.002237129,   0.004543100
      2.001846,    0.579392,   -1.028255,   0.000010701,   0.001039110,   0.000588311,   0.001194141
     -3.202021,    0.194833,   -0.345774,  -0.000006560,   0.005116507,   0.002895108,   0.005878804
     -4.811383,    2.223325,   -3.945766,  -0.000003198,   0.024080033,   0.013643616,   0.027676638
     -5.613893,   -0.290389,    0.515358,   0.000013561,   0.016177399,   0.009161033,   0.018591206
      1.601239,   -0.095402,    0.169311,   0.000000000,   0.001907959,   0.001079471,   0.002192160
     -1.800272,    1.254079,   -2.225632,  -0.000007963,   0.004234998,   0.002389221,   0.004862473
     -4.815000,    2.319520,   -4.116485,  -0.000011761,   0.023268356,   0.013188954,   0.026746309
     -0.002745,   -1.544054,    2.740254,   0.000000096,   0.006278071,   0.003562824,   0.007218580
     -2.605497,   -1.833434,    3.253821,  -0.000005817,   0.012640375,   0.007146721,   0.014520838
     -1.201550,    2.125704,   -3.772516,  -0.000004521,   0.009866035,   0.005592127,   0.011340660
     -0.399036,    1.737330,   -3.083265,  -0.000000641,   0.008777999,   0.004969919,   0.010087287
      4.208349,    1.452229,   -2.577291,   0.000015131,   0.014140353,   0.007991864,   0.016242528
     -1.400636,    1.056975,   -1.875828,  -0.000001367,   0.003365402,   0.001900024,   0.003864715
      2.202193,    0.579249,   -1.028001,   0.000012531,   0.001179498,   0.000667769,   0.001355466
     -3.203928,    0.290969,   -0.516386,  -0.000012770,   0.004305608,   0.002438466,   0.004948185
     -5.612066,   -0.193317,    0.343082,   0.000005788,   0.016978992,   0.009612274,   0.019511075
      1.403681,   -0.094789,    0.168223,   0.000000401,   0.001185563,   0.000676063,   0.001364779
     -1.600112,    1.252596,   -2.222999,  -0.000007292,   0.003884317,   0.002190182,   0.004459246
     -0.202536,   -1.543419,    2.739127,   0.000000414,   0.006195051,   0.003516254,   0.007123391
     -2.804681,   -1.833436,    3.253824,  -0.000006178,   0.013513555,   0.007639532,   0.015523488
     -1.001659,    2.125585,   -3.772305,  -0.000005071,   0.009116617,   0.005170577,   0.010480821
     -4.611505,    2.223915,   -3.946814,  -0.000013020,   0.022118769,   0.012536079,   0.025424268
     -0.198699,    1.739607,   -3.087305,  -0.000000759,   0.009356291,   0.005298468,   0.010752393
      4.408711,    1.452452,   -2.577688,   0.000011333,   0.015567144,   0.008799709,   0.017882141
     -1.202884,    1.055321,   -1.872892,  -0.000003835,   0.002377102,   0.001340005,   0.002728781
      2.402541,    0.579399,   -1.028268,   0.000014600,   0.001394954,   0.000789820,   0.001603099
     -3.205565,    0.387309,   -0.687362,  -0.000017186,   0.003818569,   0.002163294,   0.004388805
     -4.614375,    2.319520,   -4.116485,  -0.000023155,   0.021394064,   0.012130700,   0.024593910
     -5.608521,   -0.096429,    0.171133,   0.000000000,   0.017485968,   0.009893085,   0.020090600
      1.203748,   -0.094584,    0.167860,   0.000003511,   0.000006999,   0.000011304,   0.000013751
     -1.401208,    1.250697,   -2.219630,  -0.000007129,   0.003368624,   0.001897419,   0.003866249
     -0.403722,   -1.542461,    2.737427,   0.000000170,   0.005974219,   0.003392893,   0.006870445
     -3.004350,   -1.833960,    3.254755,  -0.000003720,   0.014856227,   0.008397295,   0.017065230
     -0.800726,    2.125537,   -3.772221,  -0.000004144,   0.008787167,   0.004984339,   0.010102374
      0.002209,    1.741686,   -3.090995,  -0.000000040,   0.009544834,   0.005404974,   0.010968938
     -1.002221,    1.054441,   -1.871332,  -0.000004908,   0.001550168,   0.000871146,   0.001778185
      2.602777,    0.579663,   -1.028735,   0.000016425,   0.001815996,   0.001028218,   0.002086946
     -3.205078,    0.483793,   -0.858594,  -0.000018492,   0.003869371,   0.002190583,   0.004446462
     -4.410958,    2.223552,   -3.946169,  -0.000019691,   0.020324721,   0.011520054,   0.023362498
     -5.603146,    0.000715,   -0.001269,   0.000000000,   0.017485968,   0.009893085,   0.020090600
     -4.408624,   -1.355615,    2.405829,  -0.000008721,   0.015279546,   0.008659189,   0.017562635
      1.004355,   -0.094873,    0.168373,   0.000004669,  -0.000867419,  -0.000481731,   0.000992221
     -1.200388,    1.249130,   -2.216849,  -0.000007140,   0.002723005,   0.001531013,   0.003123909
     -4.413750,    2.319520,   -4.116485,  -0.000030612,   0.019638488,   0.011136577,   0.022576414
     -0.603830,   -1.541545,    2.735802,  -0.000001108,   0.005796469,   0.003293856,   0.006666974
     -3.204097,   -1.835705,    3.257851,   0.000001244,   0.016540392,   0.009347296,   0.018998856
     -0.600482,    2.126019,   -3.773077,  -0.000002928,   0.008906459,   0.005049863,   0.010238463
      0.201880,    1.739846,   -3.087729,   0.000000662,   0.009366603,   0.005304274,   0.010764227
     -0.801457,    1.054584,   -1.871585,  -0.000004018,   0.001172705,   0.000657394,   0.001344403
     -3.205730,    0.580386,   -1.030020,  -0.000016660,   0.004474119,   0.002531326,   0.005140586
     -5.608876,    0.098290,   -0.174436,   0.000000000,   0.017485968,   0.009893085,   0.020090600
     -4.407671,   -1.258831,    2.234065,  -0.000009177,   0.014292590,   0.008101660,   0.016429093
     -2.603255,   -0.476041,    0.844837,  -0.000016463,   0.001702947,   0.000981563,   0.001965646
      0.804459,   -0.094816,    0.168272,   0.000003682,  -0.001213203,  -0.000677155,   0.001389393
     -0.999575,    1.248856,   -2.216362,  -0.000006556,   0.002152461,   0.001207367,   0.002467969
     -0.803066,   -1.540623,    2.734166,  -0.000003197,   0.005813103,   0.003303990,   0.006686443
     -3.404211,   -1.840150,    3.265739,   0.000000000,   0.017703383,   0.010016092,   0.020340400
     -0.400388,    2.126955,   -3.774737,  -0.000002379,   0.009402781,   0.005326331,   0.010806577
     -4.210217,    2.223658,   -3.946357,  -0.000022764,   0.018799112,   0.010654095,   0.021608259
      0.403209,    1.737943,   -3.084352,   0.000000601,   0.008807483,   0.004986622,   0.010121174
     -0.601670,    1.055340,   -1.872927,  -0.000002587,   0.001267716,   0.000711995,   0.001453976
     -3.205012,    0.677150,   -1.201748,  -0.000011752,   0.005582745,   0.003158917,   0.006414510
     -4.213125,    2.319520,   -4.116485,  -0.000033276,   0.018145388,   0.010288949,   0.020859498
     -5.612939,    0.195744,   -0.347390,   0.000005786,   0.016932497,   0.009577791,   0.019453626
     -4.406937,   -1.162066,    2.062335,  -0.000009099,   0.013545820,   0.007678891,   0.015570957
     -2.602729,   -0.381610,    0.677249,  -0.000015787,   0.001569834,   0.000903974,   0.001811574
      0.604233,   -0.094944,    0.168499,   0.000002315,  -0.001002950,  -0.000559674,   0.001148542
     -0.800437,    1.248912,   -2.216462,  -0.000005080,   0.001839407,   0.001030125,   0.002108223
     -1.004139,   -1.540247,    2.733498,  -0.000005277,   0.006115815,   0.003474783,   0.007034013
     -3.603121,   -1.845109,    3.274540,   0.000000000,   0.017703383,   0.010016092,   0.020340400
     -0.200119,    2.128676,   -3.777791,  -0.000001694,   0.009834088,   0.005566428,   0.011300195
      0.603185,    1.736936,   -3.082564,   0.000001096,   0.008195566,   0.004638593,   0.009417211
     -0.401744,    1.057084,   -1.876021,  -0.000001492,   0.001626861,   0.000916457,   0.001867236
     -3.204210,    0.774152,   -1.373898,  -0.000005089,   0.006954749,   0.003936774,   0.007991667
     -4.009552,    2.223901,   -3.946788,  -0.000022607,   0.017620882,   0.009983634,   0.020252628
     -5.615372,    0.293625,   -0.521100,   0.000013887,   0.016063632,   0.009088981,   0.018456707
     -4.406020,   -1.065369,    1.890725,  -0.000008781,   0.013012386,   0.007376784,   0.014957915
     -2.601974,   -0.286027,    0.507616,  -0.000014142,   0.001664932,   0.000955183,   0.001919524
      0.402969,   -0.095068,    0.168718,   0.000001736,  -0.000397255,  -0.000219329,   0.000453783
     -0.600605,    1.249995,   -2.218384,  -0.000003284,   0.001800597,   0.001008858,   0.002063966
     -4.012500,    2.319520,   -4.116485,  -0.000031948,   0.016941468,   0.009604352,   0.019474546
     -1.204719,   -1.541592,    2.735886,  -0.000006370,   0.006676712,   0.003790594,   0.007677703
     -3.803940,   -1.841800,    3.268669,   0.000000000,   0.017703383,   0.010016092,   0.020340400
      0.000307,    2.130225,   -3.780541,   0.000000041,   0.009946615,   0.005628962,   0.011428926
      0.802276,    1.736046,   -3.080985,   0.000002625,   0.008021831,   0.004539450,   0.009217179
     -0.200125,    1.059993,   -1.881184,   0.000000000,   0.001846930,   0.001044942,   0.002122040
     -5.616121,    0.390554,   -0.693122,   0.000018309,   0.015585640,   0.008819587,   0.017908032
     -4.405832,   -0.968909,    1.719536,  -0.000008554,   0.012615185,   0.007151969,   0.014501505
     -2.601259,   -0.190448,    0.337990,  -0.000012082,   0.001889065,   0.001079649,   0.002175858
     -4.005084,   -1.840399,    3.266181,  -0.000002660,   0.018284980,   0.010341179,   0.021006677
     -0.400233,    1.250996,   -2.220160,  -0.000001829,   0.001918268,   0.001076581,   0.002199723
      0.201151,   -0.095105,    0.168784,   0.000000000,   0.000000000,   0.000000000,   0.000000000
      3.204552,   -0.770799,    1.367949,   0.000004553,   0.006990946,   0.003960524,   0.008034868
     -1.404644,   -1.542546,    2.737579,  -0.000006381,   0.007318185,   0.004151782,   0.008413868
      0.200881,    2.128459,   -3.777406,   0.000001779,   0.009840852,   0.005570313,   0.011307995
     -3.809050,    2.224573,   -3.947980,  -0.000019809,   0.016818898,   0.009526078,   0.019329301
      1.003392,    1.735882,   -3.080695,   0.000003974,   0.008374968,   0.004739522,   0.009623054
     -0.000314,    1.063878,   -1.888080,   0.000000000,   0.001846930,   0.001044942,   0.002122040
     -3.811875,    2.319520,   -4.116485,  -0.000028557,   0.015959404,   0.009046416,   0.018345055
     -5.615631,    0.487793,   -0.865694,   0.000019703,   0.015553598,   0.008800943,   0.017870965
     -4.407187,   -0.871255,    1.546228,  -0.000009146,   0.012194671,   0.006914528,   0.014018587
     -2.600462,   -0.094850,    0.168331,  -0.000010435,   0.002094940,   0.001194271,   0.002411465
      1.203812,    1.736308,   -3.081450,   0.000003583,   0.009218246,   0.005218048,   0.010592643
      0.200235,    1.059132,   -1.879657,   0.000000000,   0.001846930,   0.001044942,   0.002122040
     -3.608664,    2.224881,   -3.948528,  -0.000016766,   0.016185251,   0.009165640,   0.018600311
     -5.615797,    0.584710,   -1.037694,   0.000017871,   0.016081699,   0.009099011,   0.018477374
     -4.408318,   -0.774640,    1.374765,  -0.000010387,   0.011684239,   0.006626243,   0.013432373
     -2.601355,    0.000716,   -0.001270,  -0.000009954,   0.002159402,   0.001229366,   0.002484845
     -3.611250,    2.319520,   -4.116485,  -0.000025177,   0.015075972,   0.008546663,   0.017330061
      1.403368,    1.737325,   -3.083255,   0.000001348,   0.010395099,   0.005886190,   0.011945933
      0.400923,    1.055859,   -1.873849,   0.000001505,   0.001624663,   0.000915202,   0.001864705
     -5.614449,    0.681718,   -1.209854,   0.000012916,   0.017067770,   0.009657483,   0.019610607
     -4.409022,   -0.676097,    1.199879,  -0.000011904,   0.011085351,   0.006287635,   0.012744391
     -2.602119,    0.096692,   -0.171600,  -0.000010827,   0.002036749,   0.001159148,   0.002343521
     -3.408358,    2.224127,   -3.947189,  -0.000014988,   0.015437601,   0.008743628,   0.017741781
      1.603632,    1.739594,   -3.087283,  -0.000000154,   0.011312014,   0.006406282,   0.013000082
      0.599835,    1.054394,   -1.871248,   0.000002600,   0.001266039,   0.000711002,   0.001452028
     -3.410625,    2.319520,   -4.116485,  -0.000023834,   0.014149927,   0.008025128,   0.016267258
     -5.612575,    0.778773,   -1.382099,   0.000004294,   0.018424662,   0.010427215,   0.021170617
     -4.409671,   -0.578541,    1.026745,  -0.000013192,   0.010521510,   0.005967862,   0.012096186
     -2.603469,    0.192885,   -0.342316,  -0.000012830,   0.001757555,   0.001000778,   0.002022553
      1.804384,    1.741688,   -3.090999,   0.000000850,   0.011604756,   0.006570591,   0.013335780
      0.799049,    1.053811,   -1.870214,   0.000004029,   0.001176041,   0.000659225,   0.001348208
     -3.208083,    2.223266,   -3.945661,  -0.000015479,   0.014454968,   0.008190676,   0.016614256
     -5.608626,    0.875747,   -1.554200,   0.000000000,   0.019340087,   0.010942095,   0.022220900
     -4.410414,   -0.481152,    0.853907,  -0.000013700,   0.010120463,   0.005738809,   0.011634341
     -2.605126,    0.288839,   -0.512607,  -0.000015138,   0.001458839,   0.000831172,   0.001679073
     -3.210000,    2.319520,   -4.116485,  -0.000024684,   0.013100156,   0.007434665,   0.015062833
      2.004154,    1.739873,   -3.087777,   0.000002286,   0.011517222,   0.006520017,   0.013234691
      0.998543,    1.054120,   -1.870762,   0.000004899,   0.001556116,   0.000874459,   0.001784993
     -5.603175,    0.972649,   -1.726174,   0.000000000,   0.019340087,   0.010942095,   0.022220900
     -4.410169,   -0.382976,    0.679672,  -0.000013457,   0.009918429,   0.005621470,   0.011400716
     -2.605811,    0.385174,   -0.683574,  -0.000016885,   0.001306153,   0.000743349,   0.001502960
     -3.006486,    2.222675,   -3.944612,  -0.000017412,   0.013268412,   0.007522875,   0.015252695
      2.205549,    1.737976,   -3.084410,   0.000003555,   0.011238981,   0.006361140,   0.012914287
      1.198597,    1.055108,   -1.872516,   0.000003813,   0.002382931,   0.001343279,   0.002735466
     -3.009375,    2.319520,   -4.116485,  -0.000026109,   0.012004819,   0.006817739,   0.013805721
     -5.607051,    1.067968,   -1.895338,   0.000000000,   0.019340087,   0.010942095,   0.022220900
     -4.409564,   -0.285630,    0.506911,  -0.000012267,   0.009933851,   0.005627288,   0.011417002
     -2.606150,    0.481643,   -0.854778,  -0.000017445,   0.001430946,   0.000811758,   0.001645254
      2.405685,    1.736966,   -3.082618,   0.000005689,   0.011036508,   0.006245200,   0.012680972
      1.398969,    1.057093,   -1.876038,   0.000001334,   0.003383170,   0.001910088,   0.003885135
     -2.806582,    2.222625,   -3.944524,  -0.000018629,   0.012153066,   0.006894231,   0.013972394
     -5.609665,    1.163867,   -2.065531,   0.000009205,   0.019481446,   0.011018820,   0.022381716
     -4.408721,   -0.188167,    0.333942,  -0.000010579,   0.010074731,   0.005705140,   0.011577950
     -2.808750,    2.319520,   -4.116485,  -0.000026074,   0.011004769,   0.006253278,   0.012657374
      2.604848,    1.736075,   -3.081037,   0.000007775,   0.011291413,   0.006388933,   0.012973609
      1.600375,    1.059833,   -1.880900,   0.000000000,   0.003969466,   0.002245816,   0.004560740
      2.606437,   -0.478005,    0.848323,   0.000016454,   0.001737847,   0.001001009,   0.002005593
     -5.611303,    1.260836,   -2.237623,   0.000015901,   0.019742129,   0.011164796,   0.022680489
     -4.407919,   -0.090936,    0.161385,  -0.000009105,   0.010229005,   0.005792066,   0.011755026
     -2.606725,    2.222727,   -3.944706,  -0.000017740,   0.011354776,   0.006442891,   0.013055347
      2.805952,    1.735901,   -3.080728,   0.000008430,   0.012049983,   0.006818566,   0.013845397
      1.801289,    1.064270,   -1.888775,   0.000000000,   0.003969466,   0.002245816,   0.004560740
      2.406778,   -0.477762,    0.847891,   0.000014873,   0.001265118,   0.000732859,   0.001462131
     -2.608125,    2.319520,   -4.116485,  -0.000023886,   0.010232918,   0.005816691,   0.011770602
     -5.611163,    1.357070,   -2.408410,   0.000019945,   0.020410954,   0.011542385,   0.023448541
     -4.407649,    0.006073,   -0.010778,  -0.000008501,   0.010307291,   0.005837076,   0.011845327
      3.006307,    1.736318,   -3.081468,   0.000006528,   0.013246798,   0.007497123,   0.015221188
      2.001223,    1.062493,   -1.885622,   0.000000000,   0.003969466,   0.002245816,   0.004560740
      2.206969,   -0.478213,    0.848691,   0.000013048,   0.000972240,   0.000565799,   0.001124967
     -2.406212,    2.222738,   -3.944724,  -0.000015375,   0.010919520,   0.006195273,   0.012554583
     -5.611136,    1.454054,   -2.580530,   0.000021409,   0.021488567,   0.012152287,   0.024686779
     -4.409053,    0.103698,   -0.184034,  -0.000009385,   0.010244250,   0.005802600,   0.011773483
     -2.407500,    2.319520,   -4.116485,  -0.000020304,   0.009744667,   0.005539578,   0.011209187
      3.206399,    1.738469,   -3.085285,   0.000002427,   0.014750380,   0.008350046,   0.016949837
      2.201446,    1.061235,   -1.883389,   0.000005007,   0.004058084,   0.002292537,   0.004660880
      2.006968,   -0.477649,    0.847690,   0.000011347,   0.000749023,   0.000438150,   0.000867836
     -5.611674,    1.550965,   -2.752520,   0.000019818,   0.023033575,   0.013029076,   0.026463235
     -4.410871,    0.200910,   -0.356558,  -0.000011158,   0.010082080,   0.005711505,   0.011587483
     -2.205464,    2.223392,   -3.945885,  -0.000012741,   0.010744209,   0.006093875,   0.012352065
      3.406152,    1.741946,   -3.091456,  -0.000000319,   0.015926487,   0.009016742,   0.018301766
      2.402960,    1.060683,   -1.882408,   0.000008421,   0.004182637,   0.002361439,   0.004803219
      1.805519,   -0.477795,    0.847949,   0.000009965,   0.000495123,   0.000293790,   0.000575811
     -2.206875,    2.319520,   -4.116485,  -0.000016564,   0.009490880,   0.005394558,   0.010916883
     -5.610331,    1.648269,   -2.925207,   0.000014821,   0.024929719,   0.014106763,   0.028644230
     -4.412149,    0.298628,   -0.529980,  -0.000013108,   0.009902777,   0.005609529,   0.011381211
      3.605666,    1.744323,   -3.095674,   0.000001143,   0.016315622,   0.009234382,   0.018747622
      2.602790,    1.061157,   -1.883250,   0.000010782,   0.004586018,   0.002588786,   0.005266259
      1.606189,   -0.477804,    0.847966,   0.000009084,   0.000094255,   0.000067456,   0.000116262
     -2.004744,    2.224085,   -3.947116,  -0.000010199,   0.010706991,   0.006070295,   0.012308056
     -5.608836,    1.745588,   -3.097920,   0.000005184,   0.027084116,   0.015331651,   0.031122482
     -4.413072,    0.396187,   -0.703119,  -0.000014448,   0.009840428,   0.005572249,   0.011308589
     -2.006250,    2.319520,   -4.116485,  -0.000013706,   0.009330412,   0.005302589,   0.010731925
      3.806257,    1.743850,   -3.094834,   0.000003639,   0.016480353,   0.009325101,   0.018935669
      2.802703,    1.062283,   -1.885249,   0.000010993,   0.005409022,   0.003054589,   0.006211936
      1.407172,   -0.477627,    0.847651,   0.000008591,  -0.000424399,  -0.000224675,   0.000480278
     -5.606073,    1.843138,   -3.271043,   0.000000000,   0.028415808,   0.016076891,   0.032648500
     -4.411199,    0.491092,   -0.871548,  -0.000014672,   0.009983890,   0.005650509,   0.011471989
     -1.804191,    2.224517,   -3.947881,  -0.000008155,   0.010596997,   0.006006621,   0.012180965
      4.006793,    1.742605,   -3.092625,   0.000005288,   0.017041940,   0.009641984,   0.019580491
      3.002893,    1.063517,   -1.887438,   0.000008072,   0.006620397,   0.003740808,   0.007604168
      1.206766,   -0.477503,    0.847431,   0.000008223,  -0.001008745,  -0.000553598,   0.001150698
     -1.805625,    2.319520,   -4.116485,  -0.000012176,   0.009090895,   0.005167050,   0.010456717
     -5.602353,    1.940376,   -3.443612,   0.000000000,   0.028415808,   0.016076891,   0.032648500
     -4.408899,    0.587688,   -1.042979,  -0.000013882,   0.010360999,   0.005860930,   0.011903823
      4.207351,    1.742719,   -3.092827,   0.000005750,   0.018102380,   0.010242460,   0.020799139
      3.202538,    1.064537,   -1.889249,   0.000003361,   0.007942979,   0.004489707,   0.009124056
      1.008289,   -0.477046,    0.846621,   0.000007403,  -0.001501152,  -0.000831004,   0.001715832
     -1.603781,    2.223897,   -3.946781,  -0.000007042,   0.010199058,   0.005782665,   0.011724336
     -4.408059,    0.683119,   -1.212341,  -0.000012180,   0.010928363,   0.006179899,   0.012554697
     -1.605000,    2.319520,   -4.116485,  -0.000012056,   0.008668025,   0.004929075,   0.009971489
      5.602726,   -1.939123,    3.441388,   0.000000000,   0.028596233,   0.016178970,   0.032855800
      4.407679,    1.742604,   -3.092624,   0.000003306,   0.019630299,   0.011107966,   0.022555167
      3.401788,    1.066415,   -1.892582,   0.000000000,   0.008787285,   0.004971607,   0.010096200
      0.809422,   -0.477401,    0.847250,   0.000005982,  -0.001795572,  -0.000997394,   0.002053999
     -4.406059,    0.778646,   -1.381873,  -0.000010358,   0.011527597,   0.006517964,   0.013242714
      5.392800,   -1.948397,    3.457848,   0.000000000,   0.028596233,   0.016178970,   0.032855800
     -1.403408,    2.223124,   -3.945410,  -0.000007187,   0.009536876,   0.005410777,   0.010964879
      4.607823,    1.742902,   -3.093152,  -0.000001570,   0.021483870,   0.012157802,   0.024685397
      3.601259,    1.068794,   -1.896804,   0.000000000,   0.008787285,   0.004971607,   0.010096200
      0.611072,   -0.477192,    0.846880,   0.000004308,  -0.001865746,  -0.001038013,   0.002135064
     -1.404375,    2.319520,   -4.116485,  -0.000012720,   0.008038410,   0.004575143,   0.009249224
     -4.404483,    0.874703,   -1.552347,  -0.000009167,   0.012045360,   0.006810806,   0.013837553
      5.199958,   -1.938708,    3.440652,   0.000000000,   0.028596233,   0.016178970,   0.032855800
      4.808003,    1.743733,   -3.094628,  -0.000008033,   0.023551121,   0.013328818,   0.027061277
      0.411498,   -0.477879,    0.848099,   0.000002755,  -0.001768919,  -0.000984811,   0.002024582
     -3.595200,   -0.974198,    1.728924,   0.000000000,   0.009120022,   0.005159860,   0.010478500
     -1.202039,    2.222580,   -3.944445,  -0.000007811,   0.008736400,   0.004961004,   0.010046706
     -4.403801,    0.971081,   -1.723391,  -0.000009172,   0.012439529,   0.007034236,   0.014290642
     -1.203750,    2.319520,   -4.116485,  -0.000012821,   0.007344972,   0.004184895,   0.008453527
      5.001346,   -1.935152,    3.434341,  -0.000010218,   0.027590028,   0.015595278,   0.031692624
      5.008282,    1.744653,   -3.096261,  -0.000013546,   0.025620032,   0.014500990,   0.029439173
      0.210468,   -0.477871,    0.848084,   0.000001359,  -0.001639617,  -0.000913118,   0.001876734
     -4.404165,    1.067406,   -1.894341,  -0.000010442,   0.012760496,   0.007216052,   0.014659529
     -3.602189,   -0.872306,    1.548094,   0.000000000,   0.009120022,   0.005159860,   0.010478500
     -1.001991,    2.222539,   -3.944372,  -0.000007570,   0.008054220,   0.004577264,   0.009264009
      4.803796,   -1.934474,    3.433139,  -0.000006991,   0.025411026,   0.014358480,   0.029187090
      0.009560,   -0.477792,    0.847944,   0.000000046,  -0.001565562,  -0.000871902,   0.001791982
     -1.003125,    2.319520,   -4.116485,  -0.000011163,   0.006780436,   0.003866534,   0.007805416
     -5.009807,   -1.647076,    2.923088,   0.000013001,   0.024356634,   0.013773079,   0.027981127
     -4.404970,    1.163836,   -2.065476,  -0.000011952,   0.013168075,   0.007445974,   0.015127487
     -3.604108,   -0.772418,    1.370821,  -0.000004495,   0.008482490,   0.004800467,   0.009746648
      4.604043,   -1.933870,    3.432066,  -0.000001309,   0.023204068,   0.013111324,   0.026652122
     -0.187793,   -0.478018,    0.848345,  -0.000001241,  -0.001626960,  -0.000906083,   0.001862253
     -0.802046,    2.222664,   -3.944594,  -0.000005965,   0.007742772,   0.004401127,   0.008906204
     -5.010167,   -1.549660,    2.750203,   0.000012900,   0.022669771,   0.012824249,   0.026045730
     -4.405681,    1.260238,   -2.236562,  -0.000012909,   0.013778588,   0.007789722,   0.015828121
     -3.606645,   -0.674549,    1.197131,  -0.000011200,   0.007347834,   0.004165543,   0.008446452
     -0.802500,    2.319520,   -4.116485,  -0.000007969,   0.006484130,   0.003698843,   0.007464948
      4.404590,   -1.933852,    3.432034,   0.000002434,   0.021313024,   0.012044375,   0.024480849
     -0.389834,   -0.477973,    0.848265,  -0.000002634,  -0.001753502,  -0.000976274,   0.002006959
     -5.010421,   -1.453279,    2.579155,   0.000012468,   0.021199012,   0.011995809,   0.024357703
     -4.406285,    1.356815,   -2.407958,  -0.000012762,   0.014666330,   0.008290349,   0.016847293
     -3.606082,   -0.576467,    1.023064,  -0.000016192,   0.006357235,   0.003609549,   0.007310509
     -0.601519,    2.222701,   -3.944659,  -0.000004050,   0.007831078,   0.004449148,   0.009006704
      4.204148,   -1.934423,    3.433047,   0.000003958,   0.019744150,   0.011160640,   0.022680198
     -0.595284,   -0.477588,    0.847582,  -0.000004215,  -0.001860631,  -0.001035229,   0.002129240
     -0.601875,    2.319520,   -4.116485,  -0.000004560,   0.006486376,   0.003699064,   0.007467005
     -5.010914,   -1.356411,    2.407241,   0.000011130,   0.019982948,   0.011309513,   0.022961347
     -3.607572,   -0.479560,    0.851082,  -0.000018226,   0.005825319,   0.003309019,   0.006699573
      4.002279,   -1.935567,    3.435078,   0.000003103,   0.018519863,   0.010473105,   0.021276073
      4.406128,   -1.352981,    2.401155,   0.000008507,   0.015202258,   0.008615853,   0.017474028
     -0.796862,   -0.477253,    0.846987,  -0.000005922,  -0.001802624,  -0.001001423,   0.002062119
     -0.400753,    2.223374,   -3.945852,  -0.000002590,   0.008131986,   0.004616640,   0.009351073
     -5.010267,   -1.259463,    2.235187,   0.000009385,   0.019115622,   0.010818379,   0.021964618
     -3.606989,   -0.382040,    0.678012,  -0.000017038,   0.005729322,   0.003252602,   0.006588235
     -0.401250,    2.319520,   -4.116485,  -0.000002078,   0.006693694,   0.003814568,   0.007704315
      3.799537,   -1.938911,    3.441013,   0.000000000,   0.017798687,   0.010070013,   0.020449900
      4.206453,   -1.353070,    2.401313,   0.000012020,   0.013789197,   0.007817905,   0.015851237
     -0.997348,   -0.477604,    0.847610,  -0.000007378,  -0.001513516,  -0.000837955,   0.001730016
     -5.009117,   -1.162721,    2.063497,   0.000007559,   0.018707389,   0.010585008,   0.021494391
     -3.606093,   -0.284981,    0.505759,  -0.000012946,   0.006042526,   0.003426625,   0.006946514
      3.595200,   -1.948397,    3.457848,   0.000000000,   0.017798687,   0.010070013,   0.020449900
     -0.200038,    2.224061,   -3.947072,  -0.000001323,   0.008449388,   0.004793519,   0.009714422
      4.006387,   -1.353216,    2.401572,   0.000013590,   0.012631316,   0.007162910,   0.014520937
     -1.198430,   -0.478039,    0.848382,  -0.000008227,  -0.001019091,  -0.000559372,   0.001162545
     -0.200625,    2.319520,   -4.116485,  -0.000000659,   0.006930019,   0.003946547,   0.007974986
     -5.006537,   -1.066111,    1.892041,   0.000006098,   0.018571719,   0.010506697,   0.021337747
     -3.605135,   -0.188906,    0.335253,  -0.000006805,   0.006531577,   0.003699863,   0.007506699
      3.399657,   -1.937726,    3.438910,   0.000000000,   0.017798687,   0.010070013,   0.020449900
      3.804694,   -1.352950,    2.401100,   0.000014046,   0.011729856,   0.006652202,   0.013484862
     -1.399342,   -0.478523,    0.849242,  -0.000008582,  -0.000429051,  -0.000227214,   0.000485577
      0.000512,    2.224498,   -3.947847,   0.000000133,   0.008599864,   0.004877312,   0.009886649
     -5.004491,   -0.969542,    1.720660,   0.000006258,   0.018518980,   0.010476470,   0.021276962
     -3.603166,   -0.093565,    0.166051,   0.000000000,   0.006755449,   0.003822049,   0.007761710
      0.000000,    2.319520,   -4.116485,   0.000000229,   0.007027789,   0.004001227,   0.008087004
      3.200946,   -1.933688,    3.431744,  -0.000002172,   0.016969123,   0.009593174,   0.019493079
      3.603850,   -1.352858,    2.400935,   0.000013990,   0.011005650,   0.006242111,   0.012652607
     -1.600635,   -0.479330,    0.850673,  -0.000009048,   0.000103701,   0.000072879,   0.000127071
     -3.595200,    0.000000,    0.000000,   0.000000000,   0.006755449,   0.003822049,   0.007761710
     -5.007226,   -0.872433,    1.548319,   0.000009155,   0.018301258,   0.010353422,   0.021026875
      0.200957,    2.223892,   -3.946773,   0.000001606,   0.008462558,   0.004800986,   0.009729561
      3.001433,   -1.932126,    3.428971,   0.000002296,   0.015421515,   0.008715825,   0.017714082
      3.403954,   -1.351104,    2.397823,   0.000013895,   0.010292488,   0.005839307,   0.011833554
     -1.801099,   -0.479250,    0.850532,  -0.000009904,   0.000511328,   0.000303027,   0.000594458
      0.200625,    2.319520,   -4.116485,   0.000001143,   0.006943174,   0.003954013,   0.007990111
     -5.010187,   -0.775584,    1.376439,   0.000009879,   0.017422709,   0.009860138,   0.020019321
     -3.600841,    0.097979,   -0.173885,   0.000000000,   0.006755449,   0.003822049,   0.007761710
      2.803052,   -1.931420,    3.427719,   0.000005598,   0.014029916,   0.007929432,   0.016115659
      3.202979,   -1.349888,    2.395666,   0.000013945,   0.009475305,   0.005378946,   0.010895626
     -2.001356,   -0.479468,    0.850918,  -0.000011254,   0.000763888,   0.000446644,   0.000884953
      0.401403,    2.223130,   -3.945420,   0.000002911,   0.008162011,   0.004633679,   0.009385596
     -5.011952,   -0.677683,    1.202693,   0.000009456,   0.016233941,   0.009191639,   0.018655486
     -3.600480,    0.195364,   -0.346715,  -0.000006192,   0.006465339,   0.003657294,   0.007428085
      0.401250,    2.319520,   -4.116485,   0.000002624,   0.006723229,   0.003831336,   0.007738278
      2.601994,   -1.931202,    3.427331,   0.000005584,   0.013156961,   0.007436455,   0.015113124
      3.003185,   -1.348574,    2.393333,   0.000013901,   0.008600838,   0.004886362,   0.009891974
     -2.201944,   -0.478493,    0.849188,  -0.000012953,   0.000975427,   0.000567714,   0.001128682
     -5.012425,   -0.581088,    1.031265,   0.000008781,   0.015335969,   0.008685138,   0.017624518
     -3.602039,    0.292542,   -0.519178,  -0.000013347,   0.005863311,   0.003319099,   0.006737582
      0.602520,    2.222593,   -3.944468,   0.000004403,   0.007880711,   0.004477344,   0.009063787
      2.401119,   -1.931956,    3.428670,   0.000003724,   0.012867628,   0.007273381,   0.014780999
      2.803241,   -1.347819,    2.391994,   0.000013430,   0.007745254,   0.004404023,   0.008909801
     -2.402416,   -0.478638,    0.849445,  -0.000014806,   0.001255114,   0.000727426,   0.001450751
      0.601875,    2.319520,   -4.116485,   0.000005148,   0.006535822,   0.003727150,   0.007523872
     -5.012838,   -0.483946,    0.858867,   0.000008372,   0.014809465,   0.008386052,   0.017018995
     -3.604680,    0.388999,   -0.690363,  -0.000017943,   0.005493457,   0.003110465,   0.006312953
      2.200987,   -1.933599,    3.431586,   0.000001962,   0.012899956,   0.007293829,   0.014819204
      2.601987,   -1.347928,    2.392187,   0.000012134,   0.007027022,   0.003998104,   0.008084801
      0.802634,    2.222542,   -3.944376,   0.000006292,   0.007817921,   0.004443796,   0.008992622
     -5.012718,   -0.386354,    0.685667,   0.000007977,   0.014709259,   0.008326486,   0.016902447
     -3.605122,    0.485761,   -0.862087,  -0.000019171,   0.005603310,   0.003171437,   0.006438591
      2.602416,    0.387322,   -0.687385,   0.000016824,   0.001310844,   0.000746732,   0.001508709
      0.802500,    2.319520,   -4.116485,   0.000008525,   0.006556658,   0.003740036,   0.007548358
      2.602578,    0.291652,   -0.517598,   0.000015148,   0.001496846,   0.000853232,   0.001723016
      1.999828,   -1.937575,    3.438641,   0.000000000,   0.012831480,   0.007259702,   0.014742800
      2.401404,   -1.348301,    2.392849,   0.000010374,   0.006502910,   0.003700560,   0.007482118
     -5.012233,   -0.288227,    0.511521,   0.000008240,   0.015057099,   0.008520345,   0.017300652
     -3.605200,    0.582415,   -1.033619,  -0.000016814,   0.006211646,   0.003514493,   0.007136980
      1.797600,   -1.948397,    3.457848,   0.000000000,   0.012831480,   0.007259702,   0.014742800
      1.002556,    2.222659,   -3.944584,   0.000007792,   0.008152222,   0.004632906,   0.009376705
      2.201413,   -1.348444,    2.393103,   0.000008763,   0.006158357,   0.003503535,   0.007085210
      2.601616,    0.195782,   -0.347458,   0.000012871,   0.001825514,   0.001039560,   0.002100798
      1.003125,    2.319520,   -4.116485,   0.000011583,   0.006877616,   0.003921692,   0.007917159
     -5.010819,   -0.189944,    0.337097,   0.000009020,   0.015801613,   0.008939624,   0.018155107
     -3.602964,    0.679361,   -1.205672,  -0.000011419,   0.007272817,   0.004115479,   0.008356504
      1.599653,   -1.937101,    3.437800,   0.000000000,   0.012831480,   0.007259702,   0.014742800
      2.000367,   -1.349453,    2.394894,   0.000007843,   0.005937751,   0.003376468,   0.006830629
      2.601475,    0.099783,   -0.177086,   0.000010862,   0.002131351,   0.001212771,   0.002452262
      1.203023,    2.222701,   -3.944658,   0.000007839,   0.008860294,   0.005031277,   0.010189143
     -5.007737,   -0.092861,    0.164802,   0.000008777,   0.016394771,   0.009274813,   0.018836421
     -3.601296,    0.776673,   -1.378372,  -0.000004844,   0.008457340,   0.004787147,   0.009718199
      1.203750,    2.319520,   -4.116485,   0.000013000,   0.007466660,   0.004253889,   0.008593413
      1.399492,   -1.932988,    3.430502,  -0.000001606,   0.012279759,   0.006940844,   0.014105595
      1.800070,   -1.349974,    2.395818,   0.000007540,   0.005701761,   0.003241902,   0.006558968
      2.602146,    0.003709,   -0.006583,   0.000009953,   0.002273832,   0.001294005,   0.002616268
     -5.005342,    0.004347,   -0.007714,   0.000007464,   0.016541065,   0.009357914,   0.019004669
     -3.597586,    0.874795,   -1.552512,   0.000000000,   0.009077462,   0.005135781,   0.010429600
      1.403764,    2.223377,   -3.945858,   0.000007006,   0.009675706,   0.005489481,   0.011124466
      1.199372,   -1.931543,    3.427936,   0.000001274,   0.011104783,   0.006274324,   0.012754739
      1.600470,   -1.348883,    2.393882,   0.000007506,   0.005367213,   0.003053119,   0.006174833
      2.603239,   -0.092418,    0.164015,   0.000010414,   0.002216804,   0.001262973,   0.002551358
      1.404375,    2.319520,   -4.116485,   0.000012587,   0.008180383,   0.004655546,   0.009412382
     -3.595200,    0.974198,   -1.728924,   0.000000000,   0.009077462,   0.005135781,   0.010429600
     -5.007975,    0.101743,   -0.180566,   0.000008777,   0.016408760,   0.009283881,   0.018853061
      1.000688,   -1.930992,    3.426958,   0.000002805,   0.010123547,   0.005719910,   0.011627708
      1.399635,   -1.347496,    2.391421,   0.000007454,   0.004875341,   0.002777015,   0.005610777
      2.604642,   -0.188624,    0.334754,   0.000012060,   0.001999699,   0.001141880,   0.002302788
      1.604470,    2.224055,   -3.947061,   0.000006664,   0.010350785,   0.005868585,   0.011898701
     -5.011069,    0.199285,   -0.353673,   0.000009117,   0.015806223,   0.008945321,   0.018161925
      1.605000,    2.319520,   -4.116485,   0.000011588,   0.008818246,   0.005014094,   0.010144099
      3.595200,   -0.974198,    1.728924,   0.000000000,   0.009030637,   0.005109288,   0.010375800
      0.799729,   -1.930904,    3.426803,   0.000001976,   0.009746262,   0.005506927,   0.011194458
      1.199906,   -1.346183,    2.389090,   0.000006977,   0.004332626,   0.002472497,   0.004988481
      2.605621,   -0.285064,    0.505908,   0.000014141,   0.001750971,   0.001003437,   0.002018164
     -5.012922,    0.296687,   -0.526535,   0.000008387,   0.015042618,   0.008514863,   0.017285350
      1.805042,    2.224491,   -3.947835,   0.000007601,   0.010745869,   0.006090847,   0.012352011
      0.599111,   -1.931752,    3.428307,   0.000001043,   0.010009256,   0.005655781,   0.011496655
      1.000343,   -1.345821,    2.388447,   0.000005842,   0.003852678,   0.002202846,   0.004437983
      3.395428,   -0.966635,    1.715501,   0.000000000,   0.009030637,   0.005109288,   0.010375800
      2.606220,   -0.381741,    0.677481,   0.000015798,   0.001626451,   0.000935599,   0.001876416
      1.805625,    2.319520,   -4.116485,   0.000011366,   0.009229726,   0.005245635,   0.010616245
     -5.013558,    0.394123,   -0.699456,   0.000007801,   0.014640772,   0.008286771,   0.016823282
      0.399679,   -1.933458,    3.431335,   0.000001213,   0.010558024,   0.005968114,   0.012128077
      0.799511,   -1.346191,    2.389104,   0.000004048,   0.003540179,   0.002026431,   0.004079130
      3.200268,   -0.963878,    1.710608,   0.000000005,   0.008206424,   0.004647542,   0.009431068
      2.005561,    2.223893,   -3.946775,   0.000009457,   0.010829638,   0.006139657,   0.012448957
     -5.013914,    0.491218,   -0.871771,   0.000007768,   0.014684207,   0.008308871,   0.016871969
      2.602450,    0.483989,   -0.858942,   0.000017317,   0.001401308,   0.000795775,   0.001611590
      2.006250,    2.319520,   -4.116485,   0.000012532,   0.009435714,   0.005362247,   0.010852951
      0.199698,   -1.937467,    3.438449,   0.000000000,   0.010779094,   0.006098518,   0.012384700
      0.599258,   -1.346791,    2.390170,   0.000002178,   0.003427041,   0.001961155,   0.003948511
      3.000186,   -0.962019,    1.707309,   0.000005695,   0.006751111,   0.003831613,   0.007762654
     -5.013821,    0.588547,   -1.044503,   0.000007973,   0.015190488,   0.008592798,   0.017452426
      2.206124,    2.223137,   -3.945432,   0.000011786,   0.010816999,   0.006135013,   0.012435674
      0.000000,   -1.948397,    3.457848,   0.000000000,   0.010779094,   0.006098518,   0.012384700
      0.399368,   -1.348110,    2.392510,   0.000000811,   0.003463425,   0.001979466,   0.003989185
      2.801829,   -0.961370,    1.706157,   0.000009377,   0.005460035,   0.003106548,   0.006281935
     -2.406819,    0.481301,   -0.854172,  -0.000015716,   0.000967962,   0.000549780,   0.001113309
      2.206875,    2.319520,   -4.116485,   0.000015060,   0.009542668,   0.005423959,   0.010976432
     -5.013068,    0.685811,   -1.217119,   0.000008817,   0.016117585,   0.009116423,   0.018517176
     -0.200446,   -1.937144,    3.437877,   0.000000000,   0.010779094,   0.006098518,   0.012384700
      0.198244,   -1.349056,    2.394189,   0.000000217,   0.003554615,   0.002028801,   0.004092838
      2.602117,   -0.960897,    1.705317,   0.000009572,   0.004614375,   0.002629582,   0.005311050
     -2.206953,    0.480941,   -0.853533,  -0.000013774,   0.000677556,   0.000385313,   0.000779576
      2.407045,    2.222603,   -3.944485,   0.000014308,   0.010922124,   0.006196685,   0.012557544
     -5.009620,    0.780057,   -1.384379,   0.000009824,   0.017295995,   0.009783968,   0.019871526
      2.407500,    2.319520,   -4.116485,   0.000018613,   0.009730234,   0.005531461,   0.011192625
     -0.401931,   -1.933012,    3.430544,  -0.000001225,   0.010546889,   0.005961833,   0.012115293
     -0.002196,   -1.349393,    2.394786,   0.000000125,   0.003582626,   0.002043859,   0.004124630
      2.401713,   -0.961878,    1.707058,   0.000007393,   0.004240439,   0.002415334,   0.004880083
     -2.005406,    0.480542,   -0.852824,  -0.000011975,   0.000449401,   0.000256051,   0.000517366
     -5.005455,    0.875166,   -1.553170,   0.000009394,   0.018185710,   0.010288551,   0.020894363
      2.607250,    2.222545,   -3.944382,   0.000016721,   0.011280429,   0.006400709,   0.012969866
     -0.602567,   -1.931553,    3.427954,  -0.000000937,   0.009965085,   0.005630894,   0.011445955
     -0.202012,   -1.348606,    2.393389,   0.000000031,   0.003539086,   0.002020046,   0.004075011
      2.201152,   -0.963175,    1.709361,   0.000004124,   0.004159195,   0.002362546,   0.004783361
     -1.805305,    0.479996,   -0.851855,  -0.000010555,   0.000187625,   0.000107883,   0.000216687
      2.608125,    2.319520,   -4.116485,   0.000022256,   0.010148910,   0.005769093,   0.011674044
     -5.001638,    0.971700,   -1.724490,   0.000006274,   0.018414544,   0.010418740,   0.021157637
     -0.801521,   -1.930995,    3.426964,  -0.000001776,   0.009668620,   0.005463213,   0.011105355
     -0.403138,   -1.347461,    2.391358,  -0.000000568,   0.003434068,   0.001962910,   0.003955482
      1.999803,   -0.965896,    1.714188,   0.000000000,   0.004086912,   0.002312263,   0.004695680
     -1.606001,    0.479909,   -0.851702,  -0.000009649,  -0.000222670,  -0.000124138,   0.000255118
      2.807157,    2.222656,   -3.944578,   0.000017883,   0.012005562,   0.006810597,   0.013802829
     -5.004625,    1.068193,   -1.895738,   0.000005886,   0.018441000,   0.010434616,   0.021188481
      2.808750,    2.319520,   -4.116485,   0.000024758,   0.010855240,   0.006168490,   0.012485477
      1.797600,   -0.974198,    1.728924,   0.000000000,   0.004086912,   0.002312263,   0.004695680
     -1.002474,   -1.930897,    3.426790,  -0.000002647,   0.010008137,   0.005654909,   0.011495252
     -0.603227,   -1.346196,    2.389113,  -0.000001951,   0.003386075,   0.001938039,   0.003901475
     -1.407576,    0.479838,   -0.851575,  -0.000009121,  -0.000743912,  -0.000418756,   0.000853724
     -5.005451,    1.164735,   -2.067071,   0.000006445,   0.018418031,   0.010421393,   0.021161978
      3.007571,    2.222701,   -3.944659,   0.000017040,   0.013064199,   0.007407113,   0.015017953
     -1.202806,   -1.931738,    3.428283,  -0.000001248,   0.010964567,   0.006195333,   0.012593803
     -0.802826,   -1.345801,    2.388412,  -0.000003835,   0.003489391,   0.001997736,   0.004020797
      1.599040,   -0.963498,    1.709933,   0.000000000,   0.004086912,   0.002312263,   0.004695680
     -1.207406,    0.479863,   -0.851620,  -0.000008684,  -0.001327458,  -0.000748546,   0.001523989
      3.009375,    2.319520,   -4.116485,   0.000025257,   0.011802550,   0.006703027,   0.013573187
     -5.007705,    1.261151,   -2.238183,   0.000007120,   0.018629481,   0.010538922,   0.021403890
     -1.401646,   -1.933434,    3.431292,   0.000001502,   0.012107302,   0.006843529,   0.013907575
     -1.003734,   -1.346254,    2.389216,  -0.000005666,   0.003801193,   0.002173719,   0.004378831
      1.401509,   -0.959407,    1.702672,  -0.000000673,   0.003517123,   0.001995486,   0.004043775
     -1.009250,    0.479667,   -0.851272,  -0.000007754,  -0.001813486,  -0.001023226,   0.002082254
      3.208292,    2.223382,   -3.945867,   0.000015445,   0.014204264,   0.008048655,   0.016326120
     -5.008443,    1.357767,   -2.409649,   0.000008151,   0.019342875,   0.010940377,   0.022222483
      3.210000,    2.319520,   -4.116485,   0.000024290,   0.012861904,   0.007299574,   0.014788947
     -1.600411,   -1.937424,    3.438373,   0.000000000,   0.012651577,   0.007157918,   0.014536100
     -1.204135,   -1.346898,    2.390358,  -0.000006855,   0.004280010,   0.002442706,   0.004928017
      1.201150,   -0.957591,    1.699449,   0.000002557,   0.002421190,   0.001383026,   0.002788356
     -0.810253,    0.478388,   -0.849001,  -0.000006210,  -0.002105162,  -0.001188112,   0.002417303
     -5.007698,    1.454455,   -2.581242,   0.000009535,   0.020512797,   0.011601476,   0.023566272
      3.408993,    2.224048,   -3.947049,   0.000015096,   0.015172560,   0.008593513,   0.017437180
     -1.797600,   -1.948397,    3.457848,   0.000000000,   0.012651577,   0.007157918,   0.014536100
     -1.404071,   -1.347846,    2.392042,  -0.000007380,   0.004816779,   0.002743863,   0.005543482
      1.001150,   -0.956707,    1.697882,   0.000004276,   0.001514767,   0.000875440,   0.001749552
     -0.611541,    0.479315,   -0.850648,  -0.000004429,  -0.002163925,  -0.001221493,   0.002484881
      3.410625,    2.319520,   -4.116485,   0.000023789,   0.013893451,   0.007879756,   0.015972448
     -5.008314,    1.551294,   -2.753103,   0.000010815,   0.022072112,   0.012485161,   0.025358578
     -2.000513,   -1.937202,    3.437980,   0.000000000,   0.012651577,   0.007157918,   0.014536100
     -1.605208,   -1.349046,    2.394171,  -0.000007498,   0.005306422,   0.003018719,   0.006104985
      0.802680,   -0.956773,    1.697999,   0.000003778,   0.001133839,   0.000660764,   0.001312332
     -0.411743,    0.479118,   -0.850297,  -0.000002815,  -0.002060114,  -0.001163002,   0.002365725
      3.609586,    2.224481,   -3.947819,   0.000016925,   0.015920950,   0.009015970,   0.018296575
     -5.007927,    1.648336,   -2.925324,   0.000012361,   0.023911461,   0.013529746,   0.027473844
      3.611250,    2.319520,   -4.116485,   0.000025325,   0.014817508,   0.008400207,   0.017032988
     -2.203319,   -1.933050,    3.430612,  -0.000002002,   0.012733273,   0.007199708,   0.014627784
     -1.805623,   -1.349494,    2.394966,  -0.000007615,   0.005636947,   0.003205226,   0.006484497
      0.603151,   -0.957479,    1.699252,   0.000002710,   0.001281622,   0.000740671,   0.001480255
     -0.210370,    0.479609,   -0.851168,  -0.000001384,  -0.001924374,  -0.001086455,   0.002209887
      3.810175,    2.223893,   -3.946774,   0.000019962,   0.016565978,   0.009382868,   0.019038651
     -2.404479,   -1.931575,    3.427994,  -0.000003839,   0.012719966,   0.007190110,   0.014611476
      5.007719,   -1.645518,    2.920324,  -0.000012875,   0.024335273,   0.013760588,   0.027956385
     -2.005368,   -1.348659,    2.393484,  -0.000008009,   0.005873314,   0.003339977,   0.006756577
      0.402481,   -0.959389,    1.702642,   0.000002048,   0.001714460,   0.000978173,   0.001973879
     -0.009218,    0.479249,   -0.850530,  -0.000000063,  -0.001848916,  -0.001043861,   0.002123237
      3.811875,    2.319520,   -4.116485,   0.000028782,   0.015709407,   0.008904790,   0.018057729
     -2.603699,   -1.931012,    3.426994,  -0.000005691,   0.013025613,   0.007362435,   0.014962355
      4.808354,   -1.644617,    2.918725,  -0.000007396,   0.022719551,   0.012848009,   0.026100755
     -2.206438,   -1.347448,    2.391334,  -0.000009012,   0.006097620,   0.003469090,   0.007015386
      0.201402,   -0.963388,    1.709738,   0.000000000,   0.001937699,   0.001096297,   0.002226330
      0.188251,    0.479577,   -0.851112,   0.000001230,  -0.001913665,  -0.001080416,   0.002197593
      4.010850,    2.223144,   -3.945445,   0.000022739,   0.017383154,   0.009849054,   0.019979450
      4.012500,    2.319520,   -4.116485,   0.000032162,   0.016705926,   0.009470932,   0.019203842
      0.000000,   -0.974198,    1.728924,   0.000000000,   0.001937699,   0.001096297,   0.002226330
     -2.804660,   -1.930899,    3.426794,  -0.000005677,   0.013908527,   0.007861045,   0.015976332
      4.606834,   -1.644088,    2.917787,  -0.000000502,   0.020804424,   0.011767889,   0.023902035
     -2.406940,   -1.347445,    2.391330,  -0.000010683,   0.006450839,   0.003670986,   0.007422235
      0.390392,    0.479510,   -0.850994,   0.000002646,  -0.002047030,  -0.001155641,   0.002350712
      4.211057,    2.223934,   -3.946846,   0.000022926,   0.018569933,   0.010524420,   0.021344937
     -3.004714,   -1.931736,    3.428279,  -0.000002318,   0.015320129,   0.008658722,   0.017597722
      4.406744,   -1.643216,    2.916239,   0.000004478,   0.019045507,   0.010775805,   0.021882626
     -2.606445,   -1.347837,    2.392026,  -0.000012451,   0.006986774,   0.003975176,   0.008038482
     -0.199849,   -0.962515,    1.708188,   0.000000000,   0.001937699,   0.001096297,   0.002226330
      0.595590,    0.479208,   -0.850457,   0.000004283,  -0.002164591,  -0.001221888,   0.002485655
      4.213125,    2.319520,   -4.116485,   0.000033436,   0.017925474,   0.010164404,   0.020606767
     -3.202965,   -1.933416,    3.431260,   0.000002156,   0.016867475,   0.009535807,   0.019376360
      4.206739,   -1.643383,    2.916536,   0.000006783,   0.017589790,   0.009954496,   0.020211203
     -2.806682,   -1.348461,    2.393133,  -0.000013729,   0.007715799,   0.004387186,   0.008875874
     -0.397952,   -0.958422,    1.700926,  -0.000002061,   0.001702657,   0.000971390,   0.001960266
      0.797270,    0.479185,   -0.850416,   0.000006084,  -0.002117095,  -0.001194891,   0.002431027
      4.411399,    2.224161,   -3.947249,   0.000019792,   0.020108105,   0.011397527,   0.023113630
      4.413750,    2.319520,   -4.116485,   0.000030693,   0.019433409,   0.011020485,   0.022340757
     -3.400531,   -1.937387,    3.438307,   0.000000000,   0.017703383,   0.010016092,   0.020340400
      4.006109,   -1.643538,    2.916811,   0.000006827,   0.016494415,   0.009336150,   0.018953350
     -3.007006,   -1.349709,    2.395347,  -0.000014175,   0.008586666,   0.004878176,   0.009875608
     -0.597031,   -0.956789,    1.698027,  -0.000002679,   0.001265850,   0.000731641,   0.001462081
      0.997197,    0.479097,   -0.850260,   0.000007655,  -0.001840822,  -0.001038672,   0.002113652
      4.611766,    2.223305,   -3.945731,   0.000012924,   0.021924195,   0.012426018,   0.025200723
     -3.595200,   -1.948397,    3.457848,   0.000000000,   0.017703383,   0.010016092,   0.020340400
      3.804624,   -1.644186,    2.917961,   0.000005383,   0.015799891,   0.008942934,   0.018155238
     -3.206997,   -1.351585,    2.398677,  -0.000014194,   0.009477581,   0.005380079,   0.010898164
     -0.795940,   -0.956076,    1.696762,  -0.000003752,   0.001113127,   0.000648970,   0.001288499
      1.198540,    0.480307,   -0.852408,   0.000008623,  -0.001352663,  -0.000762794,   0.001552941
      4.614375,    2.319520,   -4.116485,   0.000023133,   0.021201411,   0.012021700,   0.024372559
     -3.800340,   -1.940012,    3.442967,   0.000000000,   0.017703383,   0.010016092,   0.020340400
      3.603613,   -1.644511,    2.918537,   0.000004453,   0.015300133,   0.008658877,   0.017580394
     -3.406607,   -1.353105,    2.401375,  -0.000014143,   0.010304177,   0.005845782,   0.011846916
     -0.996458,   -0.956455,    1.697434,  -0.000004291,   0.001498632,   0.000866284,   0.001731001
      1.399066,    0.481166,   -0.853931,   0.000009056,  -0.000766945,  -0.000431768,   0.000880176
      4.812338,    2.223986,   -3.946940,   0.000003094,   0.023894238,   0.013538618,   0.027463226
     -4.003930,   -1.936657,    3.437012,  -0.000003171,   0.018443376,   0.010429975,   0.021188263
      4.815000,    2.319520,   -4.116485,   0.000011686,   0.023085048,   0.013085311,   0.026535729
      3.402947,   -1.643050,    2.915943,   0.000005168,   0.014642605,   0.008286032,   0.016824512
     -3.606757,   -1.354725,    2.404250,  -0.000014261,   0.011029735,   0.006255555,   0.012680191
     -1.196698,   -0.957428,    1.699161,  -0.000002580,   0.002415348,   0.001379703,   0.002781634
      1.600766,    0.482374,   -0.856076,   0.000009573,  -0.000231914,  -0.000129326,   0.000265708
     -4.205471,   -1.936074,    3.435978,  -0.000004018,   0.019688983,   0.011129658,   0.022616927
      5.012816,    2.224326,   -3.947543,  -0.000006011,   0.025680315,   0.014544227,   0.029512931
      3.203361,   -1.641468,    2.913137,   0.000006739,   0.013754444,   0.007783218,   0.015803900
     -3.807005,   -1.355200,    2.405092,  -0.000014353,   0.011767984,   0.006673521,   0.013528546
     -1.396367,   -0.959284,    1.702456,   0.000000696,   0.003527709,   0.002001526,   0.004055963
      1.801151,    0.482395,   -0.856113,   0.000010461,   0.000181598,   0.000104603,   0.000209831
      5.015625,    2.319520,   -4.116485,  -0.000001002,   0.024900804,   0.014107042,   0.028619201
     -4.406187,   -1.935426,    3.434827,  -0.000002397,   0.021281815,   0.012026985,   0.024445123
      3.002936,   -1.640326,    2.911109,   0.000008865,   0.012615075,   0.007140283,   0.014495649
     -4.007338,   -1.355576,    2.405760,  -0.000013914,   0.012675300,   0.007187456,   0.014571306
     -1.597965,   -0.964013,    1.710848,   0.000000000,   0.004122579,   0.002332443,   0.004736660
      2.001440,    0.483388,   -0.857875,   0.000011860,   0.000443613,   0.000253018,   0.000510834
      5.213316,    2.224971,   -3.948687,  -0.000011388,   0.027024456,   0.015298261,   0.031054116
     -4.606329,   -1.935422,    3.434821,   0.000001420,   0.023194816,   0.013106382,   0.026641635
      5.216250,    2.319520,   -4.116485,  -0.000011187,   0.026352954,   0.014921208,   0.030284002
     -1.797600,   -0.974198,    1.728924,   0.000000000,   0.004122579,   0.002332443,   0.004736660
      2.801975,   -1.639222,    2.909150,   0.000009838,   0.011483058,   0.006502306,   0.013196238
     -4.207665,   -1.355417,    2.405478,  -0.000012326,   0.013843342,   0.007848162,   0.015913262
      2.201748,    0.483383,   -0.857866,   0.000013631,   0.000664070,   0.000378092,   0.000764283
     -4.805770,   -1.935990,    3.435829,   0.000007093,   0.025408156,   0.014357152,   0.029183938
      5.414152,    2.225373,   -3.949401,  -0.000013468,   0.027721991,   0.015686813,   0.031852552
      2.602580,   -1.638896,    2.908573,   0.000008733,   0.010685192,   0.006052106,   0.012280121
     -1.999703,   -0.964574,    1.711843,   0.000000000,   0.004122579,   0.002332443,   0.004736660
      2.401941,    0.483570,   -0.858199,   0.000015571,   0.000945687,   0.000537778,   0.001088012
      5.416875,    2.319520,   -4.116485,  -0.000016952,   0.027109889,   0.015342636,   0.031150327
      4.411319,    0.390786,   -0.693534,   0.000014441,   0.009754925,   0.005524444,   0.011210632
     -5.004219,   -1.937483,    3.438478,   0.000010231,   0.027603419,   0.015603107,   0.031708135
      4.410465,    0.294416,   -0.522504,   0.000013028,   0.009881787,   0.005597919,   0.011357226
      2.402507,   -1.638751,    2.908314,   0.000006300,   0.010282108,   0.005823650,   0.011816797
     -2.201425,   -0.962021,    1.707312,  -0.000004176,   0.004191054,   0.002380401,   0.004819882
      5.615328,    2.225097,   -3.948911,  -0.000014658,   0.027464219,   0.015537059,   0.031554457
     -2.401964,   -0.382555,    0.678926,  -0.000014007,   0.001135297,   0.000657200,   0.001311872
     -5.200829,   -1.940262,    3.443411,   0.000000000,   0.028607982,   0.016185618,   0.032869300
      5.617500,    2.319520,   -4.116485,  -0.000021325,   0.026964360,   0.015255494,   0.030980756
      2.201873,   -1.640364,    2.911177,   0.000004093,   0.010183668,   0.005766773,   0.011703110
      4.409068,    0.197124,   -0.349839,   0.000011032,   0.010109998,   0.005727306,   0.011619562
     -2.401811,   -0.960763,    1.705079,  -0.000007482,   0.004266004,   0.002429522,   0.004909319
     -2.401333,   -0.286665,    0.508749,  -0.000012039,   0.001287860,   0.000740635,   0.001485688
     -5.392800,   -1.948397,    3.457848,   0.000000000,   0.028607982,   0.016185618,   0.032869300
      5.816720,    2.224646,   -3.948111,  -0.000021241,   0.026265389,   0.014856728,   0.030176042
      2.000633,   -1.641875,    2.913858,   0.000002814,   0.010223094,   0.005787367,   0.011747564
      4.408383,    0.099914,   -0.177318,   0.000009223,   0.010312537,   0.005841110,   0.011851880
     -2.602910,   -0.960919,    1.705356,  -0.000009696,   0.004646458,   0.002647435,   0.005347764
      5.818125,    2.319520,   -4.116485,  -0.000029613,   0.025803868,   0.014596543,   0.029646240
     -2.400532,   -0.190979,    0.338934,  -0.000009747,   0.001546995,   0.000884825,   0.001782191
      1.800117,   -1.642648,    2.915231,   0.000002672,   0.010186338,   0.005764699,   0.011704412
      4.408346,    0.003560,   -0.006317,   0.000008333,   0.010396935,   0.005887695,   0.011948275
     -2.802655,   -0.961650,    1.706655,  -0.000009505,   0.005500883,   0.003129344,   0.006328712
      5.614937,    0.395990,   -0.702769,  -0.000017931,   0.015462112,   0.008749704,   0.017766107
      6.017314,    2.224316,   -3.947526,  -0.000036250,   0.024246186,   0.013713786,   0.027855822
     -2.401053,   -0.095335,    0.169192,  -0.000007961,   0.001778028,   0.001013580,   0.002046653
      5.613868,    0.298614,   -0.529955,  -0.000013562,   0.015973927,   0.009038172,   0.018353612
      6.018750,    2.319520,   -4.116485,  -0.000045831,   0.023797452,   0.013461079,   0.027340839
      1.599714,   -1.641500,    2.913193,   0.000003542,   0.009786682,   0.005538596,   0.011245230
      4.409687,   -0.093847,    0.166551,   0.000008879,   0.010322734,   0.005845055,   0.011862697
     -3.002330,   -0.963112,    1.709249,  -0.000005746,   0.006817011,   0.003868566,   0.007838206
     -2.401108,    0.000370,   -0.000657,  -0.000007439,   0.001870496,   0.001064680,   0.002152291
      5.612042,    0.200945,   -0.356620,  -0.000005610,   0.016867588,   0.009540942,   0.019378986
      1.400249,   -1.640169,    2.910831,   0.000004628,   0.009129713,   0.005167608,   0.010490751
      4.411555,   -0.191108,    0.339163,   0.000010309,   0.010157189,   0.005751804,   0.011672696
     -3.201456,   -0.965097,    1.712771,   0.000000006,   0.008281192,   0.004689671,   0.009516888
     -6.016147,   -2.127540,    3.775776,   0.000034738,   0.024352475,   0.013792810,   0.027987245
     -2.402448,    0.096096,   -0.170543,  -0.000008546,   0.001717145,   0.000977371,   0.001975832
      5.608012,    0.103259,   -0.183255,   0.000000000,   0.017433399,   0.009863342,   0.020030200
      1.199897,   -1.639258,    2.909214,   0.000005415,   0.008306896,   0.004704135,   0.009546384
      4.412665,   -0.287990,    0.511100,   0.000011967,   0.009991270,   0.005659790,   0.011482981
     -3.399563,   -0.968109,    1.718117,   0.000000000,   0.009120022,   0.005159860,   0.010478500
     -6.014340,   -2.031411,    3.605174,   0.000028500,   0.024732374,   0.014005707,   0.028422719
     -2.403755,    0.192323,   -0.341318,  -0.000010739,   0.001406788,   0.000801682,   0.001619216
      5.603053,    0.005746,   -0.010198,   0.000000000,   0.017433399,   0.009863342,   0.020030200
      0.998919,   -1.638366,    2.907631,   0.000004836,   0.007566984,   0.004287955,   0.008697461
      4.411495,   -0.384616,    0.682584,   0.000013223,   0.009930443,   0.005628278,   0.011414526
     -6.013345,   -1.935097,    3.434244,   0.000027092,   0.024691963,   0.013980362,   0.028375065
      3.606954,    0.388465,   -0.689415,   0.000017550,   0.005536066,   0.003135526,   0.006362379
     -2.405347,    0.288679,   -0.512323,  -0.000013255,   0.001059928,   0.000605163,   0.001220592
      5.608407,   -0.090508,    0.160627,   0.000000000,   0.017433399,   0.009863342,   0.020030200
      3.606352,    0.291235,   -0.516858,   0.000012788,   0.006010121,   0.003402699,   0.006906525
      0.799555,   -1.638233,    2.907395,   0.000002822,   0.007220505,   0.004092608,   0.008299707
      4.410796,   -0.481410,    0.854366,   0.000013586,   0.010087116,   0.005719963,   0.011596037
     -6.014233,   -1.838515,    3.262839,   0.000032910,   0.023988540,   0.013583759,   0.027567546
     -2.406051,    0.385076,   -0.683399,  -0.000015166,   0.000850226,   0.000485316,   0.000979105
      5.612420,   -0.187083,    0.332019,  -0.000005424,   0.016914299,   0.009575745,   0.019436781
      3.605544,    0.194218,   -0.344681,   0.000005869,   0.006683665,   0.003780976,   0.007679010
      0.599492,   -1.638259,    2.907441,   0.000000615,   0.007293007,   0.004132414,   0.008382410
      4.410500,   -0.577738,    1.025319,   0.000013175,   0.010452635,   0.005928997,   0.012017103
     -6.015445,   -1.741742,    3.091094,   0.000040007,   0.022869444,   0.012955413,   0.026284136
      5.615071,   -0.284472,    0.504856,  -0.000013207,   0.016085549,   0.009109169,   0.018485725
      3.595200,    0.000000,    0.000000,   0.000000000,   0.007000750,   0.003960834,   0.008043550
      0.398874,   -1.640015,    2.910558,  -0.000000519,   0.007616069,   0.004313444,   0.008752732
      4.408528,   -0.674410,    1.196885,   0.000012027,   0.010971149,   0.006223286,   0.012613308
      2.406720,   -0.381786,    0.677561,   0.000014095,   0.001163445,   0.000672862,   0.001344078
     -6.016792,   -1.644864,    2.919164,   0.000046562,   0.021452602,   0.012161782,   0.024660196
      3.601234,   -0.095044,    0.168675,   0.000000000,   0.007000750,   0.003960834,   0.008043550
      5.616082,   -0.380641,    0.675530,  -0.000017670,   0.015620553,   0.008848066,   0.017952444
      0.197599,   -1.641637,    2.913437,  -0.000000566,   0.007953415,   0.004502842,   0.009139606
      4.406240,   -0.771375,    1.368970,   0.000010599,   0.011529310,   0.006539015,   0.013254578
      2.206796,   -0.381891,    0.677747,   0.000012166,   0.000896909,   0.000520628,   0.001037134
     -6.017445,   -1.548527,    2.748192,   0.000050958,   0.019962578,   0.011326961,   0.022952280
      3.602701,   -0.190486,    0.338058,   0.000006244,   0.006758247,   0.003827973,   0.007767066
      5.615397,   -0.479322,    0.850659,  -0.000019389,   0.015566463,   0.008819041,   0.017891076
     -0.002800,   -1.642513,    2.914991,   0.000000047,   0.008126438,   0.004599665,   0.009337875
      4.405888,   -0.868581,    1.541482,   0.000009294,   0.012043886,   0.006829750,   0.013845605
      2.005686,   -0.381483,    0.677023,   0.000010494,   0.000716597,   0.000417238,   0.000829282
     -6.016939,   -1.451519,    2.576031,   0.000050950,   0.018690681,   0.010612490,   0.021493466
      3.604869,   -0.287077,    0.509480,   0.000012267,   0.006213154,   0.003522840,   0.007142397
      5.615518,   -0.576609,    1.023316,  -0.000018018,   0.016049263,   0.009091678,   0.018445536
     -0.203206,   -1.641432,    2.913073,   0.000000680,   0.007938825,   0.004494594,   0.009122846
      4.403777,   -0.965353,    1.713225,   0.000008612,   0.012460131,   0.007064863,   0.014323660
      1.803940,   -0.381880,    0.677727,   0.000009246,   0.000465690,   0.000274743,   0.000540774
     -6.016617,   -1.354740,    2.404275,   0.000048082,   0.017662352,   0.010033003,   0.020313102
      3.605695,   -0.383343,    0.680324,   0.000016440,   0.005834158,   0.003311444,   0.006708452
      5.614397,   -0.673916,    1.196009,  -0.000013573,   0.016979143,   0.009614136,   0.019512127
     -0.402683,   -1.640127,    2.910757,   0.000000680,   0.007595518,   0.004301807,   0.008729114
      4.404849,   -1.062380,    1.885420,   0.000008692,   0.012881217,   0.007303216,   0.014807525
      1.605250,   -0.382007,    0.677953,   0.000008472,   0.000091029,   0.000063257,   0.000111173
     -6.016274,   -1.258155,    2.232865,   0.000042678,   0.016929260,   0.009617734,   0.019470554
      3.605560,   -0.480106,    0.852051,   0.000017787,   0.005866791,   0.003332055,   0.006747010
      5.612418,   -0.771912,    1.369923,  -0.000005264,   0.018301695,   0.010355405,   0.021028231
     -0.603034,   -1.639227,    2.909159,  -0.000000383,   0.007263244,   0.004115565,   0.008348208
      4.404911,   -1.159395,    2.057595,   0.000008923,   0.013427711,   0.007612696,   0.015435564
      1.404972,   -0.382095,    0.678110,   0.000008201,  -0.000468742,  -0.000252067,   0.000532282
     -6.015593,   -1.161557,    2.061432,   0.000036371,   0.016420133,   0.009327176,   0.018884340
      3.605544,   -0.577524,    1.024939,   0.000015931,   0.006355935,   0.003608574,   0.007308896
      5.608656,   -0.870142,    1.544253,   0.000000000,   0.019230074,   0.010879852,   0.022094500
     -0.804045,   -1.638346,    2.907596,  -0.000002574,   0.007150623,   0.004053241,   0.008219500
      4.406542,   -1.256382,    2.229719,   0.000008935,   0.014205180,   0.008052730,   0.016328922
      1.205853,   -0.382088,    0.678096,   0.000007933,  -0.001077993,  -0.000595119,   0.001231380
     -6.014175,   -1.064917,    1.889924,   0.000030536,   0.016068085,   0.009123920,   0.018477830
      3.603108,   -0.675147,    1.198193,   0.000011082,   0.007294766,   0.004135487,   0.008385463
      5.602714,   -0.967081,    1.716292,   0.000000000,   0.019230074,   0.010879852,   0.022094500
     -1.003408,   -1.638219,    2.907370,  -0.000004628,   0.007468137,   0.004232324,   0.008584035
      1.008767,   -0.381659,    0.677335,   0.000007134,  -0.001588289,  -0.000882656,   0.001817084
     -6.013452,   -0.968204,    1.718286,   0.000028065,   0.015660220,   0.008889575,   0.018007438
      4.408734,    1.355878,   -2.406296,   0.000012820,   0.014384107,   0.008130564,   0.016522977
      3.601152,   -0.773454,    1.372660,   0.000004433,   0.008404978,   0.004756707,   0.009657637
      5.607294,   -1.063070,    1.886645,   0.000000000,   0.019230074,   0.010879852,   0.022094500
     -1.203453,   -1.638248,    2.907421,  -0.000005313,   0.008166651,   0.004625257,   0.009385479
      0.810762,   -0.381730,    0.677461,   0.000005643,  -0.001881410,  -0.001048340,   0.002153777
     -6.014565,   -0.871403,    1.546492,   0.000031462,   0.014961175,   0.008493281,   0.017203883
      4.407828,    1.259622,   -2.235470,   0.000012975,   0.013487599,   0.007624967,   0.015493728
      3.597261,   -0.872735,    1.548856,   0.000000000,   0.009030637,   0.005109288,   0.010375800
      5.610446,   -1.159745,    2.058216,  -0.000011433,   0.019550332,   0.011067303,   0.022465547
     -1.404043,   -1.639999,    2.910529,  -0.000004612,   0.008986530,   0.005087011,   0.010326443
      0.611436,   -0.381669,    0.677353,   0.000003898,  -0.001923021,  -0.001072869,   0.002202061
     -6.015986,   -0.774558,    1.374618,   0.000036569,   0.014118108,   0.008017416,   0.016235802
      4.407095,    1.163888,   -2.065569,   0.000012040,   0.012872256,   0.007278496,   0.014787550
      5.611834,   -1.256136,    2.229283,  -0.000018212,   0.020092164,   0.011376138,   0.023089216
      3.595200,    0.974198,   -1.728924,   0.000000000,   0.008787285,   0.004971607,   0.010096200
     -1.605352,   -1.641621,    2.913408,  -0.000003588,   0.009645975,   0.005459323,   0.011083729
      0.410528,   -0.382162,    0.678229,   0.000002363,  -0.001791025,  -0.000999819,   0.002051198
     -6.017205,   -0.677708,    1.202738,   0.000042077,   0.013218465,   0.007510016,   0.015202959
      4.406078,    1.067941,   -1.895291,   0.000010573,   0.012459253,   0.007045546,   0.014313379
      5.612407,   -1.352851,    2.400924,  -0.000022667,   0.020963740,   0.011868964,   0.024090480
     -1.805646,   -1.642518,    2.914999,  -0.000002819,   0.010037337,   0.005680716,   0.011533372
      3.600854,    0.876367,   -1.555301,   0.000000000,   0.008787285,   0.004971607,   0.010096200
      0.208919,   -0.381805,    0.677594,   0.000001140,  -0.001615367,  -0.000901944,   0.001850112
     -6.017980,   -0.581045,    1.031189,   0.000046372,   0.012463004,   0.007082913,   0.014335141
      4.405756,    0.972396,   -1.725724,   0.000009342,   0.012142670,   0.006866279,   0.013949563
      5.612299,   -1.449999,    2.573334,  -0.000024659,   0.022114695,   0.012518191,   0.025411915
     -2.006051,   -1.641457,    2.913118,  -0.000003052,   0.010074761,   0.005703746,   0.011577285
      3.602325,    0.777906,   -1.380560,   0.000005067,   0.008197628,   0.004640269,   0.009419831
      0.009142,   -0.382347,    0.678557,   0.000000036,  -0.001552007,  -0.000866688,   0.001777603
     -6.017403,   -0.483871,    0.858732,   0.000047381,   0.012074156,   0.006860925,   0.013887396
      4.407109,    0.876220,   -1.555039,   0.000009335,   0.011768095,   0.006654011,   0.013519024
      5.612157,   -1.547152,    2.745752,  -0.000023700,   0.023596135,   0.013352018,   0.027111889
     -2.205550,   -1.640154,    2.910805,  -0.000004384,   0.010050133,   0.005691487,   0.011549815
      3.604913,    0.680015,   -1.206832,   0.000011662,   0.007068297,   0.004000194,   0.008121731
     -0.191232,   -0.382335,    0.678535,  -0.000001071,  -0.001603985,  -0.000895591,   0.001837077
     -6.017038,   -0.386957,    0.686737,   0.000046163,   0.012019716,   0.006826899,   0.013823251
      4.407713,    0.778697,   -1.381965,   0.000010555,   0.011260223,   0.006366875,   0.012935604
      5.610229,   -1.644964,    2.919341,  -0.000019192,   0.025332540,   0.014328676,   0.029104105
     -2.405911,   -1.639250,    2.909200,  -0.000006595,   0.010171488,   0.005761265,   0.011689798
      3.606520,    0.582906,   -1.034491,   0.000016865,   0.006078551,   0.003440039,   0.006984478
     -0.396291,   -0.382315,    0.678500,  -0.000002297,  -0.001777448,  -0.000992261,   0.002035659
     -6.016756,   -0.290188,    0.515001,   0.000042365,   0.012288132,   0.006975078,   0.014129816
      4.407577,    0.682198,   -1.210706,   0.000012405,   0.010677894,   0.006038557,   0.012267100
     -2.606972,   -1.638369,    2.907637,  -0.000009042,   0.010575252,   0.005990181,   0.012153941
      5.608868,   -1.743061,    3.093435,  -0.000009080,   0.027347523,   0.015461348,   0.031415607
      3.606151,    0.485460,   -0.861553,   0.000018996,   0.005549400,   0.003141990,   0.006377171
     -0.596193,   -0.382216,    0.678323,  -0.000003807,  -0.001915093,  -0.001068488,   0.002193002
     -6.015867,   -0.193420,    0.343265,   0.000038131,   0.012666251,   0.007185454,   0.014562490
      4.408596,    0.585131,   -1.038440,   0.000014068,   0.010155388,   0.005745168,   0.011667864
     -2.806340,   -1.638238,    2.907404,  -0.000010118,   0.011375786,   0.006441959,   0.013073157
      5.606654,   -1.841119,    3.267460,   0.000000000,   0.028596233,   0.016178970,   0.032855800
     -0.797760,   -0.381810,    0.677603,  -0.000005564,  -0.001886020,  -0.001050986,   0.002159091
     -6.014424,   -0.096625,    0.171482,   0.000034360,   0.013001076,   0.007371359,   0.014945437
      4.409334,    0.487864,   -0.865818,   0.000014797,   0.009829138,   0.005563594,   0.011294501
     -3.395044,    0.969119,   -1.719908,   0.000000000,   0.009077462,   0.005135781,   0.010429600
     -3.007049,   -1.639886,    2.910330,  -0.000009107,   0.012516102,   0.007084639,   0.014382108
     -0.998716,   -0.382075,    0.678074,  -0.000007106,  -0.001601165,  -0.000889896,   0.001831856
      5.602739,    1.941967,   -3.446435,   0.000000000,   0.028244522,   0.015979982,   0.032451700
     -6.013615,    0.000172,   -0.000306,   0.000032074,   0.013158600,   0.007457154,   0.015124779
     -3.200069,    0.966932,   -1.716028,   0.000000055,   0.008237125,   0.004659386,   0.009463620
     -3.207740,   -1.642755,    2.915420,  -0.000006903,   0.013689689,   0.007746797,   0.015729606
     -4.205957,    1.356609,   -2.407593,  -0.000016443,   0.013247700,   0.007487018,   0.015217006
     -1.199331,   -0.382447,    0.678734,  -0.000007935,  -0.001085605,  -0.000599366,   0.001240098
      5.607804,    1.845348,   -3.274965,   0.000000000,   0.028244522,   0.015979982,   0.032451700
     -6.014762,    0.096983,   -0.172117,   0.000034710,   0.012939453,   0.007330893,   0.014871874
     -3.000207,    0.966125,   -1.714596,  -0.000005970,   0.006701160,   0.003788757,   0.007698068
     -3.408022,   -1.644515,    2.918545,  -0.000005330,   0.014588437,   0.008255540,   0.016762353
     -4.005705,    1.356163,   -2.406802,  -0.000017862,   0.012070533,   0.006820632,   0.013864311
     -1.399498,   -0.382771,    0.679309,  -0.000008199,  -0.000471863,  -0.000253761,   0.000535833
      5.611353,    1.748508,   -3.103102,  -0.000005137,   0.026916266,   0.015236822,   0.030929697
     -6.016139,    0.193875,   -0.344072,   0.000038799,   0.012547280,   0.007107705,   0.014420652
     -2.802231,    0.964224,   -1.711222,  -0.000010036,   0.005320486,   0.003006287,   0.006111091
     -3.607587,   -1.646307,    2.921723,  -0.000004675,   0.015252449,   0.008631997,   0.017525656
     -3.804250,    1.356003,   -2.406519,  -0.000017869,   0.011127242,   0.006286618,   0.012780352
     -1.600136,   -0.383258,    0.680174,  -0.000008452,   0.000093240,   0.000064590,   0.000113741
      5.613815,    1.651036,   -2.930117,  -0.000014784,   0.024741585,   0.014000425,   0.028428122
     -6.017390,    0.290871,   -0.516212,   0.000043395,   0.012105978,   0.006857055,   0.013913151
     -2.602887,    0.965053,   -1.712693,  -0.000010210,   0.004430550,   0.002502305,   0.005088360
     -3.807597,   -1.645728,    2.920698,  -0.000005669,   0.015756994,   0.008918751,   0.018105994
     -3.603610,    1.354380,   -2.403637,  -0.000017246,   0.010313096,   0.005825537,   0.011844709
     -1.800963,   -0.383474,    0.680556,  -0.000009212,   0.000475056,   0.000280129,   0.000551575
      5.614353,    1.554232,   -2.758318,  -0.000019722,   0.022838388,   0.012918693,   0.026238998
     -6.018188,    0.388203,   -0.688949,   0.000047401,   0.011789177,   0.006676222,   0.013548390
     -2.402955,    0.964499,   -1.711710,  -0.000007728,   0.004051933,   0.002288690,   0.004653635
     -4.007609,   -1.646158,    2.921460,  -0.000007070,   0.016475350,   0.009325395,   0.018931461
     -3.403815,    1.353896,   -2.402778,  -0.000016787,   0.009533639,   0.005383952,   0.010948859
     -2.001163,   -0.383542,    0.680678,  -0.000010436,   0.000721526,   0.000420150,   0.000835006
      5.613720,    1.457288,   -2.586269,  -0.000021289,   0.021267688,   0.012027268,   0.024432973
     -6.017497,    0.485453,   -0.861541,   0.000048304,   0.011847151,   0.006706320,   0.013613672
     -2.202699,    0.964884,   -1.712393,  -0.000004046,   0.004008622,   0.002265673,   0.004604599
     -4.207764,   -1.645491,    2.920276,  -0.000006982,   0.017575220,   0.009946363,   0.020194517
     -3.202861,    1.351622,   -2.398742,  -0.000016820,   0.008641379,   0.004878448,   0.009923354
     -2.201409,   -0.382985,    0.679689,  -0.000012062,   0.000890841,   0.000517341,   0.001030235
      5.613968,    1.360665,   -2.414791,  -0.000019855,   0.020163023,   0.011402000,   0.023163624
     -6.017356,    0.582285,   -1.033390,   0.000046848,   0.012256275,   0.006934901,   0.014082305
     -2.000977,    0.967053,   -1.716242,   0.000000000,   0.003954113,   0.002237129,   0.004543100
     -4.408154,   -1.645266,    2.919877,  -0.000004571,   0.019046441,   0.010776493,   0.021883778
     -3.003026,    1.350294,   -2.396386,  -0.000017025,   0.007722122,   0.004357847,   0.008866921
      5.612764,    1.264571,   -2.244251,  -0.000015854,   0.019470032,   0.011010773,   0.022367824
     -6.017179,    0.679110,   -1.205227,   0.000042288,   0.013022826,   0.007366425,   0.014961952
     -1.797600,    0.974198,   -1.728924,   0.000000000,   0.003954113,   0.002237129,   0.004543100
      2.402170,    0.387119,   -0.687026,   0.000015100,   0.000850279,   0.000485904,   0.000979441
     -4.608478,   -1.645821,    2.920861,   0.000000491,   0.020811763,   0.011772322,   0.023910605
      2.402009,    0.291280,   -0.516939,   0.000013260,   0.001079692,   0.000616766,   0.001243507
     -2.803105,    1.349713,   -2.395355,  -0.000016846,   0.006844101,   0.003860749,   0.007857950
      5.611116,    1.168179,   -2.073183,  -0.000009338,   0.019180310,   0.010848404,   0.022035704
     -6.015956,    0.775894,   -1.376991,   0.000036747,   0.013922934,   0.007874220,   0.015995399
     -1.599828,    0.963755,   -1.710390,   0.000000000,   0.003954113,   0.002237129,   0.004543100
     -4.808732,   -1.645939,    2.921071,   0.000007412,   0.022714788,   0.012845732,   0.026095488
     -2.601872,    1.349629,   -2.395205,  -0.000015737,   0.006120434,   0.003451384,   0.007026522
      2.401254,    0.195575,   -0.347089,   0.000010792,   0.001442914,   0.000822378,   0.001660850
      5.607794,    1.071583,   -1.901753,   0.000000000,   0.019021885,   0.010762065,   0.021855300
     -6.014480,    0.872637,   -1.548682,   0.000031753,   0.014744928,   0.008337765,   0.016939074
     -1.402647,    0.959680,   -1.703158,   0.000000624,   0.003373284,   0.001907297,   0.003875156
     -2.401300,    1.349708,   -2.395346,  -0.000013959,   0.005603021,   0.003159102,   0.006432260
      2.400933,    0.099685,   -0.176912,   0.000008599,   0.001767830,   0.001006140,   0.002034112
      5.009753,    0.393588,   -0.698506,  -0.000007272,   0.014496113,   0.008205067,   0.016657144
      5.602861,    0.975751,   -1.731680,   0.000000000,   0.019021885,   0.010762065,   0.021855300
     -6.013710,    0.969366,   -1.720347,   0.000028254,   0.015391199,   0.008700967,   0.017680403
     -1.202455,    0.957909,   -1.700015,  -0.000002727,   0.002212550,   0.001249055,   0.002540772
      5.012393,    0.295976,   -0.525273,  -0.000007941,   0.014965093,   0.008470891,   0.017196222
     -2.201316,    1.349597,   -2.395150,  -0.000012064,   0.005263768,   0.002967842,   0.006042805
      2.401935,    0.003801,   -0.006745,   0.000007476,   0.001932635,   0.001099807,   0.002223670
      5.608624,    0.879095,   -1.560143,   0.000000000,   0.019021885,   0.010762065,   0.021855300
     -6.014837,    1.066109,   -1.892039,   0.000030269,   0.015712725,   0.008879283,   0.018048056
     -1.002407,    0.957067,   -1.698520,  -0.000004527,   0.001250247,   0.000703375,   0.001434529
      5.009772,    0.198511,   -0.352300,  -0.000008666,   0.015752236,   0.008914509,   0.018099765
     -2.000273,    1.350355,   -2.396494,  -0.000010562,   0.005030362,   0.002836338,   0.005774899
      2.402014,   -0.092492,    0.164147,   0.000007975,   0.001842350,   0.001049827,   0.002120485
      5.612438,    0.782300,   -1.388358,  -0.000004242,   0.018131361,   0.010261045,   0.020833514
     -6.016304,    1.162876,   -2.063772,   0.000035135,   0.015959484,   0.009015264,   0.018329794
     -0.803665,    0.957140,   -1.698650,  -0.000003816,   0.000865559,   0.000485486,   0.000992424
      5.007683,    0.101141,   -0.179496,  -0.000008443,   0.016371575,   0.009262561,   0.018810199
     -1.799995,    1.350612,   -2.396950,  -0.000009535,   0.004759670,   0.002683236,   0.005463909
      2.404066,   -0.189000,    0.335422,   0.000009805,   0.001604736,   0.000917290,   0.001848430
      5.614517,    0.685991,   -1.217438,  -0.000012651,   0.016827644,   0.009521563,   0.019334681
     -6.016191,    1.259477,   -2.235212,   0.000040315,   0.016363545,   0.009240902,   0.018792592
     -0.603458,    0.957760,   -1.699750,  -0.000002585,   0.001071028,   0.000602573,   0.001228902
      5.006200,    0.003719,   -0.006600,  -0.000007241,   0.016517518,   0.009344504,   0.018977571
     -1.600418,    1.349329,   -2.394673,  -0.000008907,   0.004388095,   0.002472655,   0.005036813
      2.405506,   -0.285540,    0.506752,   0.000012123,   0.001331559,   0.000765110,   0.001535771
      5.614925,    0.589972,   -1.047031,  -0.000017491,   0.015891632,   0.008991488,   0.018259001
     -6.015581,    1.355990,   -2.406495,   0.000044573,   0.017032666,   0.009617503,   0.019560421
     -0.402257,    0.959644,   -1.703093,  -0.000001902,   0.001591832,   0.000898756,   0.001828030
      5.008996,   -0.093415,    0.165785,  -0.000008581,   0.016373700,   0.009262971,   0.018812250
     -1.399600,    1.347802,   -2.391963,  -0.000008572,   0.003862577,   0.002174518,   0.004432618
      5.615172,    0.492721,   -0.874439,  -0.000019320,   0.015393882,   0.008710633,   0.017687484
     -6.016262,    1.452599,   -2.577948,   0.000046074,   0.018076663,   0.010208046,   0.020759867
     -0.201135,    0.963519,   -1.709971,   0.000000000,   0.001846930,   0.001044942,   0.002122040
      5.011854,   -0.189972,    0.337146,  -0.000008866,   0.015773629,   0.008923984,   0.018123050
     -1.199883,    1.346386,   -2.389450,  -0.000008073,   0.003301430,   0.001856210,   0.003787482
     -2.205910,    0.384695,   -0.682723,  -0.000013126,   0.000592190,   0.000338951,   0.000682458
     -6.016004,    1.549236,   -2.749451,   0.000044376,   0.019478185,   0.011003533,   0.022371397
      0.000000,    0.974198,   -1.728924,   0.000000000,   0.001846930,   0.001044942,   0.002122040
      5.013599,   -0.287304,    0.509882,  -0.000008097,   0.015022194,   0.008500749,   0.017260624
     -5.392800,    1.948397,   -3.457848,   0.000000000,   0.028415808,   0.016076891,   0.032648500
     -1.000329,    1.345948,   -2.388672,  -0.000007022,   0.002822268,   0.001584508,   0.003236652
     -2.005149,    0.384183,   -0.681814,  -0.000011253,   0.000419275,   0.000240608,   0.000483539
     -6.016133,    1.645845,   -2.920905,   0.000038668,   0.021157487,   0.011959068,   0.024303499
      0.199937,    0.962515,   -1.708189,   0.000000000,   0.001846930,   0.001044942,   0.002122040
      5.013957,   -0.383997,    0.681484,  -0.000007787,   0.014648141,   0.008291987,   0.016832265
     -5.199504,    1.940008,   -3.442959,   0.000000000,   0.028415808,   0.016076891,   0.032648500
     -0.799502,    1.346265,   -2.389236,  -0.000005327,   0.002531891,   0.001420120,   0.002902972
     -1.804198,    0.384053,   -0.681584,  -0.000009754,   0.000172167,   0.000100532,   0.000199608
     -6.015292,    1.742533,   -3.092498,   0.000031570,   0.022775175,   0.012879747,   0.026164814
      0.398041,    0.958422,   -1.700925,   0.000001898,   0.001584220,   0.000894473,   0.001819297
      5.014019,   -0.481203,    0.853998,  -0.000008103,   0.014710110,   0.008329933,   0.016904886
     -5.000817,    1.937343,   -3.438230,   0.000009471,   0.027435253,   0.015528448,   0.031525004
     -0.599251,    1.346833,   -2.390244,  -0.000003466,   0.002456559,   0.001377945,   0.002816634
     -1.606105,    0.384211,   -0.681865,  -0.000008808,  -0.000201262,  -0.000110677,   0.000229855
     -6.013751,    1.838941,   -3.263594,   0.000024994,   0.024062942,   0.013611221,   0.027645816
      0.597094,    0.956786,   -1.698022,   0.000002573,   0.001066002,   0.000599720,   0.001223123
     -0.399362,    1.348133,   -2.392550,  -0.000001907,   0.002534156,   0.001422592,   0.002906152
      5.014206,   -0.578902,    1.027386,  -0.000008472,   0.015208807,   0.008613364,   0.017478499
     -4.803318,    1.936036,   -3.435910,   0.000006871,   0.025319874,   0.014334544,   0.029095966
     -1.406037,    0.384555,   -0.682474,  -0.000008476,  -0.000764087,  -0.000428546,   0.000876100
     -6.013309,    1.935228,   -3.434476,   0.000020583,   0.024876138,   0.014071399,   0.028580184
      0.795979,    0.956074,   -1.696758,   0.000003798,   0.000855820,   0.000479943,   0.000981218
     -0.198239,    1.349068,   -2.394210,  -0.000000805,   0.002658613,   0.001493729,   0.003049500
      5.013044,   -0.675639,    1.199066,  -0.000009088,   0.016074886,   0.009101921,   0.018472872
     -4.603620,    1.936268,   -3.436322,   0.000001196,   0.023128817,   0.013095050,   0.026578610
     -1.207411,    0.384347,   -0.682107,  -0.000008227,  -0.001374217,  -0.000773088,   0.001576770
     -6.014422,    2.031585,   -3.605482,   0.000022691,   0.025027722,   0.014155573,   0.028753567
      0.996485,    0.956451,   -1.697427,   0.000004542,   0.001238281,   0.000696554,   0.001420756
      0.002201,    1.349399,   -2.394797,   0.000000052,   0.002701668,   0.001518300,   0.003099071
      5.008932,   -0.772095,    1.370247,  -0.000009512,   0.017205718,   0.009737824,   0.019770231
     -4.404289,    1.935367,   -3.434722,  -0.000002807,   0.021200897,   0.012003137,   0.024362950
     -1.009386,    0.383299,   -0.680246,  -0.000007463,  -0.001889402,  -0.001064076,   0.002168445
     -6.016117,    2.127646,   -3.775964,   0.000028679,   0.024788872,   0.014020072,   0.028478965
      1.196784,    0.957426,   -1.699157,   0.000002764,   0.002201402,   0.001242736,   0.002527958
      0.202017,    1.348608,   -2.393394,   0.000000909,   0.002661825,   0.001495507,   0.003053171
      5.005885,   -0.869089,    1.542385,  -0.000008906,   0.018078578,   0.010227906,   0.020771257
     -4.204018,    1.936093,   -3.436012,  -0.000004706,   0.019546908,   0.011065463,   0.022461658
     -0.810936,    0.383365,   -0.680363,  -0.000006006,  -0.002184387,  -0.001230830,   0.002507294
      1.396384,    0.959284,   -1.702455,  -0.000000632,   0.003369761,   0.001905298,   0.003871104
      0.403142,    1.347462,   -2.391360,   0.000002016,   0.002545055,   0.001428681,   0.002918636
      5.002222,   -0.966409,    1.715100,  -0.000006028,   0.018293895,   0.010349539,   0.021018553
     -4.002304,    1.937313,   -3.438176,  -0.000003662,   0.018204285,   0.010302808,   0.020917549
      6.016110,   -2.126835,    3.774524,  -0.000034552,   0.024344664,   0.013788236,   0.027978193
     -0.611308,    0.383768,   -0.681078,  -0.000004268,  -0.002222079,  -0.001252388,   0.002550711
      1.598006,    0.964541,   -1.711785,   0.000000000,   0.003969466,   0.002245816,   0.004560740
      0.603230,    1.346197,   -2.389114,   0.000003572,   0.002480382,   0.001391318,   0.002843954
      5.004793,   -1.063716,    1.887792,  -0.000005866,   0.018364473,   0.010389879,   0.021099845
     -3.799612,    1.940140,   -3.443195,   0.000000000,   0.017428960,   0.009860831,   0.020025100
      5.814271,   -2.127662,    3.775992,  -0.000013829,   0.026846096,   0.015197154,   0.030849093
     -0.410216,    0.383464,   -0.680539,  -0.000002693,  -0.002079340,  -0.001172126,   0.002386952
      1.797600,    0.974198,   -1.728924,   0.000000000,   0.003969466,   0.002245816,   0.004560740
      0.802829,    1.345801,   -2.388413,   0.000005387,   0.002571662,   0.001442509,   0.002948611
      5.006402,   -1.160287,    2.059178,  -0.000007324,   0.018519267,   0.010479017,   0.021278466
     -3.595200,    1.948397,   -3.457848,   0.000000000,   0.017428960,   0.009860831,   0.020025100
      5.612646,   -2.129349,    3.778985,  -0.000008246,   0.028198010,   0.015957127,   0.032399965
     -0.208557,    0.383400,   -0.680426,  -0.000001359,  -0.001893862,  -0.001067749,   0.002174122
      1.999671,    0.966819,   -1.715827,   0.000000000,   0.003969466,   0.002245816,   0.004560740
      1.003737,    1.346254,   -2.389216,   0.000007001,   0.002883976,   0.001619311,   0.003307497
      5.008026,   -1.256956,    2.230737,  -0.000009201,   0.018966307,   0.010734246,   0.021793231
     -3.399672,    1.938175,   -3.439706,   0.000000000,   0.017428960,   0.009860831,   0.020025100
      5.411361,   -2.130389,    3.780832,  -0.000010031,   0.028429538,   0.016084488,   0.032664193
     -0.008755,    0.383699,   -0.680957,  -0.000000061,  -0.001827067,  -0.001030149,   0.002097470
      2.201285,    0.965052,   -1.712691,   0.000003962,   0.003990794,   0.002255707,   0.004584175
      1.204136,    1.346898,   -2.390358,   0.000007943,   0.003378115,   0.001899505,   0.003875545
      5.009133,   -1.353963,    2.402897,  -0.000011013,   0.019871795,   0.011246785,   0.022833715
     -3.200971,    1.934166,   -3.432592,   0.000001469,   0.016635308,   0.009414852,   0.019114730
      5.210924,   -2.129426,    3.779123,  -0.000015600,   0.028024755,   0.015849773,   0.032196311
      0.191750,    0.383877,   -0.681271,   0.000001240,  -0.001884239,  -0.001062346,   0.002163085
      2.401570,    0.964541,   -1.711784,   0.000007498,   0.003968301,   0.002241527,   0.004557622
      1.404072,    1.347846,   -2.392042,   0.000008311,   0.003941065,   0.002218857,   0.004522764
      5.008079,   -1.451013,    2.575133,  -0.000012346,   0.021116710,   0.011949209,   0.024263124
     -3.001443,    1.932561,   -3.429744,  -0.000002866,   0.015152803,   0.008577898,   0.017412288
      5.008689,   -2.127090,    3.774976,  -0.000014323,   0.026709977,   0.015097026,   0.030681318
      0.396454,    0.384109,   -0.681684,   0.000002586,  -0.002069538,  -0.001166631,   0.002375715
      2.602658,    0.964997,   -1.712594,   0.000009983,   0.004281772,   0.002418266,   0.004917487
      1.605209,    1.349046,   -2.394171,   0.000008526,   0.004460194,   0.002513390,   0.005119622
      5.009888,   -1.548296,    2.747782,  -0.000012822,   0.022641014,   0.012807700,   0.026012552
     -2.803040,    1.931781,   -3.428360,  -0.000006242,   0.013789888,   0.007807436,   0.015846675
      4.809601,   -2.126360,    3.773681,  -0.000006377,   0.024667177,   0.013935606,   0.028331445
      0.595549,    0.383811,   -0.681155,   0.000004121,  -0.002216978,  -0.001249540,   0.002544869
      2.802243,    0.965176,   -1.712911,   0.000009952,   0.005119237,   0.002892495,   0.005879899
      1.805624,    1.349494,   -2.394966,   0.000009041,   0.004810217,   0.002711770,   0.005521953
     -2.601962,    1.931474,   -3.427814,  -0.000006402,   0.012902202,   0.007305120,   0.014826720
      4.607988,   -2.126941,    3.774712,   0.000001766,   0.022606336,   0.012769137,   0.025963383
      0.797542,    0.383375,   -0.680381,   0.000005868,  -0.002194815,  -0.001236740,   0.002519281
      5.009754,    1.648569,   -2.925739,  -0.000012365,   0.023676609,   0.013396912,   0.027204029
      3.001796,    0.966777,   -1.715752,   0.000006035,   0.006463444,   0.003654284,   0.007424954
      2.005369,    1.348659,   -2.393484,   0.000009959,   0.005048066,   0.002846261,   0.005795194
     -2.401074,    1.932148,   -3.429010,  -0.000004511,   0.012545016,   0.007102271,   0.014415953
      4.407540,   -2.126358,    3.773678,   0.000007481,   0.020785477,   0.011741617,   0.023872613
      0.997966,    0.383895,   -0.681304,   0.000007368,  -0.001913643,  -0.001077785,   0.002196294
      5.010030,    1.551243,   -2.753014,  -0.000010776,   0.021817403,   0.012341046,   0.025065925
      3.200858,    0.968503,   -1.718816,   0.000000129,   0.007958534,   0.004501685,   0.009143491
      2.206438,    1.347448,   -2.391334,   0.000011373,   0.005238727,   0.002953540,   0.006013966
     -2.200914,    1.933723,   -3.431806,  -0.000002163,   0.012471373,   0.007058609,   0.014330357
      4.207381,   -2.126835,    3.774525,   0.000010181,   0.019278741,   0.010893386,   0.022143527
      1.199253,    0.384980,   -0.683230,   0.000008164,  -0.001397601,  -0.000786294,   0.001603625
      5.010296,    1.455074,   -2.582340,  -0.000009465,   0.020259270,   0.011457964,   0.023274945
      3.399032,    0.970343,   -1.722082,   0.000000000,   0.008787285,   0.004971607,   0.010096200
      2.406979,    1.347646,   -2.391686,   0.000013242,   0.005533633,   0.003119665,   0.006352446
     -1.999792,    1.937644,   -3.438764,   0.000000000,   0.012352175,   0.006988524,   0.014192100
      4.007018,   -2.127671,    3.776008,   0.000009747,   0.018203728,   0.010290214,   0.020910866
      1.399533,    0.385342,   -0.683872,   0.000008414,  -0.000783586,  -0.000439534,   0.000898481
      5.010895,    1.358002,   -2.410065,  -0.000008025,   0.019065984,   0.010783596,   0.021904286
      2.606400,    1.348099,   -2.392490,   0.000015065,   0.006004031,   0.003385327,   0.006892681
      3.601330,    0.097415,   -0.172884,   0.000000000,   0.007000750,   0.003960834,   0.008043550
     -1.797600,    1.948397,   -3.457848,   0.000000000,   0.012352175,   0.006988524,   0.014192100
      3.806545,   -2.128997,    3.778361,   0.000007673,   0.017599579,   0.009953630,   0.020219297
      1.600467,    0.385961,   -0.684970,   0.000008745,  -0.000218386,  -0.000120292,   0.000249477
      3.401213,    0.098065,   -0.174038,   0.000000000,   0.007000750,   0.003960834,   0.008043550
      5.010284,    1.260892,   -2.237723,  -0.000006937,   0.018333685,   0.010371432,   0.021063966
      2.806718,    1.348566,   -2.393320,   0.000016312,   0.006679825,   0.003767608,   0.007669107
      3.399014,    0.002158,   -0.003831,   0.000000000,   0.007000750,   0.003960834,   0.008043550
     -1.599640,    1.937110,   -3.437817,   0.000000000,   0.012352175,   0.006988524,   0.014192100
      3.606184,   -2.130380,    3.780816,   0.000003798,   0.017404288,   0.009846686,   0.019996662
      1.800850,    0.386774,   -0.686412,   0.000009705,   0.000160055,   0.000093813,   0.000185776
      5.009139,    1.164405,   -2.066487,  -0.000006249,   0.018117102,   0.010251005,   0.020816160
      3.007116,    1.350313,   -2.396420,   0.000016690,   0.007528840,   0.004248308,   0.008644757
     -1.399477,    1.932995,   -3.430513,   0.000001094,   0.011857640,   0.006711766,   0.013625397
      3.406145,   -2.128595,    3.777648,   0.000000483,   0.017056740,   0.009650021,   0.019597328
     -3.402231,   -0.869348,    1.542845,   0.000000000,   0.009120022,   0.005159860,   0.010478500
      2.001271,    0.386955,   -0.686734,   0.000011197,   0.000410329,   0.000235778,   0.000473378
      5.006621,    1.068873,   -1.896944,  -0.000005710,   0.018123329,   0.010254765,   0.020823431
      3.207125,    1.352157,   -2.399692,   0.000016659,   0.008421596,   0.004753948,   0.009670759
     -1.199359,    1.931547,   -3.427943,  -0.000001341,   0.010789932,   0.006109808,   0.012399693
      3.204456,   -2.126739,    3.774354,   0.000002054,   0.015940108,   0.009013915,   0.018312229
     -3.404169,   -0.771058,    1.368407,  -0.000002422,   0.008129499,   0.004599710,   0.009340562
      2.201721,    0.387586,   -0.687855,   0.000013066,   0.000587048,   0.000336411,   0.000676734
      5.004562,    0.972316,   -1.725583,  -0.000006157,   0.018111894,   0.010247373,   0.020809839
      3.406701,    1.353569,   -2.402198,   0.000016749,   0.009278623,   0.005239572,   0.010655808
     -1.000677,    1.930993,   -3.426961,  -0.000002740,   0.009881888,   0.005596853,   0.011356782
      3.005392,   -2.125771,    3.772635,   0.000006646,   0.014459710,   0.008172315,   0.016609334
     -3.404946,   -0.673088,    1.194538,  -0.000010058,   0.006647304,   0.003769506,   0.007641723
      5.007212,    0.876769,   -1.556015,  -0.000009168,   0.017885337,   0.010118416,   0.020549154
     -2.200756,   -0.287419,    0.510087,  -0.000009962,   0.001127210,   0.000647891,   0.001300178
      3.606846,    1.355150,   -2.405005,   0.000017291,   0.010056258,   0.005680140,   0.011549572
     -0.799720,    1.930905,   -3.426804,  -0.000002066,   0.009533360,   0.005399617,   0.010956314
      2.805400,   -2.125651,    3.772422,   0.000009284,   0.013227708,   0.007473923,   0.015193152
     -3.406745,   -0.576044,    1.022313,  -0.000015350,   0.005594069,   0.003178199,   0.006433879
      5.010068,    0.779887,   -1.384076,  -0.000009627,   0.016989847,   0.009610605,   0.019519700
     -2.200819,   -0.191603,    0.340041,  -0.000006900,   0.001545892,   0.000881573,   0.001779607
      3.807115,    1.355670,   -2.405927,   0.000017942,   0.010852304,   0.006131010,   0.012464433
     -0.599103,    1.931752,   -3.428307,  -0.000001205,   0.009774582,   0.005535232,   0.011233043
      2.604350,   -2.125598,    3.772328,   0.000009389,   0.012405469,   0.007009140,   0.014248642
     -3.405176,   -0.478161,    0.848599,  -0.000017630,   0.004988473,   0.002836270,   0.005738431
      5.011435,    0.683699,   -1.213371,  -0.000008495,   0.015810266,   0.008942542,   0.018164075
     -2.200735,   -0.095875,    0.170150,  -0.000004663,   0.001850874,   0.001052257,   0.002129084
      4.007453,    1.356131,   -2.406744,   0.000017939,   0.011792158,   0.006663067,   0.013544437
     -0.399670,    1.933458,   -3.431336,  -0.000001046,   0.010258491,   0.005806873,   0.011787977
      2.404025,   -2.126072,    3.773170,   0.000007859,   0.012056326,   0.006813235,   0.013848293
     -3.406839,   -0.380844,    0.675890,  -0.000016437,   0.004948316,   0.002811457,   0.005691256
      5.012222,    0.587169,   -1.042057,  -0.000007602,   0.014943936,   0.008453495,   0.017169241
     -2.200687,    0.000101,   -0.000179,  -0.000003952,   0.001925393,   0.001092833,   0.002213920
      4.207795,    1.355913,   -2.406359,   0.000016518,   0.012962896,   0.007325798,   0.014889737
     -0.199696,    1.937467,   -3.438449,   0.000000000,   0.010445835,   0.005909969,   0.012001800
      2.203743,   -2.127009,    3.774832,   0.000006002,   0.012136761,   0.006861725,   0.013942176
     -3.406073,   -0.284083,    0.504165,  -0.000012177,   0.005360759,   0.003041922,   0.006163698
      5.010697,    0.490389,   -0.870300,  -0.000007300,   0.014489159,   0.008198757,   0.016647985
     -2.201671,    0.096039,   -0.170441,  -0.000005292,   0.001823416,   0.001034783,   0.002096581
      0.000000,    1.948397,   -3.457848,   0.000000000,   0.010445835,   0.005909969,   0.012001800
      2.003367,   -2.128707,    3.777847,   0.000004295,   0.012296996,   0.006955741,   0.014127932
     -3.405013,   -0.187451,    0.332673,  -0.000005183,   0.006207473,   0.003518140,   0.007135129
     -4.207046,   -1.258835,    2.234072,  -0.000012333,   0.012794417,   0.007255441,   0.014708456
     -2.202408,    0.192039,   -0.340815,  -0.000008030,   0.001428240,   0.000811840,   0.001642869
     -4.807703,    1.647673,   -2.924149,   0.000006854,   0.022283431,   0.012607529,   0.025602757
      0.200449,    1.937144,   -3.437877,   0.000000000,   0.010445835,   0.005909969,   0.012001800
      1.802961,   -2.130234,    3.780557,   0.000001779,   0.012325719,   0.006973981,   0.014161912
     -3.403547,   -0.090945,    0.161401,   0.000000000,   0.006755449,   0.003822049,   0.007761710
     -4.206119,   -1.162181,    2.062539,  -0.000011383,   0.011976806,   0.006792689,   0.013768974
     -2.204264,    0.288460,   -0.511934,  -0.000011090,   0.000897247,   0.000512144,   0.001033182
     -4.605473,    1.646794,   -2.922588,  -0.000000496,   0.020361365,   0.011518596,   0.023393658
      0.401934,    1.933012,   -3.430544,   0.000001025,   0.010278708,   0.005818355,   0.011811228
      1.602595,   -2.128452,    3.777394,  -0.000000660,   0.012092633,   0.006841365,   0.013893741
     -3.395977,    0.002415,   -0.004286,   0.000000000,   0.006755449,   0.003822049,   0.007761710
     -4.205397,   -1.065410,    1.890799,  -0.000009895,   0.011436441,   0.006486096,   0.013147689
     -4.405446,    1.646366,   -2.921829,  -0.000005915,   0.018615520,   0.010529958,   0.021387324
      0.602571,    1.931553,   -3.427954,   0.000001235,   0.009820164,   0.005561116,   0.011285461
      1.400863,   -2.126641,    3.774180,   0.000000069,   0.011243365,   0.006356898,   0.012916013
     -3.396686,    0.097913,   -0.173767,   0.000000000,   0.006755449,   0.003822049,   0.007761710
      2.204629,   -0.285510,    0.506699,   0.000010022,   0.001142175,   0.000656205,   0.001317297
     -4.204861,   -0.968860,    1.719450,  -0.000009448,   0.011062575,   0.006274510,   0.012718103
     -4.205796,    1.645614,   -2.920493,  -0.000008721,   0.017151219,   0.009700940,   0.019704635
      0.801524,    1.930995,   -3.426964,   0.000002125,   0.009611156,   0.005443747,   0.011045755
      1.201534,   -2.125703,    3.772515,   0.000002917,   0.010099879,   0.005706081,   0.011600298
     -3.400574,    0.194965,   -0.346008,  -0.000004513,   0.006141588,   0.003472885,   0.007055498
      2.002778,   -0.285800,    0.507213,   0.000008163,   0.001067788,   0.000612601,   0.001231064
     -4.205748,   -0.871211,    1.546151,  -0.000010608,   0.010707960,   0.006073666,   0.012310562
     -4.005395,    1.646197,   -2.921529,  -0.000009082,   0.016056640,   0.009081563,   0.018446966
      1.002477,    1.930897,   -3.426790,   0.000002762,   0.009985565,   0.005655649,   0.011475970
      1.001645,   -2.125584,    3.772304,   0.000004076,   0.009262813,   0.005231041,   0.010637834
     -3.403906,    0.291460,   -0.517257,  -0.000012146,   0.005190686,   0.002938275,   0.005964632
      1.802587,   -0.286008,    0.507582,   0.000006905,   0.000946258,   0.000543397,   0.001091206
     -4.207428,   -0.773676,    1.373054,  -0.000012746,   0.010249847,   0.005814736,   0.011784340
     -3.803982,    1.646356,   -2.921812,  -0.000007661,   0.015333919,   0.008673362,   0.017616933
      1.202808,    1.931738,   -3.428283,   0.000001275,   0.010926296,   0.006187096,   0.012556437
      0.800714,   -2.125537,    3.772220,   0.000003507,   0.008908272,   0.005030701,   0.010230605
     -3.404387,    0.387950,   -0.688501,  -0.000017115,   0.004706649,   0.002665253,   0.005408920
      1.602311,   -0.286468,    0.508399,   0.000006304,   0.000557131,   0.000323955,   0.000644501
     -4.207946,   -0.675413,    1.198664,  -0.000015281,   0.009665947,   0.005484617,   0.011113586
     -3.603043,    1.646340,   -2.921783,  -0.000006330,   0.014777945,   0.008359699,   0.016978582
      1.401648,    1.933434,   -3.431292,  -0.000001176,   0.012007045,   0.006796394,   0.013797105
      0.600471,   -2.126019,    3.773076,   0.000002635,   0.009068566,   0.005123052,   0.010415592
     -3.405538,    0.484653,   -0.860120,  -0.000018615,   0.004755524,   0.002691757,   0.005464513
      1.405060,   -0.286680,    0.508776,   0.000006395,  -0.000045601,  -0.000015537,   0.000048598
     -4.209235,   -0.578157,    1.026063,  -0.000017060,   0.009122045,   0.005176399,   0.010488427
     -3.402509,    1.644563,   -2.918630,  -0.000006631,   0.014037632,   0.007940913,   0.016128026
      1.600412,    1.937424,   -3.438373,   0.000000000,   0.012508926,   0.007077210,   0.014372200
      0.400380,   -2.126955,    3.774737,   0.000002590,   0.009639843,   0.005449696,   0.011073652
     -3.404455,    0.581357,   -1.031743,  -0.000016271,   0.005402958,   0.003056983,   0.006207847
      1.208515,   -0.286372,    0.508229,   0.000006782,  -0.000776436,  -0.000427267,   0.000886260
     -4.210158,   -0.480358,    0.852498,  -0.000017682,   0.008727123,   0.004951193,   0.010033808
     -3.203090,    1.642650,   -2.915234,  -0.000008123,   0.013073277,   0.007395105,   0.015019927
      1.797600,    1.948397,   -3.457848,   0.000000000,   0.012508926,   0.007077210,   0.014372200
      0.200112,   -2.128676,    3.777791,   0.000002062,   0.010125806,   0.005728131,   0.011633719
     -3.404772,    0.678240,   -1.203682,  -0.000010736,   0.006548966,   0.003706120,   0.007524919
      1.009315,   -0.285994,    0.507557,   0.000006440,  -0.001417475,  -0.000788626,   0.001622100
     -4.209728,   -0.382579,    0.678968,  -0.000017064,   0.008524287,   0.004833656,   0.009799387
     -3.002811,    1.641296,   -2.912830,  -0.000010434,   0.011896256,   0.006728063,   0.013667035
      2.000513,    1.937202,   -3.437980,   0.000000000,   0.012508926,   0.007077210,   0.014372200
     -0.000313,   -2.130225,    3.780541,   0.000000056,   0.010254722,   0.005802372,   0.011782480
     -3.402703,    0.775326,   -1.375983,  -0.000002793,   0.008085299,   0.004578041,   0.009291422
      0.809360,   -0.286127,    0.507794,   0.000004977,  -0.001727359,  -0.000963788,   0.001978050
     -4.208941,   -0.285663,    0.506971,  -0.000015190,   0.008493155,   0.004813076,   0.009762152
     -2.801952,    1.640090,   -2.910691,  -0.000011699,   0.010763879,   0.006086146,   0.012365371
      2.203319,    1.933050,   -3.430612,   0.000002083,   0.012593738,   0.007127864,   0.014470961
     -0.200886,   -2.128459,    3.777406,  -0.000001942,   0.010123494,   0.005726899,   0.011631101
     -3.400839,    0.872546,   -1.548520,   0.000000000,   0.009077462,   0.005135781,   0.010429600
      0.609327,   -0.286393,    0.508266,   0.000003207,  -0.001675610,  -0.000935668,   0.001919155
     -4.207641,   -0.188101,    0.333825,  -0.000012593,   0.008561732,   0.004849844,   0.009839939
     -2.602613,    1.639675,   -2.909954,  -0.000010849,   0.009981352,   0.005643036,   0.011466096
      2.404479,    1.931575,   -3.427994,   0.000004269,   0.012580495,   0.007122367,   0.014456728
     -0.402568,   -2.126659,    3.774212,  -0.000002422,   0.009620272,   0.005438734,   0.011051220
      0.408285,   -0.286253,    0.508018,   0.000001881,  -0.001423266,  -0.000794790,   0.001630147
     -4.206660,   -0.090706,    0.160978,  -0.000010241,   0.008653012,   0.004900732,   0.009944440
      3.399680,   -0.869475,    1.543069,   0.000000000,   0.009030637,   0.005109288,   0.010375800
     -2.402557,    1.639401,   -2.909467,  -0.000008673,   0.009590838,   0.005422553,   0.011017637
      2.603699,    1.931012,   -3.426994,   0.000006143,   0.012840390,   0.007270114,   0.014755684
     -0.602114,   -2.125711,    3.772530,  -0.000002363,   0.009024270,   0.005098159,   0.010364781
      0.207522,   -0.286493,    0.508444,   0.000000879,  -0.001162995,  -0.000649185,   0.001331916
     -4.206505,    0.006028,   -0.010697,  -0.000009512,   0.008694833,   0.004925102,   0.009992840
      3.201026,   -0.867354,    1.539305,   0.000000110,   0.007913470,   0.004479406,   0.009093299
     -2.201913,    1.640859,   -2.912055,  -0.000006509,   0.009496699,   0.005370071,   0.010909858
      2.804661,    1.930899,   -3.426794,   0.000006188,   0.013642677,   0.007724069,   0.015677497
     -0.801927,   -2.125585,    3.772306,  -0.000003192,   0.008828009,   0.004985515,   0.010138497
      0.006552,   -0.286463,    0.508389,   0.000000018,  -0.001025318,  -0.000571943,   0.001174051
     -4.208368,    0.103338,   -0.183395,  -0.000010950,   0.008657821,   0.004905085,   0.009950771
      3.002721,   -0.866099,    1.537077,   0.000006438,   0.006256887,   0.003550934,   0.007194290
     -2.000656,    1.642220,   -2.914472,  -0.000004883,   0.009526193,   0.005387886,   0.010944299
      3.004714,    1.931736,   -3.428279,   0.000003053,   0.014950502,   0.008463344,   0.017179805
     -1.002836,   -2.125535,    3.772217,  -0.000003827,   0.009148343,   0.005166545,   0.010506445
     -0.196555,   -0.286915,    0.509191,  -0.000000851,  -0.001153595,  -0.000643929,   0.001321146
     -4.210494,    0.201094,   -0.356884,  -0.000013793,   0.008542473,   0.004840248,   0.009818454
      2.803416,   -0.864595,    1.534409,   0.000010136,   0.004936847,   0.002809692,   0.005680399
     -1.800127,    1.642869,   -2.915623,  -0.000004009,   0.009462836,   0.005353230,   0.010872090
      3.202965,    1.933416,   -3.431260,  -0.000001181,   0.016376727,   0.009268496,   0.018817604
     -1.203031,   -2.126014,    3.773067,  -0.000002821,   0.009952128,   0.005622738,   0.011430662
     -0.397027,   -0.286984,    0.509315,  -0.000001846,  -0.001408716,  -0.000786647,   0.001613473
     -4.211948,    0.298840,   -0.530356,  -0.000016664,   0.008422895,   0.004771823,   0.009680688
      2.603945,   -0.865330,    1.535714,   0.000010487,   0.004099109,   0.002337365,   0.004718695
     -1.599717,    1.641633,   -2.913430,  -0.000004166,   0.009024866,   0.005105061,   0.010368697
      3.400531,    1.937387,   -3.438307,   0.000000000,   0.017150011,   0.009703009,   0.019704600
     -1.403026,   -2.126941,    3.774712,  -0.000000123,   0.011075197,   0.006261928,   0.012722882
     -0.598403,   -0.286491,    0.508439,  -0.000003143,  -0.001662879,  -0.000928565,   0.001904576
     -4.209911,    0.394606,   -0.700313,  -0.000018431,   0.008393711,   0.004753385,   0.009646211
      2.403654,   -0.864762,    1.534706,   0.000008637,   0.003759712,   0.002142660,   0.004327413
     -1.400250,    1.640246,   -2.910968,  -0.000004896,   0.008340333,   0.004717106,   0.009581872
      3.595200,    1.948397,   -3.457848,   0.000000000,   0.017150011,   0.009703009,   0.019704600
     -1.603204,   -2.128662,    3.777766,   0.000000572,   0.011909172,   0.006737619,   0.013682978
     -0.798904,   -0.286274,    0.508055,  -0.000004910,  -0.001729170,  -0.000964845,   0.001980146
     -4.208297,    0.490633,   -0.870733,  -0.000018684,   0.008568767,   0.004849859,   0.009846078
      2.203354,   -0.865832,    1.536605,   0.000005630,   0.003934350,   0.002234540,   0.004524633
     -1.199896,    1.639300,   -2.909290,  -0.000005635,   0.007518334,   0.004250811,   0.008636827
      3.800416,    1.939533,   -3.442117,   0.000000000,   0.017150011,   0.009703009,   0.019704600
     -1.803633,   -2.130222,    3.780535,  -0.000001819,   0.012144229,   0.006871321,   0.013953399
     -0.998700,   -0.286621,    0.508670,  -0.000006410,  -0.001436920,  -0.000799576,   0.001644415
      2.002139,   -0.867339,    1.539279,   0.000000000,   0.004086912,   0.002312263,   0.004695680
     -4.208342,    0.585659,   -1.039377,  -0.000017443,   0.008977148,   0.005078395,   0.010314048
     -0.998918,    1.638388,   -2.907671,  -0.000005228,   0.006804749,   0.003845771,   0.007816303
      4.003998,    1.936459,   -3.436660,   0.000003735,   0.017936784,   0.010151430,   0.020610186
     -2.004384,   -2.128471,    3.777428,  -0.000004320,   0.012118320,   0.006854696,   0.013922663
     -1.199494,   -0.286822,    0.509027,  -0.000006799,  -0.000800061,  -0.000440548,   0.000913360
      1.800880,   -0.869597,    1.543287,   0.000000000,   0.004086912,   0.002312263,   0.004695680
     -4.206727,    0.682042,   -1.210430,  -0.000014960,   0.009548939,   0.005399946,   0.010970045
     -0.799554,    1.638245,   -2.907416,  -0.000003467,   0.006496626,   0.003671231,   0.007462177
      4.205556,    1.936049,   -3.435934,   0.000004784,   0.019297036,   0.010924092,   0.022174567
     -2.206016,   -2.126681,    3.774250,  -0.000006062,   0.011969793,   0.006767362,   0.013750388
     -1.400041,   -0.287207,    0.509711,  -0.000006407,  -0.000053792,  -0.000020118,   0.000057787
      1.601076,   -0.864754,    1.534692,   0.000000000,   0.004086912,   0.002312263,   0.004695680
     -4.205314,    0.778297,   -1.381254,  -0.000012122,   0.010137643,   0.005731862,   0.011645866
     -0.599490,    1.638265,   -2.907452,  -0.000001564,   0.006607713,   0.003734931,   0.007590229
      4.406227,    1.935682,   -3.435281,   0.000002814,   0.020974443,   0.011875064,   0.024102788
     -2.405753,   -2.125722,    3.772549,  -0.000007964,   0.011908734,   0.006729928,   0.013678814
     -1.600235,   -0.287401,    0.510054,  -0.000006301,   0.000561050,   0.000326218,   0.000649026
      1.402490,   -0.861892,    1.529611,  -0.000000930,   0.003231314,   0.001831562,   0.003714298
     -4.203950,    0.874551,   -1.552077,  -0.000010136,   0.010591865,   0.005988348,   0.012167498
     -0.398872,    1.640018,   -2.910564,  -0.000000503,   0.006967242,   0.003939439,   0.008003852
      4.606347,    1.935843,   -3.435567,  -0.000001282,   0.022923651,   0.012979035,   0.026342914
     -2.605490,   -2.125591,    3.772317,  -0.000009515,   0.012269696,   0.006932558,   0.014092760
     -1.800516,   -0.287797,    0.510757,  -0.000006909,   0.000948630,   0.000544818,   0.001093971
      1.203519,   -0.860501,    1.527144,   0.000002962,   0.001896671,   0.001085381,   0.002185273
     -4.203116,    0.970873,   -1.723022,  -0.000009847,   0.010910501,   0.006168768,   0.012533667
     -0.197597,    1.641638,   -2.913439,  -0.000000125,   0.007331991,   0.004146791,   0.008423418
      4.805773,    1.936709,   -3.437105,  -0.000006965,   0.025128661,   0.014226503,   0.028876341
     -2.806378,   -2.125537,    3.772221,  -0.000009402,   0.013103119,   0.007403665,   0.015050119
     -2.000676,   -0.287775,    0.510719,  -0.000008151,   0.001066884,   0.000612196,   0.001230078
      1.004687,   -0.859995,    1.526245,   0.000004662,   0.000972820,   0.000568017,   0.001126518
     -4.203394,    1.067136,   -1.893861,  -0.000011585,   0.011203808,   0.006334909,   0.012870762
      0.002803,    1.642514,   -2.914992,  -0.000000021,   0.007520609,   0.004254325,   0.008640535
      5.004194,    1.938352,   -3.440021,  -0.000009547,   0.027266553,   0.015433085,   0.031331216
     -3.006527,   -2.126012,    3.773064,  -0.000006764,   0.014340388,   0.008104983,   0.016472326
      0.804801,   -0.860007,    1.526266,   0.000004219,   0.000581793,   0.000347713,   0.000677794
     -4.204531,    1.163622,   -2.065096,  -0.000014281,   0.011629507,   0.006574855,   0.013359430
      2.201143,    0.291601,   -0.517508,   0.000011100,   0.000899496,   0.000513704,   0.001035909
      0.203208,    1.641433,   -2.913074,   0.000000102,   0.007335144,   0.004148547,   0.008427026
      5.200785,    1.941149,   -3.444985,   0.000000000,   0.028244522,   0.015979982,   0.032451700
     -3.206428,   -2.126929,    3.774691,  -0.000002146,   0.015832211,   0.008952981,   0.018188314
      0.605257,   -0.860787,    1.527650,   0.000003268,   0.000761990,   0.000445907,   0.000882878
     -4.205114,    1.260075,   -2.236273,  -0.000016163,   0.012304513,   0.006955033,   0.014134136
      2.200714,    0.195360,   -0.346709,   0.000008073,   0.001436939,   0.000816945,   0.001652954
      5.392800,    1.948397,   -3.457848,   0.000000000,   0.028244522,   0.015979982,   0.032451700
      0.402685,    1.640127,   -2.910757,   0.000000516,   0.006992964,   0.003953983,   0.008033401
     -3.406521,   -2.128648,    3.777742,  -0.000000530,   0.016950770,   0.009590087,   0.019475584
      0.405566,   -0.862580,    1.530834,   0.000002981,   0.001451456,   0.000827989,   0.001671018
      2.200438,    0.099114,   -0.175900,   0.000005292,   0.001838910,   0.001043640,   0.002114428
      4.205490,   -1.256372,    2.229702,   0.000012030,   0.012715394,   0.007211227,   0.014617907
      0.603036,    1.639227,   -2.909159,   0.000001616,   0.006668840,   0.003769572,   0.007660490
     -3.606956,   -2.130214,    3.780521,  -0.000003840,   0.017310840,   0.009793833,   0.019889303
     -5.404858,   -1.846274,    3.276608,   0.000000000,   0.028607982,   0.016185618,   0.032869300
      0.204598,   -0.865460,    1.535944,   0.000000000,   0.001937699,   0.001096297,   0.002226330
      2.200455,    0.002932,   -0.005203,   0.000003934,   0.001942818,   0.001102698,   0.002233943
      4.004968,   -1.256564,    2.230041,   0.000013354,   0.011520004,   0.006534093,   0.013244057
      0.804047,    1.638346,   -2.907596,   0.000003548,   0.006567674,   0.003711448,   0.007543819
     -3.807885,   -2.128482,    3.777447,  -0.000007746,   0.017514310,   0.009905422,   0.020121344
      0.002558,   -0.869346,    1.542841,   0.000000000,   0.001937699,   0.001096297,   0.002226330
     -5.409791,   -1.746579,    3.099678,   0.000010289,   0.027776137,   0.015704384,   0.031908331
      2.201076,   -0.093117,    0.165256,   0.000004626,   0.001870654,   0.001063374,   0.002151774
      3.803692,   -1.256820,    2.230496,   0.000013164,   0.010694451,   0.006064841,   0.012294460
      1.003410,    1.638219,   -2.907370,   0.000005250,   0.006898128,   0.003898629,   0.007923604
     -4.008364,   -2.127819,    3.776270,  -0.000009838,   0.018134330,   0.010251030,   0.020831170
     -0.196510,   -0.864438,    1.534130,   0.000000000,   0.001937699,   0.001096297,   0.002226330
     -5.412216,   -1.648351,    2.925352,   0.000017101,   0.025954712,   0.014676598,   0.029816939
      2.202263,   -0.189504,    0.336316,   0.000006902,   0.001564762,   0.000892132,   0.001801229
      3.603600,   -1.256083,    2.229189,   0.000012905,   0.010104029,   0.005729594,   0.011615499
      1.203454,    1.638248,   -2.907421,   0.000005565,   0.007613647,   0.004304736,   0.008746336
     -4.209089,   -2.128171,    3.776895,  -0.000010240,   0.019232418,   0.010867305,   0.022090367
     -0.395402,   -0.861421,    1.528776,  -0.000002965,   0.001452419,   0.000828281,   0.001671999
     -5.413092,   -1.551038,    2.752650,   0.000020284,   0.024143692,   0.013657239,   0.027738753
      3.403000,   -1.255206,    2.227631,   0.000012430,   0.009511243,   0.005395387,   0.010934994
      1.404045,    1.639999,   -2.910529,   0.000004715,   0.008463170,   0.004786678,   0.009723042
     -4.409060,   -2.127770,    3.776183,  -0.000007431,   0.020759545,   0.011727107,   0.023842898
     -2.002872,    0.288142,   -0.511369,  -0.000008886,   0.000852113,   0.000485222,   0.000980620
     -0.593973,   -0.859980,    1.526219,  -0.000003249,   0.000758831,   0.000443887,   0.000879130
     -5.412581,   -1.453576,    2.579682,   0.000020953,   0.022680506,   0.012832307,   0.026059046
      3.203697,   -1.252985,    2.223689,   0.000012294,   0.008765618,   0.004976089,   0.010079568
      1.605353,    1.641621,   -2.913408,   0.000003913,   0.009161913,   0.005182715,   0.010526215
     -4.609381,   -2.127471,    3.775653,  -0.000001603,   0.022603213,   0.012767548,   0.025959882
     -1.803867,    0.288126,   -0.511342,  -0.000007163,   0.000748641,   0.000425544,   0.000861164
     -0.794123,   -0.859555,    1.525465,  -0.000004206,   0.000563798,   0.000337460,   0.000657089
     -5.412992,   -1.356842,    2.408007,   0.000019290,   0.021470592,   0.012149690,   0.024669853
      3.002064,   -1.251542,    2.221129,   0.000012710,   0.007827066,   0.004448434,   0.009002871
      1.805647,    1.642518,   -2.914999,   0.000003718,   0.009583902,   0.005421853,   0.011011253
     -4.809615,   -2.127845,    3.776317,   0.000006507,   0.024655360,   0.013929007,   0.028317911
     -1.603608,    0.288682,   -0.512328,  -0.000006225,   0.000355509,   0.000203393,   0.000409627
     -0.993145,   -0.859919,    1.526111,  -0.000004718,   0.000938276,   0.000548587,   0.001086891
     -5.411672,   -1.260472,    2.236978,   0.000015607,   0.020622006,   0.011669265,   0.023694707
      2.800803,   -1.251328,    2.220749,   0.000012689,   0.006912995,   0.003933690,   0.007953840
      2.006052,    1.641457,   -2.913118,   0.000004511,   0.009614420,   0.005437892,   0.011045713
     -5.009731,   -2.128754,    3.777929,   0.000014515,   0.026715762,   0.015100313,   0.030687972
     -1.406012,    0.288777,   -0.512497,  -0.000006295,  -0.000258992,  -0.000143149,   0.000295987
     -1.193002,   -0.860901,    1.527852,  -0.000003104,   0.001858911,   0.001064298,   0.002142029
     -5.410031,   -1.164311,    2.066318,   0.000008698,   0.019925746,   0.011274697,   0.022894414
      2.601421,   -1.251072,    2.220295,   0.000011577,   0.006175296,   0.003516810,   0.007106502
      2.205551,    1.640154,   -2.910805,   0.000006002,   0.009544261,   0.005397052,   0.010964539
     -5.210184,   -2.129873,    3.779916,   0.000015775,   0.028042351,   0.015859728,   0.032216528
     -1.207840,    0.288212,   -0.511494,  -0.000006839,  -0.001009957,  -0.000566517,   0.001158016
     -1.396901,   -0.863117,    1.531785,   0.000000951,   0.003238932,   0.001835966,   0.003723097
     -5.405730,   -1.068654,    1.896555,   0.000000000,   0.019454626,   0.011006898,   0.022352500
      2.401686,   -1.250826,    2.219858,   0.000009621,   0.005638004,   0.003211134,   0.006488341
      2.405911,    1.639250,   -2.909200,   0.000008077,   0.009585388,   0.005419507,   0.011011393
     -5.411116,   -2.131155,    3.782191,   0.000010121,   0.028445832,   0.016093728,   0.032682924
     -1.008869,    0.287692,   -0.510571,  -0.000006698,  -0.001665142,  -0.000936046,   0.001910215
     -1.599642,   -0.866362,    1.537546,   0.000000000,   0.004122579,   0.002332443,   0.004736660
     -5.392800,   -0.974198,    1.728924,   0.000000000,   0.019454626,   0.011006898,   0.022352500
      2.201530,   -1.252366,    2.222592,   0.000007929,   0.005292347,   0.003012391,   0.006089622
      2.606972,    1.638369,   -2.907637,   0.000010361,   0.009888549,   0.005590427,   0.011359418
     -5.612050,   -2.129885,    3.779937,   0.000008342,   0.028213730,   0.015966036,   0.032418034
     -0.808702,    0.288263,   -0.511585,  -0.000005382,  -0.001982529,  -0.001115391,   0.002274764
     -1.799709,   -0.871411,    1.546505,   0.000000000,   0.004122579,   0.002332443,   0.004736660
     -5.406276,   -0.875186,    1.553205,   0.000000000,   0.019454626,   0.011006898,   0.022352500
     -5.814299,   -2.128546,    3.777560,   0.000013984,   0.026855043,   0.015202315,   0.030859422
      2.000219,   -1.253220,    2.224108,   0.000006884,   0.005081356,   0.002889658,   0.005845541
      2.806340,    1.638238,   -2.907404,   0.000011443,   0.010598461,   0.005992387,   0.012175229
     -0.608737,    0.287819,   -0.510797,  -0.000003743,  -0.001919220,  -0.001080268,   0.002202362
     -1.999831,   -0.867755,    1.540016,   0.000000000,   0.004122579,   0.002332443,   0.004736660
     -5.411502,   -0.776554,    1.378161,   0.000007544,   0.018908038,   0.010696244,   0.021723802
      1.800328,   -1.253399,    2.224424,   0.000006726,   0.004911858,   0.002792051,   0.005649951
      3.007051,    1.639521,   -2.909681,   0.000010467,   0.011675142,   0.006602786,   0.013412898
     -0.407896,    0.287884,   -0.510911,  -0.000002467,  -0.001647639,  -0.000927870,   0.001890942
     -2.201508,   -0.865027,    1.535176,  -0.000005670,   0.003964668,   0.002251524,   0.004559384
     -5.414028,   -0.678837,    1.204742,   0.000012729,   0.017778383,   0.010061935,   0.020428255
      6.017037,    0.399455,   -0.708919,  -0.000047023,   0.011671208,   0.006609766,   0.013412990
      1.600142,   -1.252065,    2.222058,   0.000006740,   0.004603721,   0.002618895,   0.005296499
      3.207780,    1.642123,   -2.914299,   0.000008300,   0.012839849,   0.007262947,   0.014751684
      6.016484,    0.302447,   -0.536756,  -0.000043329,   0.011990526,   0.006791971,   0.013780619
     -0.206934,    0.287760,   -0.510691,  -0.000001302,  -0.001361197,  -0.000767131,   0.001562482
     -2.401626,   -0.863871,    1.533125,  -0.000008691,   0.003784797,   0.002156631,   0.004356125
     -5.414636,   -0.582020,    1.032919,   0.000015481,   0.016741767,   0.009479389,   0.019239174
      1.401216,   -1.250244,    2.218826,   0.000006650,   0.004147597,   0.002363805,   0.004773907
      3.408077,    1.643937,   -2.917519,   0.000006887,   0.013783550,   0.007797097,   0.015836067
      6.015675,    0.205387,   -0.364502,  -0.000038976,   0.012438647,   0.007046381,   0.014295907
     -0.005844,    0.287928,   -0.510989,  -0.000000045,  -0.001213475,  -0.000684326,   0.001393134
     -2.602440,   -0.863845,    1.533078,  -0.000010601,   0.004119068,   0.002348430,   0.004741514
     -5.414229,   -0.484503,    0.859854,   0.000016251,   0.016235878,   0.009193340,   0.018658014
      1.200372,   -1.248760,    2.216193,   0.000006376,   0.003561629,   0.002035945,   0.004102476
      3.607636,    1.646079,   -2.921319,   0.000006597,   0.014515127,   0.008210948,   0.016676589
      6.014296,    0.108362,   -0.192312,  -0.000034899,   0.012850777,   0.007280678,   0.014769968
      0.195895,    0.288601,   -0.512185,   0.000001228,  -0.001355522,  -0.000763966,   0.001555984
     -2.802783,   -0.864347,    1.533969,  -0.000010274,   0.004969771,   0.002828102,   0.005718119
     -5.414361,   -0.387077,    0.686951,   0.000015102,   0.016191088,   0.009166403,   0.018605765
      0.999537,   -1.248570,    2.215855,   0.000005492,   0.003030094,   0.001737849,   0.003493081
      3.807627,    1.645688,   -2.920626,   0.000007907,   0.015062278,   0.008519592,   0.017304789
      6.013586,    0.011382,   -0.020200,  -0.000032141,   0.013084033,   0.007414738,   0.015038993
      0.396319,    0.288437,   -0.511892,   0.000002392,  -0.001632402,  -0.000919338,   0.001873479
     -3.002726,   -0.865587,    1.536169,  -0.000006573,   0.006299829,   0.003575021,   0.007243526
     -5.412990,   -0.289997,    0.514662,   0.000012189,   0.016687202,   0.009445068,   0.019174780
      0.800374,   -1.248699,    2.216084,   0.000003905,   0.002704968,   0.001554335,   0.003119748
      4.007631,    1.646127,   -2.921404,   0.000009245,   0.015795480,   0.008933747,   0.018146876
      6.014865,   -0.085562,    0.151849,  -0.000034243,   0.012932572,   0.007332309,   0.014866585
      0.597789,    0.287995,   -0.511109,   0.000003643,  -0.001908772,  -0.001074420,   0.002190389
     -3.202391,   -0.867151,    1.538946,  -0.000000114,   0.007983758,   0.004518917,   0.009173931
     -5.410927,   -0.193132,    0.342755,   0.000006822,   0.017289025,   0.009784112,   0.019865530
      0.600516,   -1.249848,    2.218123,   0.000002000,   0.002605634,   0.001496219,   0.003004664
      4.207768,    1.645748,   -2.920732,   0.000008820,   0.016898557,   0.009557945,   0.019414315
      6.016395,   -0.182523,    0.323926,  -0.000037803,   0.012597381,   0.007146134,   0.014483186
      0.798521,    0.287984,   -0.511090,   0.000005269,  -0.001987135,  -0.001118011,   0.002280061
     -5.406049,   -0.096049,    0.170460,   0.000000000,   0.017485968,   0.009893085,   0.020090600
      3.407221,    0.387182,   -0.687138,   0.000016760,   0.004762459,   0.002697823,   0.005473531
      0.400115,   -1.250920,    2.220026,   0.000000603,   0.002645203,   0.001515183,   0.003048422
      4.408139,    1.645735,   -2.920709,   0.000005965,   0.018365951,   0.010388703,   0.021100553
      6.017659,   -0.279530,    0.496085,  -0.000041950,   0.012198024,   0.006923696,   0.014026087
      0.998843,    0.288858,   -0.512641,   0.000006626,  -0.001691432,  -0.000950897,   0.001940410
      3.406561,    0.289736,   -0.514198,   0.000011630,   0.005341121,   0.003023933,   0.006137742
     -5.392800,    0.000000,    0.000000,   0.000000000,   0.017485968,   0.009893085,   0.020090600
      0.198471,   -1.252332,    2.222531,  -0.000000010,   0.002723286,   0.001556081,   0.003136507
      4.608444,    1.646199,   -2.921533,   0.000000485,   0.020119657,   0.011381813,   0.023115931
      6.018437,   -0.376767,    0.668653,  -0.000045788,   0.011889464,   0.006752824,   0.013673408
      1.199650,    0.288971,   -0.512842,   0.000006805,  -0.001039185,  -0.000582998,   0.001191570
      3.405040,    0.193747,   -0.343846,   0.000004048,   0.006365356,   0.003599514,   0.007312611
     -5.406661,    0.098509,   -0.174826,   0.000000000,   0.017485968,   0.009893085,   0.020090600
      4.808654,    1.647319,   -2.923520,  -0.000006808,   0.022027953,   0.012462988,   0.025309224
     -0.001868,   -1.252995,    2.223708,   0.000000109,   0.002772691,   0.001582568,   0.003192545
      6.017754,   -0.474918,    0.842843,  -0.000046864,   0.011922287,   0.006774686,   0.013712749
      1.399857,    0.289614,   -0.513982,   0.000006254,  -0.000281147,  -0.000155613,   0.000321400
     -5.412019,    0.196810,   -0.349282,   0.000007139,   0.017274122,   0.009771789,   0.019846491
      3.400471,   -0.093980,    0.166787,   0.000000000,   0.007000750,   0.003960834,   0.008043550
     -0.202494,   -1.251821,    2.221624,   0.000000218,   0.002710893,   0.001549110,   0.003122288
      6.017362,   -0.572301,    1.015670,  -0.000045741,   0.012291138,   0.006985463,   0.014137569
      1.600553,    0.289799,   -0.514311,   0.000006164,   0.000345719,   0.000197918,   0.000398411
     -4.809324,   -1.549885,    2.750603,   0.000006382,   0.021156534,   0.011970757,   0.024308393
     -5.414650,    0.294281,   -0.522265,   0.000012388,   0.016622739,   0.009405196,   0.019099039
      3.402919,   -0.190099,    0.337371,   0.000004600,   0.006434669,   0.003646546,   0.007396099
     -0.401811,   -1.250206,    2.218758,  -0.000000404,   0.002622442,   0.001502322,   0.003022279
      6.016789,   -0.669775,    1.188660,  -0.000041498,   0.013023226,   0.007399568,   0.014978643
      1.800752,    0.290552,   -0.515647,   0.000007135,   0.000733288,   0.000416985,   0.000843587
     -4.810106,   -1.452316,    2.577445,   0.000005456,   0.019723354,   0.011164357,   0.022663927
     -5.415297,    0.391855,   -0.695431,   0.000015131,   0.016074482,   0.009096148,   0.018469681
      3.404439,   -0.286354,    0.508196,   0.000011560,   0.005532487,   0.003138646,   0.006360789
     -0.602421,   -1.248864,    2.216376,  -0.000001814,   0.002570185,   0.001476173,   0.002963940
      6.015877,   -0.767417,    1.361945,  -0.000036038,   0.013913412,   0.007901776,   0.016000700
      2.000873,    0.290763,   -0.516021,   0.000008877,   0.000844996,   0.000481388,   0.000972539
     -4.810530,   -1.355514,    2.405650,   0.000004286,   0.018520850,   0.010486131,   0.021283347
     -5.415142,    0.488821,   -0.867517,   0.000015942,   0.016091415,   0.009104827,   0.018488693
      3.406542,   -0.383143,    0.679969,   0.000015895,   0.005065173,   0.002877026,   0.005825247
     -0.803356,   -1.248748,    2.216171,  -0.000003750,   0.002670479,   0.001534806,   0.003080114
      6.014456,   -0.865054,    1.535223,  -0.000030915,   0.014762425,   0.008381032,   0.016975625
     -4.810205,   -1.258908,    2.234202,   0.000003251,   0.017652022,   0.009994116,   0.020284877
     -5.415134,    0.586133,   -1.040218,   0.000014826,   0.016600024,   0.009391564,   0.019072559
     -2.000698,   -0.191785,    0.340364,  -0.000005246,   0.001615137,   0.000918777,   0.001858183
      3.405516,   -0.479896,    0.851679,   0.000017210,   0.005051140,   0.002871224,   0.005810184
     -1.002762,   -1.248816,    2.216291,  -0.000005362,   0.002996358,   0.001718677,   0.003454278
      6.013726,   -0.962524,    1.708205,  -0.000027561,   0.015465504,   0.008779657,   0.017783839
     -4.808373,   -1.162221,    2.062610,   0.000002011,   0.017069417,   0.009663114,   0.019614810
     -5.413785,    0.683422,   -1.212878,   0.000011797,   0.017677226,   0.010001825,   0.020310612
     -2.000139,   -0.096074,    0.170504,   0.000000000,   0.001910013,   0.001080633,   0.002194520
      3.405324,   -0.577108,    1.024201,   0.000015066,   0.005598488,   0.003180408,   0.006438811
     -1.202348,   -1.249680,    2.217824,  -0.000006265,   0.003531610,   0.002018852,   0.004067932
      6.014894,   -1.059781,    1.880809,  -0.000030101,   0.015878617,   0.009017060,   0.018260305
     -4.807123,   -1.065564,    1.891071,   0.000001437,   0.016747360,   0.009479665,   0.019244171
     -5.411363,    0.780461,   -1.385095,   0.000006590,   0.018820923,   0.010650505,   0.021625458
     -1.999503,   -0.000126,    0.000224,   0.000000000,   0.001910013,   0.001080633,   0.002194520
      3.405058,   -0.674602,    1.197226,   0.000009859,   0.006626204,   0.003757465,   0.007617429
     -1.402503,   -1.251195,    2.220514,  -0.000006566,   0.004118970,   0.002347521,   0.004740972
      6.015107,   -1.156115,    2.051774,  -0.000035760,   0.016259708,   0.009236642,   0.018700132
     -4.806022,   -0.969080,    1.719840,   0.000001879,   0.016507982,   0.009344196,   0.018969119
     -5.406411,    0.877308,   -1.556971,   0.000000000,   0.019340087,   0.010942095,   0.022220900
     -2.001770,    0.095973,   -0.170324,   0.000000000,   0.001910013,   0.001080633,   0.002194520
      3.403241,   -0.772336,    1.370675,   0.000002379,   0.008069187,   0.004565743,   0.009271343
     -1.604028,   -1.252318,    2.222506,  -0.000006689,   0.004580189,   0.002605461,   0.005269402
      6.015439,   -1.252411,    2.222671,  -0.000042029,   0.016788352,   0.009538213,   0.019308755
     -4.807375,   -0.872146,    1.547809,   0.000002308,   0.016088504,   0.009108599,   0.018488011
     -5.392800,    0.974198,   -1.728924,   0.000000000,   0.019340087,   0.010942095,   0.022220900
     -2.002705,    0.192083,   -0.340893,  -0.000005962,   0.001528069,   0.000865597,   0.001756214
     -1.804287,   -1.252926,    2.223585,  -0.000006733,   0.004886307,   0.002777475,   0.005620534
      6.016325,   -1.349356,    2.394721,  -0.000047584,   0.017534302,   0.009960816,   0.020166107
      3.400837,    0.874236,   -1.551519,   0.000000000,   0.008787285,   0.004971607,   0.010096200
     -4.809642,   -0.774919,    1.375260,   0.000003190,   0.015470399,   0.008760963,   0.017778857
     -5.403805,    1.069087,   -1.897324,   0.000000000,   0.019340087,   0.010942095,   0.022220900
     -2.004900,   -1.251811,    2.221607,  -0.000006978,   0.005051352,   0.002872524,   0.005810989
      6.016763,   -1.446787,    2.567634,  -0.000050615,   0.018583799,   0.010552243,   0.021370774
      2.001038,   -0.189980,    0.337160,   0.000005219,   0.001614742,   0.000918487,   0.001857697
      3.402523,    0.776373,   -1.377840,   0.000003120,   0.007825789,   0.004431240,   0.008993268
     -4.811181,   -0.677808,    1.202915,   0.000002805,   0.014643068,   0.008295053,   0.016829360
     -5.407273,    1.165027,   -2.067590,   0.000007666,   0.019677809,   0.011132571,   0.022608635
     -2.204838,   -1.251295,    2.220690,  -0.000008111,   0.005264773,   0.002996584,   0.006057839
      6.016735,   -1.544210,    2.740531,  -0.000050736,   0.019881314,   0.011281091,   0.022858964
      1.802384,   -0.190537,    0.338149,   0.000003555,   0.001613179,   0.000917285,   0.001855739
      3.404812,    0.678730,   -1.204552,   0.000010978,   0.006344807,   0.003591100,   0.007290590
     -4.811826,   -0.581199,    1.031461,   0.000001547,   0.013837510,   0.007839959,   0.015904139
     -5.409751,    1.261179,   -2.238233,   0.000013417,   0.020132982,   0.011389098,   0.023131120
     -2.405150,   -1.251179,    2.220485,  -0.000009879,   0.005622550,   0.003202155,   0.006470468
      6.016262,   -1.641468,    2.913136,  -0.000046504,   0.021394692,   0.012129027,   0.024593664
      1.604107,   -0.191093,    0.339135,   0.000002601,   0.001404025,   0.000800231,   0.001616064
      3.404993,    0.581578,   -1.032135,   0.000016330,   0.005273894,   0.002984873,   0.006060008
     -4.812231,   -0.482939,    0.857079,   0.000000859,   0.013339727,   0.007556508,   0.015331312
     -5.410030,    1.357621,   -2.409389,   0.000016482,   0.020794752,   0.011762193,   0.023890818
     -2.605688,   -1.250842,    2.219886,  -0.000011850,   0.006161183,   0.003508547,   0.007090149
      6.015396,   -1.738863,    3.085985,  -0.000040112,   0.022822464,   0.012928803,   0.026230143
      1.405399,   -0.191018,    0.339003,   0.000003374,   0.000662424,   0.000382453,   0.000764910
      3.406386,    0.484060,   -0.859067,   0.000018463,   0.004710310,   0.002667315,   0.005413126
     -4.812481,   -0.384921,    0.683124,   0.000000706,   0.013203752,   0.007476325,   0.015173480
     -5.410538,    1.454456,   -2.581243,   0.000017792,   0.021951021,   0.012416419,   0.025219340
     -2.805383,   -1.251801,    2.221588,  -0.000012943,   0.006914164,   0.003934047,   0.007955034
      6.013937,   -1.835860,    3.258126,  -0.000033008,   0.023958801,   0.013566801,   0.027533313
      1.207133,   -0.190277,    0.337688,   0.000005123,  -0.000349840,  -0.000188290,   0.000397326
     -4.812217,   -0.286527,    0.508503,   0.000001585,   0.013467515,   0.007622191,   0.015474875
     -5.409537,    1.551576,   -2.753604,   0.000017060,   0.023493726,   0.013290978,   0.026992694
     -3.202164,    0.870906,   -1.545608,  -0.000000195,   0.007942176,   0.004495289,   0.009126104
     -3.005260,   -1.252953,    2.223633,  -0.000012926,   0.007840176,   0.004455577,   0.009017799
      6.013247,   -1.933121,    3.430736,  -0.000027082,   0.024676232,   0.013971270,   0.028356896
      1.006324,   -0.190577,    0.338219,   0.000005490,  -0.001123091,  -0.000624400,   0.001285005
     -4.809610,   -0.189426,    0.336177,   0.000002136,   0.013867578,   0.007846680,   0.015933616
     -5.409132,    1.649002,   -2.926508,   0.000014211,   0.025497337,   0.014429570,   0.029297216
     -3.004121,    0.869530,   -1.543168,  -0.000006747,   0.006240633,   0.003529890,   0.007169775
      6.014559,   -2.030044,    3.602747,  -0.000028412,   0.024720175,   0.013998650,   0.028408626
     -3.205698,   -1.254906,    2.227099,  -0.000012467,   0.008790580,   0.004990008,   0.010108147
      0.806370,   -0.190527,    0.338132,   0.000004218,  -0.001450469,  -0.000809466,   0.001661058
     -4.808360,   -0.091763,    0.162853,   0.000002420,   0.014239193,   0.008056733,   0.016360488
     -5.406716,    1.747051,   -3.100516,   0.000008332,   0.027494083,   0.015563006,   0.031593225
     -2.805126,    0.868460,   -1.541269,  -0.000010515,   0.004867122,   0.002751126,   0.005590856
     -3.405912,   -1.256696,    2.230276,  -0.000012574,   0.009550742,   0.005417530,   0.010980276
      0.606654,   -0.190769,    0.338560,   0.000002604,  -0.001315069,  -0.000734084,   0.001506085
      6.016141,    2.129047,   -3.778451,  -0.000028554,   0.024639163,   0.013935359,   0.028306950
     -5.402134,    1.846359,   -3.276759,   0.000000000,   0.028415808,   0.016076891,   0.032648500
     -4.807599,    0.005396,   -0.009576,   0.000003017,   0.014427634,   0.008164459,   0.016577546
