x,y,z,ux,uy,uz,usum
     -4.205906,    0.006540,    3.746900,  -0.000004201,   0.022145106,  -0.000005910,   0.022145107
     -0.198621,   -0.004452,   -2.551083,  -0.000000769,   0.002178846,  -0.000007050,   0.002178857
      0.002047,    0.000340,    0.195044,   0.000000000,   0.000000000,   0.000000000,   0.000000000
      3.005812,    0.002735,    1.567084,   0.000010071,   0.006116102,   0.000011260,   0.006116121
     -1.605526,    0.005488,    3.144530,  -0.000006320,   0.008834506,   0.000010147,   0.008834514
      0.402565,   -0.007561,   -4.332124,   0.000002784,   0.010662741,   0.000006725,   0.010662743
     -6.420000,    0.008247,    4.724993,   0.000133429,   0.018774970,   0.000032195,   0.018775472
     -6.219375,    0.008247,    4.724993,   0.000095419,   0.022661763,   0.000025349,   0.022661978
     -4.406515,    0.006537,    3.745454,  -0.000002949,   0.023900360,  -0.000008862,   0.023900362
      0.001706,   -0.004455,   -2.552403,   0.000000042,   0.002294494,  -0.000006668,   0.002294504
     -0.199787,    0.000341,    0.195439,   0.000000000,   0.000000000,   0.000000000,   0.000000000
      2.805738,    0.002732,    1.565070,   0.000013168,   0.004630451,   0.000015754,   0.004630496
     -1.805866,    0.005490,    3.145516,  -0.000005930,   0.009239760,   0.000010416,   0.009239768
      0.602111,   -0.007558,   -4.330194,   0.000003334,   0.010044075,   0.000011178,   0.010044082
     -6.218877,    0.007904,    4.528756,   0.000086030,   0.023188952,   0.000025189,   0.023189125
     -6.420000,    0.007903,    4.528118,   0.000124545,   0.019261484,   0.000032308,   0.019261913
     -4.606731,    0.006537,    3.745460,   0.000001050,   0.026107124,  -0.000011644,   0.026107127
      0.202333,   -0.004451,   -2.550011,   0.000000857,   0.002180102,  -0.000007087,   0.002180114
     -0.399728,    0.000339,    0.194216,  -0.000001962,  -0.000510673,   0.000004864,   0.000510700
      2.605224,    0.002729,    1.563555,   0.000013164,   0.003689063,   0.000016987,   0.003689126
     -2.005610,    0.005488,    3.144193,  -0.000006148,   0.009448374,   0.000011242,   0.009448383
      0.801925,   -0.007557,   -4.329937,   0.000004663,   0.009888609,   0.000013237,   0.009888619
     -6.218179,    0.007562,    4.332526,   0.000078774,   0.023647727,   0.000025559,   0.023647872
     -4.806650,    0.006539,    3.746672,   0.000006015,   0.028582734,  -0.000013186,   0.028582738
      0.401653,   -0.004445,   -2.546730,   0.000001975,   0.001975475,  -0.000008080,   0.001975493
     -0.600949,    0.000338,    0.193724,  -0.000002413,  -0.001313305,   0.000006907,   0.001313326
      2.404895,    0.002730,    1.564182,   0.000011099,   0.003364871,   0.000014806,   0.003364922
     -2.206821,    0.005484,    3.142171,  -0.000007375,   0.009561771,   0.000012669,   0.009561783
      1.002834,   -0.007557,   -4.329834,   0.000005654,   0.010295713,   0.000013113,   0.010295722
     -6.420000,    0.007559,    4.331243,   0.000118301,   0.019633439,   0.000033923,   0.019633825
     -5.006132,    0.006545,    3.749759,   0.000012150,   0.031351901,  -0.000015036,   0.031351907
      0.602264,   -0.004440,   -2.544009,   0.000003515,   0.001790841,  -0.000009199,   0.001790868
     -0.800638,    0.000339,    0.194299,  -0.000003897,  -0.001625310,   0.000008273,   0.001625336
      2.204897,    0.002729,    1.563796,   0.000008505,   0.003542119,   0.000009593,   0.003542143
     -2.406975,    0.005481,    3.140239,  -0.000009545,   0.009808066,   0.000013721,   0.009808080
      1.203030,   -0.007559,   -4.330810,   0.000004934,   0.011224583,   0.000010666,   0.011224589
     -6.217314,    0.007219,    4.136128,   0.000075231,   0.023829986,   0.000026578,   0.023830119
     -6.420000,    0.007216,    4.134369,   0.000115652,   0.019731506,   0.000038223,   0.019731882
     -5.205310,    0.006553,    3.754502,   0.000000000,   0.032869300,   0.000000000,   0.032869300
      0.803200,   -0.004440,   -2.543777,   0.000005489,   0.001812239,  -0.000009903,   0.001812275
     -1.000822,    0.000339,    0.194085,  -0.000005119,  -0.001240089,   0.000008118,   0.001240126
      1.403025,   -0.007562,   -4.332698,   0.000002388,   0.012516488,   0.000005554,   0.012516490
     -2.606259,    0.005477,    3.138328,  -0.000011852,   0.010339234,   0.000013910,   0.010339250
      2.003439,    0.002733,    1.565847,   0.000006125,   0.003793578,   0.000003823,   0.003793585
     -6.217100,    0.006876,    3.939494,   0.000076693,   0.023531006,   0.000029346,   0.023531149
      1.603204,   -0.007568,   -4.336204,   0.000001529,   0.013477209,   0.000001465,   0.013477209
     -2.808031,    0.005482,    3.140884,  -0.000013263,   0.011236640,   0.000013078,   0.011236655
      1.002606,   -0.004440,   -2.543905,   0.000007098,   0.002186029,  -0.000009776,   0.002186062
      1.801634,    0.002735,    1.567088,   0.000002721,   0.003869025,   0.000000485,   0.003869026
     -1.200653,    0.000339,    0.194212,  -0.000003913,  -0.000181401,   0.000006616,   0.000181563
     -6.420000,    0.006872,    3.937494,   0.000116940,   0.019415872,   0.000045630,   0.019416277
      5.414431,   -0.001402,   -0.803192,  -0.000016302,   0.018302955,   0.000001192,   0.018302963
      5.413066,   -0.001055,   -0.604707,  -0.000013085,   0.018991211,   0.000000109,   0.018991216
      1.803633,   -0.007574,   -4.339381,   0.000003537,   0.013745404,   0.000001378,   0.013745405
     -3.008845,    0.005488,    3.144483,  -0.000013180,   0.012365970,   0.000011681,   0.012365983
      1.202194,   -0.004443,   -2.545653,   0.000007634,   0.002889491,  -0.000008958,   0.002889515
      1.603690,    0.002728,    1.563215,   0.000000773,   0.003566415,   0.000000790,   0.003566415
     -1.400551,    0.000340,    0.194764,  -0.000000294,   0.001285041,   0.000004884,   0.001285050
     -6.217150,    0.006532,    3.742670,   0.000081065,   0.022761820,   0.000034339,   0.022761991
     -6.420000,    0.006529,    3.740619,   0.000122015,   0.018602581,   0.000056398,   0.018603066
      2.004384,   -0.007567,   -4.335816,   0.000006237,   0.013714023,   0.000003554,   0.013714024
      5.408966,   -0.000708,   -0.405471,  -0.000007387,   0.019782200,  -0.000001513,   0.019782202
     -3.208451,    0.005494,    3.147596,  -0.000012183,   0.013512604,   0.000010502,   0.013512614
      1.402354,   -0.004448,   -2.548732,   0.000007432,   0.003686113,  -0.000007869,   0.003686129
      1.405610,    0.002722,    1.559647,   0.000001934,   0.002531129,   0.000005780,   0.002531136
     -1.600206,    0.000340,    0.194742,   0.000000000,   0.002194520,   0.000000000,   0.002194520
     -6.217847,    0.006188,    3.545709,   0.000087608,   0.021516019,   0.000042134,   0.021516238
      2.206015,   -0.007561,   -4.332168,   0.000008250,   0.013515005,   0.000007330,   0.013515009
      5.404399,   -0.000357,   -0.204535,   0.000000000,   0.020030200,   0.000000000,   0.020030200
     -3.408025,    0.005501,    3.151867,  -0.000011028,   0.014552416,   0.000009821,   0.014552423
      1.603887,   -0.004452,   -2.551017,   0.000007392,   0.004326955,  -0.000006890,   0.004326966
      1.206052,    0.002717,    1.557004,   0.000004858,   0.001106137,   0.000012492,   0.001106219
     -6.420000,    0.006185,    3.543745,   0.000127961,   0.017409018,   0.000068997,   0.017409625
      1.799792,   -0.000346,   -0.198215,   0.000000000,   0.002192160,   0.000000000,   0.002192160
      2.405752,   -0.007558,   -4.330215,   0.000010649,   0.013391480,   0.000010703,   0.013391488
      5.392800,    0.000000,    0.000000,   0.000000000,   0.020030200,   0.000000000,   0.020030200
     -3.607547,    0.005504,    3.153663,  -0.000010682,   0.015375723,   0.000010209,   0.015375730
      1.804160,   -0.004455,   -2.552262,   0.000007915,   0.004736666,  -0.000006306,   0.004736676
      1.006585,    0.002716,    1.556289,   0.000006029,   0.000054878,   0.000016756,   0.000057695
     -6.218412,    0.005845,    3.348666,   0.000092677,   0.020034712,   0.000050697,   0.020034991
      1.797600,    0.000000,    0.000000,   0.000000000,   0.002192160,   0.000000000,   0.002192160
     -6.420000,    0.005841,    3.346870,   0.000132367,   0.016003814,   0.000080827,   0.016004565
      2.605490,   -0.007557,   -4.329949,   0.000012787,   0.013739137,   0.000012028,   0.013739149
      5.407373,    0.000333,    0.190634,   0.000000000,   0.020030200,   0.000000000,   0.020030200
     -3.807849,    0.005508,    3.155694,  -0.000010926,   0.016200910,   0.000010391,   0.016200918
      2.004792,   -0.004451,   -2.550002,   0.000008966,   0.004882979,  -0.000006467,   0.004882991
      0.807387,    0.002717,    1.556845,   0.000005141,  -0.000375271,   0.000017441,   0.000375712
     -6.218860,    0.005501,    3.151578,   0.000094631,   0.018534327,   0.000057797,   0.018534659
      2.806378,   -0.007557,   -4.329839,   0.000013405,   0.014609702,   0.000011576,   0.014609713
      5.412571,    0.000673,    0.385880,  -0.000007041,   0.019798709,   0.000002337,   0.019798710
     -4.008278,    0.005506,    3.154615,  -0.000011367,   0.017170436,   0.000010217,   0.017170443
      2.204802,   -0.004450,   -2.549541,   0.000010777,   0.005010310,  -0.000007363,   0.005010327
      0.607353,    0.002720,    1.558603,   0.000003786,  -0.000144170,   0.000014450,   0.000144942
     -1.601825,   -0.000344,   -0.197205,   0.000000000,   0.002194520,   0.000000000,   0.002194520
     -6.420000,    0.005498,    3.149995,   0.000133858,   0.014574821,   0.000089203,   0.014575709
      3.006527,   -0.007559,   -4.330807,   0.000011500,   0.015938060,   0.000009095,   0.015938066
      5.414953,    0.001016,    0.581871,  -0.000012967,   0.019075133,   0.000003610,   0.019075138
     -4.208439,    0.005507,    3.155533,  -0.000010662,   0.018481973,   0.000009232,   0.018481979
      2.405116,   -0.004451,   -2.549982,   0.000012966,   0.005267372,  -0.000008468,   0.005267394
      0.407597,    0.002723,    1.560244,   0.000003208,   0.000584855,   0.000008426,   0.000584925
     -1.403837,   -0.000343,   -0.196716,   0.000000090,   0.001270508,  -0.000000221,   0.001270508
     -6.218793,    0.005158,    2.955157,   0.000094077,   0.017152135,   0.000062213,   0.017152506
     -6.420000,    0.005154,    2.953121,   0.000132593,   0.013260849,   0.000092834,   0.013261837
      3.206428,   -0.007562,   -4.332673,   0.000007249,   0.017586784,   0.000004123,   0.017586786
      5.415390,    0.001364,    0.781262,  -0.000016357,   0.018448916,   0.000005335,   0.018448924
     -4.408598,    0.005506,    3.154683,  -0.000007573,   0.020144288,   0.000007391,   0.020144291
      2.605749,   -0.004452,   -2.550580,   0.000015205,   0.005759836,  -0.000009247,   0.005759864
      0.206083,    0.002729,    1.563424,   0.000002427,   0.001217727,   0.000002771,   0.001217732
     -1.203151,   -0.000343,   -0.196711,  -0.000003762,  -0.000241319,   0.000003783,   0.000241378
     -6.218142,    0.004814,    2.758255,   0.000090815,   0.016021876,   0.000063255,   0.016022258
      3.406521,   -0.007568,   -4.336176,   0.000005329,   0.018851792,   0.000000240,   0.018851792
      5.414904,    0.001707,    0.978158,  -0.000017608,   0.018458677,   0.000006712,   0.018458687
     -4.608963,    0.005506,    3.154936,  -0.000001641,   0.022102882,   0.000004684,   0.022102883
      2.805496,   -0.004457,   -2.553459,   0.000016394,   0.006581453,  -0.000009313,   0.006581480
      0.005533,    0.002733,    1.565899,   0.000000024,   0.001408482,   0.000000771,   0.001408482
     -1.004224,   -0.000344,   -0.196953,  -0.000005194,  -0.001322998,   0.000005907,   0.001323021
     -6.420000,    0.004811,    2.756246,   0.000130446,   0.012090781,   0.000092305,   0.012091837
      3.606956,   -0.007574,   -4.339365,   0.000007877,   0.019272081,   0.000001316,   0.019272082
      5.415039,    0.002053,    1.176350,  -0.000016705,   0.018992744,   0.000006645,   0.018992752
      3.005297,   -0.004461,   -2.556105,   0.000015987,   0.007689044,  -0.000008807,   0.007689066
     -0.193816,    0.002727,    1.562343,  -0.000002355,   0.001225476,   0.000002641,   0.001225481
     -0.804342,   -0.000343,   -0.196537,  -0.000004122,  -0.001723986,   0.000006218,   0.001724002
     -6.218364,    0.004470,    2.561166,   0.000087052,   0.015089621,   0.000061943,   0.015090000
      4.811730,   -0.001395,   -0.799282,   0.000000763,   0.014723882,   0.000004152,   0.014723883
     -6.420000,    0.004467,    2.559371,   0.000128587,   0.011078790,   0.000088806,   0.011079892
      4.811656,   -0.001051,   -0.602041,  -0.000000618,   0.015186085,   0.000005214,   0.015186086
      3.807885,   -0.007567,   -4.335837,   0.000012507,   0.019539074,   0.000005256,   0.019539079
      5.413422,    0.002401,    1.375877,  -0.000013484,   0.020178270,   0.000003187,   0.020178275
      3.205758,   -0.004468,   -2.559959,   0.000014875,   0.008865947,  -0.000008061,   0.008865963
     -0.392090,    0.002722,    1.559628,  -0.000003165,   0.000614648,   0.000008091,   0.000614709
     -0.603849,   -0.000343,   -0.196691,  -0.000002763,  -0.001406028,   0.000004697,   0.001406039
     -6.217677,    0.004126,    2.364156,   0.000083503,   0.014357816,   0.000058857,   0.014358179
      4.008428,   -0.007566,   -4.334772,   0.000015164,   0.020324218,   0.000009789,   0.020324226
      5.411429,    0.002752,    1.576541,  -0.000007770,   0.021474413,  -0.000001115,   0.021474414
      4.810504,   -0.000704,   -0.403509,  -0.000001547,   0.015783806,   0.000004543,   0.015783807
      3.406015,   -0.004473,   -2.563010,   0.000014585,   0.009831022,  -0.000007329,   0.009831035
     -0.590955,    0.002719,    1.557688,  -0.000003729,  -0.000129927,   0.000014168,   0.000130751
     -0.402809,   -0.000343,   -0.196408,  -0.000002486,  -0.000554697,   0.000001286,   0.000554704
     -6.420000,    0.004123,    2.362496,   0.000128527,   0.010169469,   0.000084101,   0.010170629
      4.209186,   -0.007567,   -4.335381,   0.000016051,   0.021678736,   0.000012999,   0.021678746
      5.406174,    0.003103,    1.778074,   0.000000000,   0.022094500,   0.000000000,   0.022094500
      4.808675,   -0.000358,   -0.205020,  -0.000001857,   0.016258080,   0.000003045,   0.016258080
      3.606069,   -0.004478,   -2.565714,   0.000015554,   0.010599442,  -0.000006577,   0.010599455
     -0.790172,    0.002717,    1.556817,  -0.000005072,  -0.000393127,   0.000017361,   0.000393543
     -0.201833,   -0.000342,   -0.195702,   0.000000000,   0.000000000,   0.000000000,   0.000000000
     -6.217120,    0.003783,    2.167228,   0.000082149,   0.013684245,   0.000055418,   0.013684604
     -6.420000,    0.003780,    2.165622,   0.000130496,   0.009319280,   0.000079706,   0.009320534
      4.409103,   -0.007565,   -4.334641,   0.000013426,   0.023506587,   0.000014998,   0.023506596
      5.392800,    0.003464,    1.984497,   0.000000000,   0.022094500,   0.000000000,   0.022094500
      4.807517,   -0.000012,   -0.006829,  -0.000002457,   0.016471306,   0.000001355,   0.016471306
      3.806087,   -0.004480,   -2.566943,   0.000016915,   0.011298606,  -0.000006314,   0.011298621
     -0.991180,    0.002717,    1.556941,  -0.000006063,   0.000006631,   0.000016912,   0.000019150
     -0.001646,   -0.000343,   -0.196386,   0.000000000,   0.000000000,   0.000000000,   0.000000000
     -6.216965,    0.003439,    1.970327,   0.000083698,   0.012956347,   0.000052695,   0.012956725
      4.609378,   -0.007564,   -4.334115,   0.000007604,   0.025672502,   0.000015787,   0.025672508
      5.404075,    0.003791,    2.172218,   0.000000000,   0.022094500,   0.000000000,   0.022094500
      4.809071,    0.000330,    0.189213,  -0.000001931,   0.016249615,   0.000000530,   0.016249615
      4.006424,   -0.004481,   -2.567424,   0.000018166,   0.012226313,  -0.000006455,   0.012226328
     -1.196195,    0.002719,    1.557823,  -0.000004975,   0.001066134,   0.000012726,   0.001066222
      0.200091,   -0.000344,   -0.197085,   0.000000000,   0.000000000,   0.000000000,   0.000000000
     -6.420000,    0.003436,    1.968747,   0.000133516,   0.008502199,   0.000076430,   0.008503590
      4.809597,   -0.007566,   -4.335178,  -0.000000743,   0.028055476,   0.000014287,   0.028055480
      5.408579,    0.004130,    2.366095,  -0.000009290,   0.022665454,   0.000000917,   0.022665455
      4.811432,    0.000677,    0.387768,  -0.000001688,   0.015792108,   0.000000803,   0.015792108
     -1.397936,    0.002728,    1.562982,  -0.000001947,   0.002528497,   0.000005928,   0.002528504
      0.399657,   -0.000344,   -0.196907,   0.000002467,  -0.000545632,   0.000001239,   0.000545639
     -6.217381,    0.003095,    1.773399,   0.000086373,   0.012171408,   0.000050808,   0.012171821
     -4.005288,    0.004132,    2.367643,  -0.000011369,   0.012124890,   0.000012597,   0.012124902
     -6.420000,    0.003093,    1.771872,   0.000136376,   0.007701853,   0.000074082,   0.007703416
      5.009708,   -0.007570,   -4.337276,  -0.000009372,   0.030432703,   0.000009280,   0.030432706
      5.409593,    0.004469,    2.560455,  -0.000016571,   0.023495639,   0.000001275,   0.023495645
      4.813010,    0.001020,    0.584475,  -0.000001059,   0.015265129,   0.000002524,   0.015265129
     -1.599163,    0.002737,    1.568033,  -0.000000656,   0.003613473,   0.000000739,   0.003613474
      0.600216,   -0.000344,   -0.197090,   0.000002736,  -0.001396639,   0.000004655,   0.001396650
     -4.003972,    0.003789,    2.170827,  -0.000008508,   0.011463912,   0.000011843,   0.011463922
     -6.218036,    0.002751,    1.576420,   0.000089738,   0.011314607,   0.000049497,   0.011315071
      5.210166,   -0.007574,   -4.339598,  -0.000011945,   0.031970579,   0.000003286,   0.031970581
      5.410447,    0.004813,    2.757863,  -0.000020526,   0.024492955,   0.000001491,   0.024492964
      4.813484,    0.001368,    0.784010,  -0.000000072,   0.014905017,   0.000005599,   0.014905019
     -1.800217,    0.002740,    1.569948,  -0.000002665,   0.003915662,   0.000000424,   0.003915663
      0.801074,   -0.000345,   -0.197824,   0.000004076,  -0.001726639,   0.000006208,   0.001726655
     -6.420000,    0.002749,    1.574998,   0.000137432,   0.006965771,   0.000071365,   0.006967492
     -4.002953,    0.003446,    1.974283,  -0.000006710,   0.011249362,   0.000009838,   0.011249368
      5.411113,   -0.007579,   -4.342216,  -0.000008317,   0.032465645,  -0.000000174,   0.032465646
      5.410924,    0.005157,    2.954924,  -0.000022224,   0.025900808,  -0.000000213,   0.025900818
      4.813971,    0.001714,    0.982110,  -0.000000142,   0.015018884,   0.000008663,   0.015018887
     -2.000335,    0.002737,    1.567940,  -0.000006063,   0.003840824,   0.000003704,   0.003840830
      1.001058,   -0.000345,   -0.197806,   0.000005163,  -0.001334859,   0.000005924,   0.001334882
     -6.218638,    0.002407,    1.379390,   0.000091994,   0.010514336,   0.000047618,   0.010514846
     -4.004631,    0.003097,    1.774626,  -0.000008203,   0.011073817,   0.000010099,   0.011073825
     -6.420000,    0.002405,    1.378123,   0.000137102,   0.006314987,   0.000067084,   0.006316832
      5.612036,   -0.007576,   -4.340481,  -0.000007799,   0.032243398,  -0.000003031,   0.032243399
      5.410105,    0.005504,    3.153646,  -0.000021349,   0.027594492,  -0.000002640,   0.027594500
      4.813245,    0.002056,    1.178010,  -0.000000703,   0.015541639,   0.000010486,   0.015541643
     -2.201672,    0.002730,    1.564453,  -0.000008479,   0.003580478,   0.000009468,   0.003580500
      1.201149,   -0.000346,   -0.198411,   0.000003762,  -0.000254468,   0.000003812,   0.000254524
     -4.005678,    0.002748,    1.574607,  -0.000012441,   0.010477684,   0.000011085,   0.010477698
     -6.219077,    0.002064,    1.182326,   0.000093123,   0.009873227,   0.000044468,   0.009873766
      5.814304,   -0.007572,   -4.338489,  -0.000014000,   0.030712288,  -0.000005512,   0.030712291
      5.409187,    0.005852,    3.353131,  -0.000017701,   0.029718780,  -0.000007245,   0.029718786
      4.810744,    0.002398,    1.374011,  -0.000001900,   0.016435700,   0.000010071,   0.016435703
     -2.402111,    0.002727,    1.562541,  -0.000011132,   0.003386317,   0.000014713,   0.003386367
      1.400924,   -0.000347,   -0.198708,  -0.000000091,   0.001253279,  -0.000000174,   0.001253279
     -6.420000,    0.002062,    1.181248,   0.000136413,   0.005786915,   0.000060739,   0.005788841
     -4.007944,    0.002400,    1.375346,  -0.000016708,   0.009648589,   0.000012938,   0.009648612
      5.405923,    0.006204,    3.554555,  -0.000010391,   0.031872128,  -0.000009691,   0.031872131
      4.808324,    0.002744,    1.572093,  -0.000002286,   0.017389142,   0.000008166,   0.017389144
     -2.602447,    0.002726,    1.561899,  -0.000013252,   0.003705905,   0.000016910,   0.003705968
      1.599901,   -0.000346,   -0.197990,   0.000000000,   0.002192160,   0.000000000,   0.002192160
     -6.218971,    0.001720,    0.985373,   0.000093833,   0.009458157,   0.000040154,   0.009458707
     -5.811389,    0.007228,    4.141112,   0.000006372,   0.031324822,   0.000005700,   0.031324824
     -4.008404,    0.002053,    1.176142,  -0.000019523,   0.008890944,   0.000013731,   0.008890976
     -6.420000,    0.001718,    0.984374,   0.000136377,   0.005414941,   0.000052803,   0.005416916
      4.804812,    0.003090,    1.770285,  -0.000001420,   0.018107185,   0.000006275,   0.018107186
     -2.802777,    0.002728,    1.562958,  -0.000013340,   0.004639978,   0.000015720,   0.004640024
     -5.808990,    0.006886,    3.945517,   0.000002333,   0.031422038,   0.000000312,   0.031422038
      5.404924,   -0.006569,   -3.763868,   0.000000000,   0.032451700,   0.000000000,   0.032451700
     -4.008491,    0.001708,    0.978606,  -0.000020639,   0.008388013,   0.000012711,   0.008388048
     -6.218216,    0.001376,    0.788176,   0.000093540,   0.009338682,   0.000035113,   0.009339216
      4.805496,    0.003434,    1.967381,  -0.000001228,   0.018641257,   0.000004597,   0.018641258
     -3.002955,    0.002730,    1.564212,  -0.000010322,   0.006121634,   0.000011275,   0.006121653
     -6.420000,    0.001374,    0.787499,   0.000138163,   0.005178141,   0.000044637,   0.005180176
     -5.811157,    0.006542,    3.748546,   0.000006157,   0.030839547,  -0.000005422,   0.030839548
      5.409870,   -0.006217,   -3.562309,  -0.000008553,   0.031363639,   0.000006931,   0.031363641
     -4.008509,    0.001360,    0.779249,  -0.000019499,   0.008214189,   0.000010230,   0.008214219
      1.600902,   -0.000003,   -0.001844,   0.000000000,   0.002192160,   0.000000000,   0.002192160
      4.803739,    0.003779,    2.164976,  -0.000000756,   0.018897599,   0.000004701,   0.018897599
     -6.218478,    0.001031,    0.590924,   0.000093932,   0.009378739,   0.000030365,   0.009379258
     -5.813475,    0.006197,    3.550856,   0.000019150,   0.029187529,  -0.000000929,   0.029187535
      5.412267,   -0.005870,   -3.363435,  -0.000015050,   0.029018417,   0.000003460,   0.029018421
     -4.007970,    0.001015,    0.581448,  -0.000016632,   0.008271169,   0.000007265,   0.008271189
      3.205218,   -0.001370,   -0.784870,   0.000018110,   0.004138854,   0.000003636,   0.004138895
     -1.599908,   -0.000001,   -0.000809,   0.000000000,   0.002194520,   0.000000000,   0.002194520
     -6.420000,    0.001031,    0.590624,   0.000141386,   0.005064609,   0.000037648,   0.005066722
      3.206369,   -0.001026,   -0.587838,   0.000013208,   0.004887223,   0.000002825,   0.004887242
      4.806929,    0.004123,    2.362108,  -0.000001467,   0.019296194,   0.000005806,   0.019296195
     -5.815011,    0.005854,    3.354284,   0.000031494,   0.027035610,   0.000007591,   0.027035630
      5.413002,   -0.005522,   -3.163774,  -0.000018445,   0.026670130,  -0.000000951,   0.026670136
     -4.006791,    0.000669,    0.383584,  -0.000011908,   0.008415431,   0.000004336,   0.008415440
     -6.217868,    0.000687,    0.393792,   0.000094229,   0.009539254,   0.000026345,   0.009539756
      4.806457,    0.004467,    2.559441,  -0.000002670,   0.019951146,   0.000007186,   0.019951148
      3.202144,   -0.000693,   -0.396998,   0.000006675,   0.005942824,   0.000000313,   0.005942828
     -6.420000,    0.000687,    0.393749,   0.000145668,   0.005008809,   0.000032928,   0.005011035
     -5.816163,    0.005507,    3.155465,   0.000037299,   0.025137760,   0.000014103,   0.025137792
      5.412368,   -0.005180,   -2.967683,  -0.000019344,   0.024911940,  -0.000002335,   0.024911948
     -4.005266,    0.000325,    0.186223,  -0.000007871,   0.008514065,   0.000003439,   0.008514070
      1.402369,   -0.000005,   -0.002800,  -0.000000982,   0.001474128,   0.000001817,   0.001474129
      4.807983,    0.004812,    2.757138,  -0.000003717,   0.020977603,   0.000007670,   0.020977605
      3.200938,   -0.000353,   -0.202347,   0.000001212,   0.006758749,  -0.000000893,   0.006758750
     -6.217292,    0.000343,    0.196722,   0.000094731,   0.009677852,   0.000023267,   0.009678344
     -5.815477,    0.005163,    2.958452,   0.000038115,   0.023599194,   0.000018105,   0.023599232
      5.413004,   -0.004836,   -2.770942,  -0.000017978,   0.023580731,  -0.000002374,   0.023580738
     -4.004578,   -0.000019,   -0.010808,  -0.000006313,   0.008535072,   0.000003482,   0.008535075
      1.201889,   -0.000004,   -0.002541,   0.000002936,   0.000017673,   0.000004722,   0.000018527
     -6.420000,    0.000344,    0.196875,   0.000149588,   0.004967684,   0.000030679,   0.004970031
      4.808520,    0.005157,    2.954853,  -0.000004881,   0.022395194,   0.000005788,   0.022395196
      3.199829,   -0.000011,   -0.006363,  -0.000000495,   0.006995436,   0.000001365,   0.006995436
     -5.815375,    0.004821,    2.761948,   0.000035424,   0.022397766,   0.000020020,   0.022397803
      5.411589,   -0.004492,   -2.573990,  -0.000014567,   0.022814395,  -0.000001230,   0.022814400
     -4.007301,   -0.000366,   -0.209679,  -0.000008735,   0.008511145,   0.000004736,   0.008511151
      1.002378,   -0.000004,   -0.002435,   0.000004802,  -0.001142855,   0.000006706,   0.001142884
     -6.217072,   -0.000001,   -0.000325,   0.000095693,   0.009684842,   0.000021014,   0.009685338
      3.202034,    0.000331,    0.189902,   0.000001409,   0.006799857,   0.000004631,   0.006799859
     -6.420000,    0.000000,   -0.000000,   0.000151327,   0.004929737,   0.000030045,   0.004932150
     -5.814657,    0.004477,    2.565009,   0.000029591,   0.021578811,   0.000019748,   0.021578841
      5.409952,   -0.004149,   -2.377166,  -0.000008247,   0.022269768,  -0.000000381,   0.022269770
      4.809222,   -0.005513,   -3.158749,  -0.000003479,   0.023090812,  -0.000004438,   0.023090813
     -4.009961,   -0.000717,   -0.410741,  -0.000013703,   0.008347071,   0.000005143,   0.008347084
      0.802482,   -0.000004,   -0.002186,   0.000003771,  -0.001541893,   0.000006946,   0.001541913
      3.204590,    0.000675,    0.386766,   0.000006837,   0.006076230,   0.000006801,   0.006076238
     -6.217455,   -0.000344,   -0.197354,   0.000095541,   0.009589455,   0.000019045,   0.009589950
     -5.813558,    0.004133,    2.368097,   0.000020084,   0.021195444,   0.000017400,   0.021195461
      5.405682,   -0.003806,   -2.180886,   0.000000000,   0.021855300,   0.000000000,   0.021855300
      4.810087,   -0.005167,   -2.960443,  -0.000001526,   0.021342621,  -0.000005786,   0.021342622
     -4.008066,   -0.001055,   -0.604652,  -0.000018351,   0.008101839,   0.000004606,   0.008101861
      0.602284,   -0.000003,   -0.001966,   0.000002514,  -0.001159076,   0.000005386,   0.001159091
     -6.420000,   -0.000344,   -0.196875,   0.000150660,   0.004868566,   0.000029525,   0.004870986
      3.204972,    0.001017,    0.582752,   0.000013133,   0.005093615,   0.000008923,   0.005093640
     -5.811132,    0.003790,    2.171270,   0.000010172,   0.021058216,   0.000013752,   0.021058223
      5.392800,   -0.003464,   -1.984497,   0.000000000,   0.021855300,   0.000000000,   0.021855300
      4.810582,   -0.004823,   -2.763290,  -0.000000153,   0.020001535,  -0.000004866,   0.020001535
     -4.007043,   -0.001396,   -0.799771,  -0.000021057,   0.007988014,   0.000003396,   0.007988042
      0.400965,   -0.000003,   -0.001650,   0.000002235,  -0.000369082,   0.000002519,   0.000369097
     -6.218110,   -0.000688,   -0.394361,   0.000095674,   0.009370254,   0.000016880,   0.009370758
      3.206109,    0.001361,    0.779609,   0.000017336,   0.004488159,   0.000011469,   0.004488207
     -6.420000,   -0.000687,   -0.393749,   0.000147581,   0.004819494,   0.000027477,   0.004821832
     -5.809133,    0.003446,    1.974318,   0.000003925,   0.020942241,   0.000008766,   0.020942244
      5.406417,   -0.003122,   -1.788991,   0.000000000,   0.021855300,   0.000000000,   0.021855300
      4.810257,   -0.004480,   -2.566617,   0.000000228,   0.019177921,  -0.000002509,   0.019177921
     -4.008226,   -0.001737,   -0.995187,  -0.000021673,   0.008181657,   0.000001438,   0.008181686
      0.200406,   -0.000002,   -0.001271,   0.000000000,   0.000000000,   0.000000000,   0.000000000
      3.205919,    0.001705,    0.976638,   0.000018416,   0.004489708,   0.000013636,   0.004489766
     -6.218668,   -0.001032,   -0.591376,   0.000095734,   0.009144492,   0.000013946,   0.009145003
     -5.811637,    0.003101,    1.776977,   0.000004915,   0.020432607,   0.000006432,   0.020432608
      5.411560,   -0.002780,   -1.593094,  -0.000007009,   0.021272349,   0.000001721,   0.021272350
      4.808553,   -0.004138,   -2.371083,   0.000000398,   0.018738007,  -0.000000629,   0.018738007
     -4.006956,   -0.002080,   -1.191989,  -0.000019757,   0.008740651,  -0.000000491,   0.008740674
      0.000001,    0.000000,    0.000001,   0.000000000,   0.000000000,   0.000000000,   0.000000000
     -6.420000,   -0.001031,   -0.590624,   0.000143820,   0.004800100,   0.000022925,   0.004802309
      3.205709,    0.002049,    1.174241,   0.000016483,   0.005113173,   0.000013755,   0.005113218
     -5.814139,    0.002757,    1.579463,   0.000015304,   0.019126450,   0.000010297,   0.019126459
      5.413673,   -0.002438,   -1.396661,  -0.000012775,   0.019987145,   0.000000240,   0.019987149
      4.807230,   -0.003797,   -2.175460,  -0.000000104,   0.018554488,  -0.000000111,   0.018554488
     -4.005728,   -0.002422,   -1.387680,  -0.000016156,   0.009553082,  -0.000001715,   0.009553096
     -0.201699,   -0.000001,   -0.000489,   0.000000000,   0.000000000,   0.000000000,   0.000000000
     -6.219090,   -0.001376,   -0.788445,   0.000095621,   0.009041174,   0.000009910,   0.009041685
      3.205471,    0.002395,    1.372452,   0.000011551,   0.006337840,   0.000010408,   0.006337859
     -6.420000,   -0.001374,   -0.787499,   0.000140849,   0.004856955,   0.000015892,   0.004859023
     -5.815940,    0.002413,    1.382488,   0.000026584,   0.017623741,   0.000015790,   0.017623768
      5.414034,   -0.002091,   -1.198110,  -0.000016168,   0.018786718,  -0.000000404,   0.018786725
      4.806016,   -0.003458,   -1.981168,  -0.000001326,   0.018373872,  -0.000000917,   0.018373872
     -4.004148,   -0.002764,   -1.583931,  -0.000011315,   0.010414438,  -0.000002534,   0.010414444
     -0.401546,   -0.000002,   -0.001227,  -0.000002226,  -0.000371504,   0.000002535,   0.000371520
     -6.218971,   -0.001721,   -0.986084,   0.000095687,   0.009150335,   0.000005033,   0.009150837
     -5.816783,    0.002065,    1.183302,   0.000032479,   0.016589220,   0.000018162,   0.016589262
      5.414638,   -0.001747,   -1.000699,  -0.000017332,   0.018268292,   0.000000475,   0.018268300
      4.807428,   -0.003115,   -1.784679,  -0.000001742,   0.017878458,  -0.000002269,   0.017878458
     -4.002997,   -0.003108,   -1.780861,  -0.000007399,   0.010994173,  -0.000002981,   0.010994176
      3.202602,   -0.002752,   -1.576895,   0.000005895,   0.007539487,   0.000001899,   0.007539490
     -0.601430,   -0.000002,   -0.001090,  -0.000002517,  -0.001155414,   0.000005374,   0.001155429
     -6.420000,   -0.001718,   -0.984374,   0.000139170,   0.005055693,   0.000007275,   0.005057613
     -5.816049,    0.001721,    0.986104,   0.000033917,   0.016093055,   0.000017868,   0.016093101
      4.809355,   -0.002772,   -1.588351,  -0.000002086,   0.017099482,  -0.000003157,   0.017099482
     -4.001630,   -0.003451,   -1.977515,  -0.000006433,   0.011152417,  -0.000002759,   0.011152419
      3.203765,   -0.002406,   -1.378571,   0.000012969,   0.005929246,   0.000000566,   0.005929260
     -0.801908,   -0.000002,   -0.001168,  -0.000003782,  -0.001540185,   0.000006945,   0.001540205
     -6.218167,   -0.002066,   -1.183474,   0.000094654,   0.009575791,  -0.000000001,   0.009576259
     -5.201923,   -0.006553,   -3.754386,   0.000000000,   0.032648500,   0.000000000,   0.032648500
     -6.420000,   -0.002062,   -1.181248,   0.000139326,   0.005403534,  -0.000001402,   0.005405331
     -5.816082,    0.001377,    0.788983,   0.000031902,   0.016086445,   0.000016129,   0.016086484
      4.810698,   -0.002431,   -1.393144,  -0.000001145,   0.016109195,  -0.000003084,   0.016109195
     -4.002836,   -0.003794,   -2.173747,  -0.000009492,   0.011312133,  -0.000002696,   0.011312137
      3.205022,   -0.002060,   -1.180432,   0.000018000,   0.004674265,   0.000000622,   0.004674299
     -1.002459,   -0.000002,   -0.001304,  -0.000004820,  -0.001140232,   0.000006705,   0.001140262
     -5.002507,   -0.006546,   -3.750417,   0.000013176,   0.031140174,   0.000006758,   0.031140178
     -6.218870,   -0.002409,   -1.380512,   0.000093750,   0.010189300,  -0.000004451,   0.010189732
     -5.815001,    0.001033,    0.591714,   0.000026138,   0.016565730,   0.000013780,   0.016565756
      4.810499,   -0.002086,   -1.194954,   0.000000516,   0.015183999,  -0.000001427,   0.015183999
     -4.004008,   -0.004137,   -2.370103,  -0.000014106,   0.011785629,  -0.000003670,   0.011785638
      3.204791,   -0.001715,   -0.982801,   0.000019715,   0.004061222,   0.000002267,   0.004061271
     -1.201479,   -0.000002,   -0.001143,  -0.000002962,   0.000016873,   0.000004728,   0.000017771
     -6.420000,   -0.002405,   -1.378123,   0.000140205,   0.005913561,  -0.000008674,   0.005915229
     -4.804206,   -0.006545,   -3.749817,   0.000007046,   0.028407844,   0.000005857,   0.028407846
     -5.813935,    0.000688,    0.394284,   0.000016003,   0.017459407,   0.000011337,   0.017459418
      4.810769,   -0.001739,   -0.996302,   0.000001068,   0.014716874,   0.000001476,   0.014716874
     -1.401154,   -0.000001,   -0.000854,   0.000000967,   0.001470309,   0.000001817,   0.001470311
     -6.217820,   -0.002753,   -1.577446,   0.000091510,   0.010984952,  -0.000007920,   0.010985336
     -4.605204,   -0.006540,   -3.747151,   0.000001702,   0.025934458,   0.000005413,   0.025934458
      4.004292,    0.004125,    2.363320,   0.000011089,   0.012030962,   0.000012984,   0.012030975
     -3.005693,   -0.002747,   -1.574010,  -0.000010803,   0.006012558,  -0.000000518,   0.006012568
     -6.420000,   -0.002749,   -1.574998,   0.000140766,   0.006541583,  -0.000013794,   0.006543112
     -5.811437,    0.000344,    0.196861,   0.000006566,   0.018220051,   0.000008372,   0.018220054
     -4.404691,   -0.006543,   -3.748658,  -0.000002767,   0.023713146,   0.000004344,   0.023713147
     -4.607744,   -0.005511,   -3.157649,  -0.000004278,   0.021388471,  -0.000005435,   0.021388472
      3.802579,    0.004126,    2.364220,   0.000010629,   0.011084622,   0.000009352,   0.011084631
     -2.805584,   -0.002743,   -1.571393,  -0.000013717,   0.004494147,  -0.000001887,   0.004494168
     -6.217212,   -0.003097,   -1.774459,   0.000088271,   0.011806289,  -0.000010785,   0.011806624
     -5.809382,   -0.000001,   -0.000581,   0.000003511,   0.018441296,   0.000003845,   0.018441297
     -6.420000,   -0.003093,   -1.771872,   0.000139717,   0.007244045,  -0.000017129,   0.007245413
     -4.203937,   -0.006540,   -3.747423,  -0.000004491,   0.021902966,   0.000002845,   0.021902966
     -4.406677,   -0.005509,   -3.156659,  -0.000010604,   0.019432275,  -0.000006292,   0.019432279
      3.602170,    0.004127,    2.364773,   0.000008815,   0.010785374,   0.000006867,   0.010785380
     -2.605266,   -0.002742,   -1.570995,  -0.000013282,   0.003551315,  -0.000002286,   0.003551341
     -5.811871,   -0.000347,   -0.198571,   0.000006451,   0.018185723,   0.000000426,   0.018185725
     -6.217019,   -0.003441,   -1.971518,   0.000085405,   0.012530304,  -0.000013781,   0.012530602
     -4.002945,   -0.006544,   -3.749468,  -0.000003217,   0.020672672,   0.000001477,   0.020672672
     -4.205504,   -0.005509,   -3.156153,  -0.000013951,   0.017767307,  -0.000006760,   0.017767314
      3.402858,    0.004118,    2.359659,   0.000007983,   0.010491275,   0.000007931,   0.010491282
     -2.405393,   -0.002738,   -1.568616,  -0.000010851,   0.003221376,  -0.000001873,   0.003221395
     -6.420000,   -0.003436,   -1.968747,   0.000136286,   0.007999166,  -0.000019992,   0.008000352
     -5.814490,   -0.000693,   -0.396875,   0.000016186,   0.017364954,   0.000000769,   0.017364962
     -3.801744,   -0.006550,   -3.753006,   0.000000000,   0.020025100,   0.000000000,   0.020025100
     -4.005202,   -0.005509,   -3.156332,  -0.000014715,   0.016466518,  -0.000006973,   0.016466527
      3.200561,    0.004113,    2.356406,   0.000008850,   0.009528694,   0.000012093,   0.009528706
     -2.205825,   -0.002741,   -1.570525,  -0.000007983,   0.003424296,  -0.000000697,   0.003424305
     -6.217443,   -0.003785,   -2.168575,   0.000082991,   0.013179809,  -0.000017341,   0.013180082
     -5.816356,   -0.001039,   -0.595414,   0.000026872,   0.016389848,   0.000002473,   0.016389870
     -6.420000,   -0.003780,   -2.165622,   0.000131941,   0.008762193,  -0.000023896,   0.008763219
     -3.600354,   -0.006559,   -3.758075,   0.000000000,   0.020025100,   0.000000000,   0.020025100
     -3.804366,   -0.005510,   -3.156746,  -0.000014179,   0.015458278,  -0.000007115,   0.015458286
      2.999988,    0.004106,    2.352655,   0.000011154,   0.008201357,   0.000016621,   0.008201382
     -2.004479,   -0.002740,   -1.569890,  -0.000005881,   0.003664849,   0.000001177,   0.003664853
     -5.817158,   -0.001386,   -0.794129,   0.000032674,   0.015869167,   0.000002661,   0.015869200
     -6.218128,   -0.004129,   -2.365600,   0.000082948,   0.013764415,  -0.000021565,   0.013764682
     -3.400694,   -0.006542,   -3.748463,   0.000000000,   0.020025100,   0.000000000,   0.020025100
     -3.603851,   -0.005505,   -3.153902,  -0.000013731,   0.014549448,  -0.000007366,   0.014549456
      2.801347,    0.004105,    2.351828,   0.000012283,   0.007017656,   0.000019488,   0.007017694
     -1.802543,   -0.002740,   -1.569937,  -0.000003012,   0.003725752,   0.000002684,   0.003725754
     -6.420000,   -0.004123,   -2.362496,   0.000127908,   0.009560991,  -0.000029512,   0.009561893
     -5.816414,   -0.001730,   -0.991380,   0.000034294,   0.015875115,   0.000001652,   0.015875152
     -3.201958,   -0.006531,   -3.741987,   0.000001613,   0.018651256,   0.000005769,   0.018651257
     -3.404042,   -0.005501,   -3.151572,  -0.000013861,   0.013631773,  -0.000007445,   0.013631782
      2.601212,    0.004103,    2.350788,   0.000011379,   0.006124460,   0.000020094,   0.006124504
     -1.604479,   -0.002734,   -1.566269,  -0.000001134,   0.003411025,   0.000003159,   0.003411027
     -6.218745,   -0.004473,   -2.562591,   0.000084712,   0.014421703,  -0.000025888,   0.014421975
     -5.816616,   -0.002075,   -1.188899,   0.000032300,   0.016395543,   0.000000435,   0.016395575
     -6.420000,   -0.004467,   -2.559371,   0.000125469,   0.010438348,  -0.000036396,   0.010439165
     -3.002111,   -0.006526,   -3.738933,  -0.000004145,   0.016649425,   0.000004417,   0.016649426
     -3.202877,   -0.005496,   -3.148848,  -0.000014916,   0.012527424,  -0.000007910,   0.012527435
      2.401120,    0.004105,    2.351909,   0.000009026,   0.005562352,   0.000018146,   0.005562389
     -1.405057,   -0.002728,   -1.562882,  -0.000002351,   0.002337808,   0.000001521,   0.002337810
     -5.815514,   -0.002419,   -1.386135,   0.000025938,   0.017452214,   0.000000103,   0.017452234
     -6.218110,   -0.004816,   -2.759458,   0.000086468,   0.015329718,  -0.000029362,   0.015329990
     -2.801286,   -0.006522,   -3.736856,  -0.000007153,   0.015068154,   0.000003827,   0.015068156
     -3.002789,   -0.005491,   -3.145868,  -0.000015922,   0.011348056,  -0.000008301,   0.011348070
      2.201421,    0.004109,    2.354284,   0.000005941,   0.005256297,   0.000013298,   0.005256317
     -1.204885,   -0.002724,   -1.560545,  -0.000005259,   0.000885497,  -0.000000545,   0.000885513
     -6.420000,   -0.004811,   -2.756246,   0.000124688,   0.011463394,  -0.000043095,   0.011464154
     -5.814294,   -0.002763,   -1.583279,   0.000014560,   0.018960559,   0.000001155,   0.018960564
     -2.602031,   -0.006521,   -3.736424,  -0.000006965,   0.014075878,   0.000003446,   0.014075880
     -2.803605,   -0.005486,   -3.142962,  -0.000016039,   0.010239544,  -0.000008656,   0.010239560
      2.000531,    0.004114,    2.357113,   0.000004820,   0.005080168,   0.000008491,   0.005080178
     -1.005695,   -0.002722,   -1.559482,  -0.000006137,  -0.000165319,  -0.000001644,   0.000165441
     -6.217646,   -0.005161,   -2.956943,   0.000087539,   0.016532477,  -0.000031035,   0.016532738
     -5.811592,   -0.003108,   -1.780531,   0.000004480,   0.020248863,   0.000001127,   0.020248864
     -6.420000,   -0.005154,   -2.953121,   0.000124198,   0.012717492,  -0.000047633,   0.012718188
     -2.402014,   -0.006522,   -3.737091,  -0.000004874,   0.013712413,   0.000003189,   0.013712414
     -2.602541,   -0.005483,   -3.141456,  -0.000014689,   0.009381141,  -0.000008781,   0.009381156
      1.800505,    0.004117,    2.358915,   0.000004454,   0.005002448,   0.000006413,   0.005002454
     -0.807032,   -0.002722,   -1.559557,  -0.000004865,  -0.000576527,  -0.000001792,   0.000576551
     -5.809427,   -0.003452,   -1.977842,   0.000003590,   0.020730921,  -0.000001971,   0.020730922
     -6.218033,   -0.005504,   -3.153518,   0.000086059,   0.018056544,  -0.000029810,   0.018056774
     -2.201268,   -0.006528,   -3.740292,  -0.000002608,   0.013963043,   0.000003430,   0.013963043
     -2.401914,   -0.005487,   -3.143560,  -0.000012392,   0.008879657,  -0.000008616,   0.008879670
      1.601446,    0.004109,    2.354194,   0.000004519,   0.004842221,   0.000007864,   0.004842229
     -0.607161,   -0.002725,   -1.561247,  -0.000003245,  -0.000311366,  -0.000001088,   0.000311385
     -6.420000,   -0.005498,   -3.149995,   0.000122883,   0.014199722,  -0.000048244,   0.014200335
     -5.811988,   -0.003796,   -2.175169,   0.000008997,   0.020782919,  -0.000005620,   0.020782922
     -2.000101,   -0.006538,   -3.745738,   0.000000000,   0.014192100,   0.000000000,   0.014192100
     -2.201925,   -0.005489,   -3.144841,  -0.000010139,   0.008642413,  -0.000008217,   0.008642423
      1.400002,    0.004100,    2.349201,   0.000004898,   0.004203393,   0.000012333,   0.004203413
     -0.407407,   -0.002730,   -1.564234,  -0.000002601,   0.000464834,   0.000000468,   0.000464841
     -6.218089,   -0.005847,   -3.350074,   0.000082174,   0.019770417,  -0.000025786,   0.019770605
     -5.812854,   -0.004138,   -2.371042,   0.000018100,   0.020774637,  -0.000007883,   0.020774647
     -6.420000,   -0.005841,   -3.346870,   0.000118864,   0.015876409,  -0.000043844,   0.015876915
     -1.799072,   -0.006552,   -3.754144,   0.000000000,   0.014192100,   0.000000000,   0.014192100
     -2.001053,   -0.005491,   -3.146394,  -0.000008578,   0.008512615,  -0.000007714,   0.008512623
      1.200010,    0.004095,    2.346197,   0.000005587,   0.003283622,   0.000017316,   0.003283672
     -0.205951,   -0.002735,   -1.566904,  -0.000002023,   0.001120185,   0.000002150,   0.001120189
     -5.813377,   -0.004480,   -2.566606,   0.000027395,   0.020943183,  -0.000009375,   0.020943203
     -6.217509,   -0.006190,   -3.546574,   0.000075562,   0.021510154,  -0.000019968,   0.021510296
     -1.599171,   -0.006536,   -3.744905,   0.000000000,   0.014192100,   0.000000000,   0.014192100
     -1.800488,   -0.005492,   -3.146767,  -0.000007868,   0.008256588,  -0.000007610,   0.008256595
      1.001462,    0.004093,    2.345229,   0.000005417,   0.002539112,   0.000020337,   0.002539199
     -0.005544,   -0.002739,   -1.569417,  -0.000000025,   0.001314280,   0.000002663,   0.001314283
     -6.420000,   -0.006185,   -3.543745,   0.000112160,   0.017577953,  -0.000035402,   0.017578346
     -5.814290,   -0.004824,   -2.764058,   0.000032900,   0.021611240,  -0.000010390,   0.021611267
     -1.400120,   -0.006526,   -3.738867,   0.000001083,   0.013177459,   0.000005790,   0.013177460
     -1.600616,   -0.005489,   -3.144758,  -0.000007793,   0.007799047,  -0.000007579,   0.007799055
      0.800952,    0.004094,    2.345814,   0.000004000,   0.002140056,   0.000020826,   0.002140161
      0.193657,   -0.002732,   -1.565152,   0.000001966,   0.001120835,   0.000002186,   0.001120839
     -6.217173,   -0.006533,   -3.743340,   0.000068363,   0.022997435,  -0.000014555,   0.022997542
     -5.814144,   -0.005167,   -2.960595,   0.000034755,   0.022791265,  -0.000010111,   0.022791294
     -6.420000,   -0.006529,   -3.740619,   0.000104646,   0.019061898,  -0.000025590,   0.019062203
     -1.199976,   -0.006521,   -3.736323,  -0.000002352,   0.011632262,   0.000004597,   0.011632264
     -1.399409,   -0.005484,   -3.142178,  -0.000008150,   0.007078338,  -0.000008204,   0.007078348
      0.600234,    0.004098,    2.347856,   0.000002112,   0.002110056,   0.000018547,   0.002110139
      0.391857,   -0.002725,   -1.561509,   0.000002555,   0.000479410,   0.000000529,   0.000479417
     -5.813854,   -0.005512,   -3.158123,   0.000032719,   0.024454907,  -0.000007865,   0.024454930
     -6.216630,   -0.006876,   -3.939847,   0.000064033,   0.023979786,  -0.000011041,   0.023979874
     -0.998965,   -0.006518,   -3.734770,  -0.000003294,   0.010577735,   0.000004161,   0.010577736
     -1.199305,   -0.005480,   -3.139970,  -0.000008061,   0.006296583,  -0.000008837,   0.006296595
      0.399906,    0.004103,    2.350997,   0.000000271,   0.002324932,   0.000013537,   0.002324971
      0.590699,   -0.002721,   -1.559158,   0.000003165,  -0.000304705,  -0.000001058,   0.000304723
     -6.420000,   -0.006872,   -3.937494,   0.000099143,   0.020114267,  -0.000016972,   0.020114519
     -5.813151,   -0.005856,   -3.355182,   0.000025916,   0.026537080,  -0.000003270,   0.026537093
     -0.799767,   -0.006518,   -3.734812,  -0.000002180,   0.010188457,   0.000003979,   0.010188458
     -1.000083,   -0.005477,   -3.138003,  -0.000006923,   0.005649277,  -0.000009298,   0.005649289
      0.198655,    0.004110,    2.354734,  -0.000000219,   0.002502882,   0.000008631,   0.002502897
      0.789928,   -0.002720,   -1.558683,   0.000004747,  -0.000601762,  -0.000001824,   0.000601783
     -6.217207,   -0.007218,   -4.135860,   0.000063339,   0.024435782,  -0.000008894,   0.024435866
     -5.812441,   -0.006200,   -3.552485,   0.000013622,   0.028902624,   0.000002822,   0.028902628
     -6.420000,   -0.007216,   -4.134369,   0.000098296,   0.020613815,  -0.000010644,   0.020614052
     -0.599795,   -0.006520,   -3.735916,  -0.000000970,   0.010486527,   0.000004043,   0.010486528
     -0.799037,   -0.005476,   -3.137288,  -0.000004774,   0.005307568,  -0.000009423,   0.005307578
     -0.001584,    0.004115,    2.357862,   0.000000070,   0.002529748,   0.000006754,   0.002529758
      0.990967,   -0.002721,   -1.559248,   0.000006121,  -0.000223636,  -0.000001724,   0.000223727
     -5.810242,   -0.006545,   -3.749766,   0.000002631,   0.030694379,   0.000004840,   0.030694379
     -6.218013,   -0.007561,   -4.332277,   0.000067356,   0.024421233,  -0.000007363,   0.024421327
     -0.399427,   -0.006527,   -3.739485,  -0.000001222,   0.011373655,   0.000004754,   0.011373656
     -0.598456,   -0.005481,   -3.140158,  -0.000002535,   0.005338849,  -0.000009123,   0.005338858
     -0.200779,    0.004108,    2.353495,   0.000000351,   0.002496379,   0.000008652,   0.002496394
      1.195635,   -0.002724,   -1.560822,   0.000005340,   0.000833146,  -0.000000632,   0.000833163
     -6.420000,   -0.007559,   -4.331243,   0.000101697,   0.020675429,  -0.000006429,   0.020675680
     -5.808846,   -0.006887,   -3.945909,   0.000001257,   0.031317508,  -0.000000030,   0.031317508
     -0.198701,   -0.006537,   -3.745222,   0.000000000,   0.012001800,   0.000000000,   0.012001800
     -0.398524,   -0.005484,   -3.142153,  -0.000001016,   0.005589206,  -0.000008569,   0.005589213
     -0.401768,    0.004099,    2.348745,  -0.000000161,   0.002304326,   0.000013555,   0.002304365
      1.397545,   -0.002735,   -1.567026,   0.000002358,   0.002321495,   0.000001482,   0.002321497
     -6.218801,   -0.007904,   -4.528833,   0.000074708,   0.024151503,  -0.000006006,   0.024151619
     -5.811436,   -0.007228,   -4.141524,   0.000005608,   0.031300366,  -0.000004143,   0.031300367
     -6.420000,   -0.007903,   -4.528118,   0.000108448,   0.020476953,  -0.000004185,   0.020477240
      0.001866,   -0.006552,   -3.753947,   0.000000000,   0.012001800,   0.000000000,   0.012001800
     -0.197679,   -0.005488,   -3.144372,  -0.000000309,   0.005879962,  -0.000007936,   0.005879967
     -0.602110,    0.004095,    2.346087,  -0.000001998,   0.002077879,   0.000018551,   0.002077963
      1.599184,   -0.002745,   -1.572737,   0.000001050,   0.003435231,   0.000003178,   0.003435233
     -6.420000,   -0.008247,   -4.724993,   0.000117471,   0.020184032,  -0.000003143,   0.020184374
      5.811499,    0.007224,    4.138765,  -0.000006320,   0.031310100,   0.000005601,   0.031310101
      0.202161,   -0.006536,   -3.744854,   0.000000000,   0.012001800,   0.000000000,   0.012001800
      0.002743,   -0.005490,   -3.145326,   0.000000024,   0.005980735,  -0.000007888,   0.005980740
     -0.801295,    0.004093,    2.345321,  -0.000003891,   0.002106969,   0.000020775,   0.002107075
      1.800324,   -0.002751,   -1.576017,   0.000002971,   0.003751835,   0.000002752,   0.003751837
     -6.219375,   -0.008247,   -4.724993,   0.000083911,   0.023836831,  -0.000005128,   0.023836979
      5.608412,    0.007233,    4.144042,   0.000000000,   0.032855800,   0.000000000,   0.032855800
      0.401641,   -0.006526,   -3.738853,   0.000001172,   0.011399726,   0.000004778,   0.011399727
      0.202534,   -0.005487,   -3.144032,   0.000000367,   0.005886204,  -0.000007974,   0.005886209
     -1.001015,    0.004094,    2.345760,  -0.000005324,   0.002512131,   0.000020236,   0.002512218
      2.000301,   -0.002748,   -1.574467,   0.000005821,   0.003673289,   0.000001339,   0.003673294
      6.420000,    0.008247,    4.724993,  -0.000132786,   0.018783503,   0.000031986,   0.018783999
      6.420000,    0.007901,    4.526770,  -0.000123870,   0.019275369,   0.000032107,   0.019275793
      5.406184,    0.007245,    4.151129,   0.000000000,   0.032855800,   0.000000000,   0.032855800
      0.602121,   -0.006521,   -3.736306,   0.000000996,   0.010546353,   0.000004105,   0.010546354
      0.403720,   -0.005484,   -3.142080,   0.000001107,   0.005612757,  -0.000008619,   0.005612764
     -1.201045,    0.004098,    2.348012,  -0.000005508,   0.003275207,   0.000017167,   0.003275257
      2.201472,   -0.002741,   -1.570740,   0.000007904,   0.003376396,  -0.000000445,   0.003376406
      6.218836,    0.007901,    4.526679,  -0.000085526,   0.023194848,   0.000025041,   0.023195020
      6.219375,    0.008247,    4.724993,  -0.000094977,   0.022659708,   0.000025197,   0.022659922
      5.204887,    0.007230,    4.142269,   0.000000000,   0.032855800,   0.000000000,   0.032855800
      0.803267,   -0.006518,   -3.734768,   0.000002249,   0.010277324,   0.000004064,   0.010277325
      0.603828,   -0.005481,   -3.140214,   0.000002660,   0.005384910,  -0.000009184,   0.005384918
     -1.401052,    0.004103,    2.350703,  -0.000004804,   0.004207244,   0.000012197,   0.004207265
      2.401786,   -0.002741,   -1.570442,   0.000010657,   0.003129823,  -0.000001545,   0.003129842
      6.017551,    0.007904,    4.528387,  -0.000050952,   0.026873005,   0.000017050,   0.026873059
      5.006478,    0.007223,    4.138233,  -0.000012692,   0.031486131,  -0.000012488,   0.031486136
      1.002458,   -0.006518,   -3.734797,   0.000003325,   0.010699841,   0.000004257,   0.010699842
      0.803064,   -0.005477,   -3.138336,   0.000004868,   0.005387974,  -0.000009461,   0.005387984
     -1.602280,    0.004110,    2.354987,  -0.000004429,   0.004854454,   0.000007788,   0.004854462
      2.602195,   -0.002742,   -1.570778,   0.000013124,   0.003387851,  -0.000001897,   0.003387877
      6.018750,    0.008247,    4.724993,  -0.000062180,   0.026189805,   0.000017768,   0.026189885
      4.804297,    0.007219,    4.136296,  -0.000006326,   0.028853353,  -0.000016970,   0.028853358
      1.202280,   -0.006520,   -3.735885,   0.000002320,   0.011772018,   0.000004701,   0.011772019
      1.004137,   -0.005476,   -3.137570,   0.000006946,   0.005742439,  -0.000009342,   0.005742451
     -1.802766,    0.004115,    2.357993,  -0.000004420,   0.005016875,   0.000006308,   0.005016881
      2.802483,   -0.002744,   -1.572322,   0.000013708,   0.004273970,  -0.000001503,   0.004273993
      5.816286,    0.007907,    4.530142,  -0.000029076,   0.029723402,   0.000009954,   0.029723418
      5.818125,    0.008247,    4.724993,  -0.000039764,   0.028951345,   0.000010807,   0.028951375
      4.605511,    0.007218,    4.135826,   0.000000465,   0.026389770,  -0.000016922,   0.026389775
      1.402336,   -0.006527,   -3.739448,  -0.000001180,   0.013342491,   0.000005909,   0.013342492
      1.204718,   -0.005481,   -3.140310,   0.000007957,   0.006423532,  -0.000008839,   0.006423543
     -2.003340,    0.004111,    2.355501,  -0.000004873,   0.005093990,   0.000008350,   0.005093999
      3.002697,   -0.002746,   -1.573276,   0.000011060,   0.005730606,  -0.000000231,   0.005730617
      5.615142,    0.007908,    4.530678,  -0.000020374,   0.031385067,   0.000003980,   0.031385074
      4.405531,    0.007217,    4.134875,   0.000005174,   0.024218927,  -0.000014487,   0.024218932
      1.602643,   -0.006537,   -3.745180,   0.000000000,   0.014372200,   0.000000000,   0.014372200
      1.404644,   -0.005484,   -3.142254,   0.000007903,   0.007216141,  -0.000008185,   0.007216150
     -2.203751,    0.004108,    2.353603,  -0.000006097,   0.005265971,   0.000013101,   0.005265991
      5.617500,    0.008247,    4.724993,  -0.000029853,   0.030493579,   0.000004303,   0.030493594
     -3.003560,    0.002386,    1.366815,  -0.000014236,   0.004987423,   0.000014090,   0.004987464
      4.205165,    0.007220,    4.136878,   0.000006915,   0.022471549,  -0.000010905,   0.022471553
      1.802777,   -0.006552,   -3.753963,   0.000000000,   0.014372200,   0.000000000,   0.014372200
      1.605525,   -0.005488,   -3.144530,   0.000007430,   0.007933611,  -0.000007545,   0.007933619
     -2.403832,    0.004104,    2.351372,  -0.000009223,   0.005566174,   0.000017876,   0.005566210
      5.414294,    0.007910,    4.532349,  -0.000019726,   0.031735126,  -0.000001830,   0.031735132
     -3.004142,    0.002037,    1.167190,  -0.000017600,   0.003942717,   0.000016018,   0.003942789
      5.416875,    0.008247,    4.724993,  -0.000025775,   0.030654338,  -0.000002487,   0.030654349
      4.004573,    0.007225,    4.139537,   0.000005626,   0.021182233,  -0.000006779,   0.021182235
      2.003473,   -0.006536,   -3.744933,   0.000000000,   0.014372200,   0.000000000,   0.014372200
      1.805866,   -0.005490,   -3.145516,   0.000007411,   0.008366017,  -0.000007611,   0.008366024
     -2.604028,    0.004104,    2.351330,  -0.000011611,   0.006133451,   0.000019798,   0.006133494
     -3.004090,    0.001693,    0.970024,  -0.000019030,   0.003335502,   0.000015532,   0.003335592
      5.213696,    0.007906,    4.530075,  -0.000018035,   0.030851902,  -0.000008616,   0.030851909
      3.803579,    0.007233,    4.144287,   0.000000000,   0.020449900,   0.000000000,   0.020449900
      2.203383,   -0.006526,   -3.738921,   0.000002517,   0.014093335,   0.000003672,   0.014093335
      2.005610,   -0.005488,   -3.144193,   0.000008015,   0.008580117,  -0.000007755,   0.008580124
     -2.804653,    0.004106,    2.352702,  -0.000012495,   0.007041080,   0.000019158,   0.007041117
      5.216250,    0.008247,    4.724993,  -0.000020128,   0.029673452,  -0.000009996,   0.029673460
     -3.005064,    0.001346,    0.771363,  -0.000018209,   0.003250233,   0.000013321,   0.003250312
      3.602822,    0.007244,    4.150687,   0.000000000,   0.020449900,   0.000000000,   0.020449900
      2.404203,   -0.006521,   -3.736344,   0.000004551,   0.013742793,   0.000003297,   0.013742794
      2.206822,   -0.005484,   -3.142171,   0.000009463,   0.008656976,  -0.000008309,   0.008656985
     -3.004700,    0.004111,    2.355546,  -0.000011291,   0.008256159,   0.000016291,   0.008256183
      5.013300,    0.007904,    4.528861,  -0.000012341,   0.029181620,  -0.000015362,   0.029181627
     -3.003744,    0.001000,    0.572723,  -0.000015360,   0.003617335,   0.000010731,   0.003617384
      5.015625,    0.008247,    4.724993,  -0.000009279,   0.027872091,  -0.000017239,   0.027872098
      3.401848,    0.007229,    4.142088,   0.000000000,   0.020449900,   0.000000000,   0.020449900
      2.605498,   -0.006518,   -3.734808,   0.000006668,   0.014000399,   0.000003455,   0.014000401
      2.406976,   -0.005481,   -3.140239,   0.000011673,   0.008826554,  -0.000008767,   0.008826567
     -3.204261,    0.004117,    2.359068,  -0.000008883,   0.009597656,   0.000011844,   0.009597668
     -3.000903,    0.000666,    0.381664,  -0.000011732,   0.004140435,   0.000008573,   0.004140461
      4.811296,    0.007903,    4.527992,  -0.000002251,   0.027009890,  -0.000019974,   0.027009897
      3.203466,    0.007219,    4.136102,  -0.000001544,   0.019199991,  -0.000004295,   0.019199992
      2.804682,   -0.006518,   -3.734811,   0.000007073,   0.014899717,   0.000003764,   0.014899719
      2.606259,   -0.005477,   -3.138328,   0.000014020,   0.009257309,  -0.000008951,   0.009257324
     -3.404047,    0.004126,    2.363873,  -0.000008021,   0.010571699,   0.000007851,   0.010571705
      4.815000,    0.008247,    4.724993,   0.000004459,   0.025684168,  -0.000022132,   0.025684178
     -3.000686,    0.000331,    0.189378,  -0.000008322,   0.004632193,   0.000006389,   0.004632205
      3.003190,    0.007214,    4.133272,   0.000003985,   0.017307457,  -0.000007642,   0.017307459
      3.004351,   -0.006520,   -3.735880,   0.000004363,   0.016394310,   0.000004336,   0.016394311
      2.808033,   -0.005481,   -3.140527,   0.000015568,   0.010057036,  -0.000008814,   0.010057052
     -3.604122,    0.004133,    2.368046,  -0.000008896,   0.010876869,   0.000006722,   0.010876875
      4.611452,    0.007904,    4.528458,   0.000008461,   0.024689616,  -0.000020967,   0.024689626
     -3.000052,   -0.000008,   -0.004572,  -0.000006634,   0.004849949,   0.000004359,   0.004849956
      4.614375,    0.008247,    4.724993,   0.000016771,   0.023479941,  -0.000023242,   0.023479959
      2.802197,    0.007212,    4.132422,   0.000007456,   0.015730058,  -0.000008490,   0.015730062
      3.204097,   -0.006527,   -3.739433,  -0.000001216,   0.018341273,   0.000005708,   0.018341274
      3.008847,   -0.005487,   -3.143947,   0.000015687,   0.011125371,  -0.000008431,   0.011125385
     -3.804442,    0.004133,    2.368234,  -0.000010860,   0.011177717,   0.000009143,   0.011177726
     -3.001057,   -0.000349,   -0.199696,  -0.000008078,   0.004617566,   0.000003210,   0.004617574
      4.410928,    0.007902,    4.527581,   0.000015297,   0.022655454,  -0.000018719,   0.022655467
      2.603237,    0.007212,    4.132202,   0.000007496,   0.014766611,  -0.000008021,   0.014766615
      3.404282,   -0.006541,   -3.747496,   0.000000000,   0.019704600,   0.000000000,   0.019704600
      3.208464,   -0.005493,   -3.147029,   0.000014882,   0.012263773,  -0.000008002,   0.012263785
      4.413750,    0.008247,    4.724993,   0.000024604,   0.021481015,  -0.000021195,   0.021481040
      4.008249,   -0.001387,   -0.794439,   0.000020656,   0.007978391,   0.000004149,   0.007978418
     -3.002825,   -0.000690,   -0.395316,  -0.000011609,   0.004070513,   0.000003250,   0.004070531
      4.007135,   -0.001041,   -0.596245,   0.000017701,   0.008184747,   0.000005061,   0.008184767
      2.403036,    0.007214,    4.133255,   0.000005795,   0.014439275,  -0.000006683,   0.014439277
      3.603197,   -0.006558,   -3.757474,   0.000000000,   0.019704600,   0.000000000,   0.019704600
      3.408060,   -0.005500,   -3.151524,   0.000013931,   0.013352785,  -0.000007477,   0.013352795
      4.210213,    0.007903,    4.528042,   0.000017980,   0.021022432,  -0.000014754,   0.021022444
     -3.004258,   -0.001031,   -0.590745,  -0.000015726,   0.003427420,   0.000003753,   0.003427458
      4.213125,    0.008247,    4.724993,   0.000027091,   0.019850750,  -0.000017410,   0.019850776
      2.202142,    0.007220,    4.136661,   0.000003708,   0.014609579,  -0.000004155,   0.014609580
      3.803972,   -0.006547,   -3.751188,   0.000000000,   0.019704600,   0.000000000,   0.019704600
      3.607566,   -0.005503,   -3.153106,   0.000013878,   0.014249997,  -0.000007395,   0.014250005
      4.005896,   -0.000695,   -0.398255,   0.000012888,   0.008512967,   0.000005165,   0.008512978
     -3.005396,   -0.001373,   -0.786685,  -0.000018987,   0.002978824,   0.000003270,   0.002978886
      4.009565,    0.007904,    4.528921,   0.000017386,   0.019830819,  -0.000010293,   0.019830830
      2.001483,    0.007229,    4.142063,   0.000000000,   0.014742800,   0.000000000,   0.014742800
      4.005139,   -0.006543,   -3.748838,   0.000003323,   0.020365807,   0.000001414,   0.020365808
      3.807878,   -0.005507,   -3.155552,   0.000014351,   0.015150915,  -0.000007160,   0.015150923
      4.004987,   -0.000352,   -0.201469,   0.000008208,   0.008731966,   0.000004603,   0.008731971
      4.012500,    0.008247,    4.724993,   0.000025410,   0.018594164,  -0.000013427,   0.018594186
     -3.005843,   -0.001716,   -0.983200,  -0.000020102,   0.003035262,   0.000001456,   0.003035329
      1.800984,    0.007243,    4.150095,   0.000000000,   0.014742800,   0.000000000,   0.014742800
      4.205961,   -0.006540,   -3.747274,   0.000004560,   0.021617357,   0.000002813,   0.021617358
      4.008302,   -0.005506,   -3.154680,   0.000014865,   0.016158098,  -0.000007033,   0.016158106
      4.004617,   -0.000008,   -0.004475,   0.000005997,   0.008775446,   0.000003443,   0.008775449
      3.809068,    0.007908,    4.530710,   0.000014481,   0.019053195,  -0.000006482,   0.019053202
     -3.005679,   -0.002060,   -1.180030,  -0.000018721,   0.003669920,  -0.000000320,   0.003669968
      3.811875,    0.008247,    4.724993,   0.000021750,   0.017587651,  -0.000010899,   0.017587667
      1.599811,    0.007228,    4.141350,   0.000000000,   0.014742800,   0.000000000,   0.014742800
      4.406563,   -0.006539,   -3.746376,   0.000002782,   0.023434735,   0.000004310,   0.023434735
      4.208445,   -0.005508,   -3.155771,   0.000014023,   0.017476256,  -0.000006812,   0.017476263
      4.007692,    0.000338,    0.193702,   0.000007555,   0.008756475,   0.000003419,   0.008756479
     -3.005001,   -0.002403,   -1.376905,  -0.000015148,   0.004780247,  -0.000000800,   0.004780271
      3.608678,    0.007909,    4.531781,   0.000011306,   0.018399443,  -0.000004869,   0.018399447
      1.401173,    0.007218,    4.135382,  -0.000001810,   0.013821582,  -0.000003944,   0.013821582
      4.606755,   -0.006539,   -3.746572,  -0.000001740,   0.025672493,   0.000005445,   0.025672494
      4.408585,   -0.005507,   -3.155353,   0.000010661,   0.019129537,  -0.000006366,   0.019129541
      4.007952,    0.000678,    0.388742,   0.000011389,   0.008615192,   0.000004310,   0.008615201
      3.611250,    0.008247,    4.724993,   0.000018455,   0.016647508,  -0.000010798,   0.016647522
      1.200772,    0.007213,    4.132725,   0.000001694,   0.012334706,  -0.000007201,   0.012334708
      4.806671,   -0.006542,   -3.748409,  -0.000007109,   0.028162303,   0.000005917,   0.028162305
      4.608929,   -0.005509,   -3.156173,   0.000004339,   0.021079187,  -0.000005501,   0.021079188
      4.007604,    0.001019,    0.584114,   0.000016010,   0.008403207,   0.000007091,   0.008403225
      3.005545,    0.002390,    1.369290,   0.000014006,   0.004989670,   0.000013964,   0.004989709
      3.408364,    0.007907,    4.530427,   0.000009748,   0.017518549,  -0.000006186,   0.017518552
      3.410625,    0.008247,    4.724993,   0.000017436,   0.015598151,  -0.000012827,   0.015598166
      0.999678,    0.007212,    4.132031,   0.000003390,   0.011228277,  -0.000008211,   0.011228281
      5.006148,   -0.006548,   -3.751869,  -0.000013238,   0.030932334,   0.000006890,   0.030932338
      4.008889,    0.001366,    0.782670,   0.000018996,   0.008287671,   0.000010020,   0.008287699
      2.805225,    0.002386,    1.367309,   0.000015714,   0.003712290,   0.000016881,   0.003712362
     -4.609700,    0.005163,    2.957961,  -0.000002988,   0.020523149,   0.000009126,   0.020523152
      3.208084,    0.007904,    4.528750,   0.000010687,   0.016305340,  -0.000009085,   0.016305346
      0.800606,    0.007212,    4.131911,   0.000002727,   0.010810287,  -0.000007949,   0.010810290
      5.205337,   -0.006557,   -3.757069,   0.000000000,   0.032451700,   0.000000000,   0.032451700
      4.008378,    0.001709,    0.979437,   0.000020271,   0.008400491,   0.000012503,   0.008400525
      2.604738,    0.002386,    1.367056,   0.000015280,   0.002839645,   0.000017712,   0.002839742
      3.210000,    0.008247,    4.724993,   0.000018975,   0.014353620,  -0.000015640,   0.014353641
     -4.609884,    0.004818,    2.760708,  -0.000003926,   0.019179148,   0.000011052,   0.019179152
      0.600616,    0.007214,    4.133040,   0.000001986,   0.011100137,  -0.000006663,   0.011100139
      4.007132,    0.002054,    1.176729,   0.000019330,   0.008846659,   0.000013648,   0.008846690
      2.405058,    0.002383,    1.365605,   0.000013404,   0.002425794,   0.000016300,   0.002425886
      3.006484,    0.007902,    4.527599,   0.000013428,   0.014844716,  -0.000011860,   0.014844727
     -5.208948,    0.006205,    3.555213,   0.000014482,   0.031478317,  -0.000011078,   0.031478323
     -4.608960,    0.004475,    2.564057,  -0.000004866,   0.018110079,   0.000011201,   0.018110083
      3.009375,    0.008247,    4.724993,   0.000021109,   0.013042270,  -0.000017516,   0.013042299
      0.399870,    0.007220,    4.136501,   0.000002192,   0.011872430,  -0.000003781,   0.011872431
      4.005839,    0.002399,    1.374804,   0.000016651,   0.009559371,   0.000013004,   0.009559395
      2.206005,    0.002387,    1.367846,   0.000011130,   0.002336533,   0.000013375,   0.002336598
     -5.211072,    0.005859,    3.356739,   0.000016230,   0.029219005,  -0.000006398,   0.029219010
     -4.607760,    0.004132,    2.367578,  -0.000005375,   0.017366270,   0.000010313,   0.017366274
      2.806580,    0.007902,    4.527538,   0.000015265,   0.013504023,  -0.000013185,   0.013504038
      0.199587,    0.007229,    4.141958,   0.000000000,   0.012384700,   0.000000000,   0.012384700
      4.004938,    0.002746,    1.573171,   0.000012477,   0.010372848,   0.000011275,   0.010372862
      2.004576,    0.002385,    1.366702,   0.000008693,   0.002366380,   0.000009975,   0.002366417
      2.808750,    0.008247,    4.724993,   0.000021517,   0.011874261,  -0.000017904,   0.011874294
     -5.211496,    0.005513,    3.158653,   0.000018457,   0.027251990,  -0.000003084,   0.027251997
     -4.606546,    0.003789,    2.170780,  -0.000005529,   0.016858075,   0.000009605,   0.016858079
     -0.000641,    0.007243,    4.150076,   0.000000000,   0.012384700,   0.000000000,   0.012384700
      4.003160,    0.003092,    1.771461,   0.000008285,   0.010957448,   0.000010336,   0.010957456
      1.803982,    0.002387,    1.367612,   0.000006593,   0.002304575,   0.000007655,   0.002304597
      2.606723,    0.007902,    4.527776,   0.000014546,   0.012621866,  -0.000012730,   0.012621881
     -5.211744,    0.005168,    2.960847,   0.000018610,   0.025506236,  -0.000000214,   0.025506243
     -4.606526,    0.003445,    1.974115,  -0.000005588,   0.016425141,   0.000009819,   0.016425145
      2.608125,    0.008247,    4.724993,   0.000019452,   0.011031399,  -0.000017265,   0.011031429
     -0.202145,    0.007228,    4.141394,   0.000000000,   0.012384700,   0.000000000,   0.012384700
      4.002161,    0.003437,    1.969465,   0.000006697,   0.011137216,   0.000010125,   0.011137223
      1.606901,    0.002383,    1.365444,   0.000005498,   0.001825980,   0.000008512,   0.001826008
     -5.211463,    0.004824,    2.763907,   0.000017262,   0.024147782,   0.000000790,   0.024147788
     -4.607669,    0.003099,    1.775730,  -0.000005383,   0.015938926,   0.000010670,   0.015938931
      2.406211,    0.007903,    4.527817,   0.000012278,   0.012252871,  -0.000011058,   0.012252882
     -0.401197,    0.007218,    4.135424,  -0.000002144,   0.011861711,  -0.000003691,   0.011861711
      4.003000,    0.003782,    2.166795,   0.000008370,   0.011357839,   0.000012215,   0.011357848
      1.407048,    0.002379,    1.362967,   0.000005761,   0.001015923,   0.000011366,   0.001016003
      2.407500,    0.008247,    4.724993,   0.000015916,   0.010579131,  -0.000016042,   0.010579155
     -5.210924,    0.004481,    2.567306,   0.000013921,   0.023114049,   0.000000785,   0.023114053
     -4.609448,    0.002753,    1.577563,  -0.000005922,   0.015249181,   0.000012073,   0.015249186
     -0.601813,    0.007213,    4.132744,  -0.000001815,   0.011053293,  -0.000006527,   0.011053295
      1.207131,    0.002378,    1.362254,   0.000006759,   0.000028891,   0.000014994,   0.000033244
      2.205465,    0.007905,    4.529161,   0.000009853,   0.012218065,  -0.000008884,   0.012218072
     -5.209341,    0.004138,    2.370661,   0.000009977,   0.022583413,  -0.000000380,   0.022583415
     -4.610718,    0.002411,    1.381208,  -0.000006810,   0.014451022,   0.000012998,   0.014451029
      4.005366,   -0.004140,   -2.372291,   0.000014165,   0.011448855,  -0.000003717,   0.011448864
      2.206875,    0.008247,    4.724993,   0.000012390,   0.010430551,  -0.000014560,   0.010430568
     -0.803028,    0.007212,    4.132042,  -0.000002485,   0.010719835,  -0.000007762,   0.010719838
      1.007688,    0.002377,    1.361861,   0.000007001,  -0.000832745,   0.000017794,   0.000832964
     -5.206009,    0.003795,    2.174134,   0.000000000,   0.022352500,   0.000000000,   0.022352500
     -4.611485,    0.002059,    1.179725,  -0.000007765,   0.013689183,   0.000012610,   0.013689191
      4.003983,   -0.003799,   -2.176766,   0.000009573,   0.010967176,  -0.000002701,   0.010967180
      2.004745,    0.007907,    4.530580,   0.000007519,   0.012315978,  -0.000006632,   0.012315982
     -1.002096,    0.007212,    4.131897,  -0.000003198,   0.011099282,  -0.000007971,   0.011099285
      0.808024,    0.002377,    1.361793,   0.000005797,  -0.001234568,   0.000018268,   0.001234716
      2.006250,    0.008247,    4.724993,   0.000009817,   0.010369264,  -0.000013468,   0.010369277
     -5.200760,    0.003451,    1.977556,   0.000000000,   0.022352500,   0.000000000,   0.022352500
     -4.612087,    0.001713,    0.981389,  -0.000008555,   0.013155434,   0.000010652,   0.013155441
      4.002916,   -0.003457,   -1.980782,   0.000006523,   0.010806898,  -0.000002689,   0.010806901
     -1.201931,    0.007213,    4.133017,  -0.000001667,   0.012160715,  -0.000006970,   0.012160717
      0.609207,    0.002376,    1.361248,   0.000004209,  -0.001139458,   0.000016342,   0.001139583
      1.804193,    0.007909,    4.531462,   0.000005359,   0.012249774,  -0.000005546,   0.012249777
     -5.205913,    0.003106,    1.779538,   0.000000000,   0.022352500,   0.000000000,   0.022352500
     -4.612519,    0.001365,    0.782136,  -0.000008284,   0.012999976,   0.000007503,   0.012999981
      4.004335,   -0.003109,   -1.781476,   0.000007514,   0.010657499,  -0.000002869,   0.010657502
      1.805625,    0.008247,    4.724993,   0.000008590,   0.010148354,  -0.000013495,   0.010148366
     -1.402387,    0.007220,    4.136466,   0.000001708,   0.013616493,  -0.000003789,   0.013616493
      0.410070,    0.002381,    1.364018,   0.000002959,  -0.000754395,   0.000013043,   0.000754513
     -5.209976,    0.002758,    1.579978,   0.000012040,   0.021339680,  -0.000000638,   0.021339683
     -4.610704,    0.001016,    0.582321,  -0.000007623,   0.013124197,   0.000004598,   0.013124200
      4.004391,   -0.002766,   -1.584619,   0.000011481,   0.010105114,  -0.000002323,   0.010105121
      1.603782,    0.007907,    4.530201,   0.000004261,   0.011742463,  -0.000006931,   0.011742466
     -1.602287,    0.007229,    4.141916,   0.000000000,   0.014536100,   0.000000000,   0.014536100
      0.208376,    0.002383,    1.365566,   0.000001655,  -0.000346994,   0.000009711,   0.000347134
      1.605000,    0.008247,    4.724993,   0.000008858,   0.009632464,  -0.000014710,   0.009632479
     -5.212389,    0.002415,    1.383588,   0.000013247,   0.019885447,   0.000003934,   0.019885452
     -4.610042,    0.000670,    0.384131,  -0.000006382,   0.013459809,   0.000002894,   0.013459811
      4.005371,   -0.002421,   -1.387114,   0.000016324,   0.009291379,  -0.000001255,   0.009291393
     -1.802238,    0.007243,    4.150062,   0.000000000,   0.014536100,   0.000000000,   0.014536100
      0.006991,    0.002387,    1.367721,   0.000000046,  -0.000126510,   0.000007933,   0.000126758
      1.403409,    0.007904,    4.528628,   0.000004843,   0.010853614,  -0.000009538,   0.010853619
     -5.213136,    0.002065,    1.183423,   0.000014612,   0.018788255,   0.000005943,   0.018788262
     -4.608489,    0.000324,    0.185676,  -0.000005212,   0.013780584,   0.000002680,   0.013780586
      4.006670,   -0.002075,   -1.189127,   0.000019827,   0.008541736,   0.000000218,   0.008541759
      1.404375,    0.008247,    4.724993,   0.000010241,   0.008807714,  -0.000016673,   0.008807736
     -2.004088,    0.007228,    4.141452,   0.000000000,   0.014536100,   0.000000000,   0.014536100
     -0.190497,    0.002384,    1.366020,  -0.000001561,  -0.000323017,   0.000009507,   0.000323160
     -5.213398,    0.001721,    0.985877,   0.000014666,   0.018145983,   0.000005603,   0.018145990
     -4.608150,   -0.000021,   -0.012097,  -0.000004972,   0.013897900,   0.000003613,   0.013897901
      4.006684,   -0.001731,   -0.991792,   0.000021523,   0.008060956,   0.000002268,   0.008060985
      1.202039,    0.007902,    4.527521,   0.000006307,   0.009779166,  -0.000012011,   0.009779175
     -2.203549,    0.007218,    4.135482,  -0.000003716,   0.014419352,  -0.000004033,   0.014419353
     -0.389822,    0.002380,    1.363702,  -0.000002866,  -0.000723374,   0.000012734,   0.000723492
      1.203750,    0.008247,    4.724993,   0.000011164,   0.007887123,  -0.000018175,   0.007887152
     -5.213592,    0.001375,    0.788097,   0.000014026,   0.018112988,   0.000003498,   0.018112994
     -4.609389,   -0.000367,   -0.210453,  -0.000005215,   0.013802497,   0.000004960,   0.013802499
     -2.404388,    0.007213,    4.132777,  -0.000005877,   0.014268717,  -0.000006482,   0.014268720
     -3.802388,   -0.004136,   -2.369644,  -0.000012440,   0.010909255,  -0.000003280,   0.010909263
     -0.588738,    0.002378,    1.362345,  -0.000004094,  -0.001115974,   0.000016082,   0.001116097
      1.001990,    0.007902,    4.527437,   0.000006733,   0.008875556,  -0.000013412,   0.008875568
     -5.212341,    0.001030,    0.589967,   0.000012309,   0.018556385,   0.000001378,   0.018556389
     -4.611120,   -0.000714,   -0.408893,  -0.000006529,   0.013470813,   0.000006103,   0.013470816
      1.003125,    0.008247,    4.724993,   0.000010048,   0.007149635,  -0.000018617,   0.007149666
     -2.605723,    0.007212,    4.132073,  -0.000007607,   0.014616902,  -0.000007796,   0.014616906
     -3.601789,   -0.004134,   -2.368471,  -0.000008899,   0.010616537,  -0.000003601,   0.010616542
     -0.789448,    0.002377,    1.361700,  -0.000005702,  -0.001251753,   0.000018204,   0.001251898
     -5.210667,    0.000681,    0.390166,   0.000011060,   0.019477420,   0.000000543,   0.019477423
     -4.612330,   -0.001060,   -0.607444,  -0.000008055,   0.013094091,   0.000006025,   0.013094095
      0.802045,    0.007902,    4.527692,   0.000005381,   0.008495043,  -0.000013147,   0.008495055
     -2.804781,    0.007212,    4.131899,  -0.000007535,   0.015598333,  -0.000008261,   0.015598337
     -3.402567,   -0.004129,   -2.365459,  -0.000007647,   0.010281701,  -0.000004773,   0.010281705
     -0.994846,    0.002375,    1.361051,  -0.000007018,  -0.000871617,   0.000017896,   0.000871829
      0.802500,    0.008247,    4.724993,   0.000007081,   0.006790776,  -0.000018260,   0.006790804
     -5.207282,    0.000335,    0.191793,   0.000000000,   0.020090600,   0.000000000,   0.020090600
     -4.613238,   -0.001405,   -0.804746,  -0.000009090,   0.012894327,   0.000004284,   0.012894330
     -3.004465,    0.007213,    4.133006,  -0.000004063,   0.017175002,  -0.000007459,   0.017175004
     -3.200239,   -0.004119,   -2.359876,  -0.000009136,   0.009194974,  -0.000005781,   0.009194981
     -1.196891,    0.002382,    1.364686,  -0.000006809,   0.000006110,   0.000015143,   0.000017692
      0.601518,    0.007902,    4.527767,   0.000003741,   0.008674859,  -0.000011472,   0.008674867
     -5.202104,   -0.000010,   -0.005974,   0.000000000,   0.020090600,   0.000000000,   0.020090600
     -4.613578,   -0.001753,   -1.004613,  -0.000009555,   0.012998540,   0.000001338,   0.012998544
      0.601875,    0.008247,    4.724993,   0.000003874,   0.006849216,  -0.000017302,   0.006849239
     -3.204637,    0.007219,    4.136442,   0.000001499,   0.019072666,  -0.000004191,   0.019072667
     -2.999732,   -0.004118,   -2.359255,  -0.000012726,   0.007707236,  -0.000006510,   0.007707249
     -1.398259,    0.002385,    1.366476,  -0.000005763,   0.001015603,   0.000011477,   0.001015684
     -5.207209,   -0.000357,   -0.204441,   0.000000000,   0.020090600,   0.000000000,   0.020090600
     -4.612051,   -0.002090,   -1.197287,  -0.000008789,   0.013483043,  -0.000001501,   0.013483046
      0.400752,    0.007905,    4.529137,   0.000002685,   0.009143263,  -0.000009150,   0.009143268
     -3.404152,    0.007229,    4.141875,   0.000000000,   0.020340400,   0.000000000,   0.020340400
     -2.801130,   -0.004113,   -2.356738,  -0.000014527,   0.006409439,  -0.000007058,   0.006409459
     -1.599767,    0.002388,    1.368344,  -0.000005438,   0.001844913,   0.000008549,   0.001844940
      0.401250,    0.008247,    4.724993,   0.000001782,   0.007186902,  -0.000015814,   0.007186920
     -5.211104,   -0.000704,   -0.403451,   0.000011290,   0.019473885,  -0.000000195,   0.019473888
     -4.608535,   -0.002430,   -1.392488,  -0.000007625,   0.014209015,  -0.000003326,   0.014209018
     -3.603827,    0.007243,    4.150032,   0.000000000,   0.020340400,   0.000000000,   0.020340400
     -2.600989,   -0.004111,   -2.355384,  -0.000013843,   0.005467694,  -0.000007079,   0.005467717
     -1.800640,    0.002393,    1.371217,  -0.000006496,   0.002351043,   0.000007580,   0.002351064
      0.200038,    0.007907,    4.530537,   0.000001672,   0.009616992,  -0.000006770,   0.009616995
     -5.213369,   -0.001052,   -0.602487,   0.000012517,   0.018521185,   0.000002042,   0.018521189
     -4.606915,   -0.002772,   -1.588028,  -0.000006241,   0.015049986,  -0.000003764,   0.015049988
      0.200625,    0.008247,    4.724993,   0.000000791,   0.007546251,  -0.000014351,   0.007546264
     -3.804854,    0.007233,    4.144167,   0.000000000,   0.020340400,   0.000000000,   0.020340400
     -2.400924,   -0.004113,   -2.356646,  -0.000011418,   0.004937267,  -0.000006274,   0.004937284
     -2.000788,    0.002389,    1.369070,  -0.000008615,   0.002406820,   0.000009911,   0.002406856
     -5.214049,   -0.001396,   -0.799879,   0.000013934,   0.018014819,   0.000001976,   0.018014824
     -4.604750,   -0.003113,   -1.783405,  -0.000005431,   0.015767874,  -0.000003239,   0.015767876
     -0.000512,    0.007909,    4.531426,   0.000000160,   0.009829768,  -0.000005544,   0.009829770
     -4.005703,    0.007228,    4.141358,  -0.000005728,   0.021092371,  -0.000006693,   0.021092372
     -2.201271,   -0.004116,   -2.358339,  -0.000008275,   0.004744774,  -0.000004567,   0.004744783
     -2.201555,    0.002386,    1.367038,  -0.000011087,   0.002355938,   0.000013355,   0.002356002
      0.000000,    0.008247,    4.724993,   0.000000257,   0.007684020,  -0.000013787,   0.007684033
     -5.214354,   -0.001744,   -0.999083,   0.000014209,   0.017997371,   0.000000483,   0.017997377
     -4.604270,   -0.003454,   -1.979091,  -0.000005914,   0.016242852,  -0.000002415,   0.016242854
     -4.206541,    0.007225,    4.139673,  -0.000006968,   0.022410470,  -0.000010749,   0.022410474
     -2.000413,   -0.004119,   -2.359944,  -0.000006411,   0.004671390,  -0.000003417,   0.004671395
     -2.402204,    0.002382,    1.364741,  -0.000013408,   0.002440448,   0.000016318,   0.002440540
     -0.200957,    0.007907,    4.530194,  -0.000001332,   0.009607678,  -0.000006719,   0.009607680
     -5.214346,   -0.002089,   -1.197034,   0.000013871,   0.018632332,  -0.000001068,   0.018632337
     -4.604498,   -0.003796,   -2.174928,  -0.000006770,   0.016582393,  -0.000001919,   0.016582395
     -0.200625,    0.008247,    4.724993,  -0.000000241,   0.007530923,  -0.000014329,   0.007530936
     -4.407011,    0.007224,    4.139052,  -0.000005157,   0.024181198,  -0.000014303,   0.024181203
     -1.800422,   -0.004120,   -2.360564,  -0.000004690,   0.004617740,  -0.000003364,   0.004617743
     -2.602673,    0.002382,    1.364645,  -0.000015363,   0.002842894,   0.000017777,   0.002842991
     -5.213135,   -0.002434,   -1.394625,   0.000012561,   0.019752093,  -0.000001224,   0.019752097
     -4.605561,   -0.004138,   -2.371108,  -0.000007859,   0.016920171,  -0.000002509,   0.016920173
     -0.401403,    0.007904,    4.528640,  -0.000002284,   0.009117797,  -0.000009048,   0.009117802
     -4.607263,    0.007222,    4.138172,  -0.000000322,   0.026379270,  -0.000016722,   0.026379276
     -1.601449,   -0.004111,   -2.355520,  -0.000004011,   0.004420537,  -0.000004352,   0.004420541
     -2.803126,    0.002381,    1.364484,  -0.000015875,   0.003709449,   0.000016981,   0.003709522
     -0.401250,    0.008247,    4.724993,  -0.000001135,   0.007151899,  -0.000015756,   0.007151916
     -5.211207,   -0.002779,   -1.592320,   0.000011635,   0.021259427,   0.000000587,   0.021259430
     -4.605872,   -0.004481,   -2.567595,  -0.000008439,   0.017467936,  -0.000004299,   0.017467938
     -4.807069,    0.007224,    4.139318,   0.000006497,   0.028867632,  -0.000016791,   0.028867638
     -1.400125,   -0.004102,   -2.350337,  -0.000004637,   0.003660128,  -0.000005577,   0.003660135
     -0.602520,    0.007902,    4.527547,  -0.000003262,   0.008618302,  -0.000011332,   0.008618310
     -5.205499,   -0.003114,   -1.784327,   0.000000000,   0.022220900,   0.000000000,   0.022220900
     -4.606984,   -0.004825,   -2.764356,  -0.000007969,   0.018402462,  -0.000006267,   0.018402465
      3.005966,   -0.001368,   -0.783944,   0.000018777,   0.003027293,   0.000004194,   0.003027354
     -0.601875,    0.008247,    4.724993,  -0.000003124,   0.006787441,  -0.000017186,   0.006787463
      3.002286,   -0.001032,   -0.591201,   0.000015550,   0.003525889,   0.000004379,   0.003525926
     -5.006863,    0.007229,    4.141756,   0.000012810,   0.031481013,  -0.000012459,   0.031481018
     -1.200271,   -0.004096,   -2.347115,  -0.000006103,   0.002593655,  -0.000006664,   0.002593671
     -5.200031,   -0.003456,   -1.980131,   0.000000000,   0.022220900,   0.000000000,   0.022220900
     -4.606707,   -0.005168,   -2.961107,  -0.000006746,   0.019708900,  -0.000007068,   0.019708902
     -0.802634,    0.007902,    4.527442,  -0.000004864,   0.008403612,  -0.000012950,   0.008403624
     -5.206132,    0.007236,    4.145871,   0.000000000,   0.032869300,   0.000000000,   0.032869300
     -1.001863,   -0.004094,   -2.345896,  -0.000006240,   0.001769624,  -0.000007453,   0.001769651
      3.002997,   -0.000693,   -0.397106,   0.000011447,   0.004232114,   0.000003552,   0.004232131
     -0.802500,    0.008247,    4.724993,  -0.000006304,   0.006695961,  -0.000018074,   0.006695988
     -5.202862,   -0.003799,   -2.176605,   0.000000000,   0.022220900,   0.000000000,   0.022220900
     -5.405890,    0.007247,    4.152029,   0.000000000,   0.032869300,   0.000000000,   0.032869300
      4.607452,    0.005155,    2.953325,   0.000002881,   0.020455386,   0.000009255,   0.020455388
     -0.801480,   -0.004095,   -2.346221,  -0.000004841,   0.001370352,  -0.000007585,   0.001370381
      3.000995,   -0.000353,   -0.202385,   0.000007920,   0.004816490,   0.000003241,   0.004816498
     -1.002556,    0.007902,    4.527681,  -0.000006303,   0.008742504,  -0.000013186,   0.008742516
     -5.207216,   -0.004142,   -2.373006,   0.000009272,   0.022294713,   0.000000520,   0.022294715
     -1.003125,    0.008247,    4.724993,  -0.000009382,   0.007018711,  -0.000018385,   0.007018741
     -5.608241,    0.007236,    4.145773,   0.000000000,   0.032869300,   0.000000000,   0.032869300
      4.406962,    0.005153,    2.952577,   0.000008787,   0.018597811,   0.000011828,   0.018597817
     -0.600871,   -0.004098,   -2.347984,  -0.000002997,   0.001428701,  -0.000006867,   0.001428720
      3.001576,   -0.000012,   -0.007024,   0.000006276,   0.005100176,   0.000004133,   0.005100181
     -5.207191,   -0.004484,   -2.569066,   0.000011989,   0.022553526,  -0.000000491,   0.022553529
     -1.203023,    0.007902,    4.527766,  -0.000006059,   0.009613104,  -0.000011798,   0.009613113
      4.206241,    0.005154,    2.953154,   0.000012309,   0.016961507,   0.000013532,   0.016961517
     -0.400624,   -0.004103,   -2.351000,  -0.000001521,   0.001811736,  -0.000005402,   0.001811744
      3.003173,    0.000329,    0.188469,   0.000007837,   0.004900595,   0.000006045,   0.004900605
     -1.203750,    0.008247,    4.724993,  -0.000010717,   0.007723690,  -0.000017947,   0.007723718
      5.816041,   -0.001413,   -0.809362,  -0.000032255,   0.015732631,   0.000002771,   0.015732664
     -5.208580,   -0.004827,   -2.765915,   0.000014572,   0.023389572,  -0.000001924,   0.023389577
      5.814835,   -0.001068,   -0.611788,  -0.000026636,   0.016277880,   0.000002534,   0.016277902
      4.005665,    0.005155,    2.953436,   0.000013637,   0.015644654,   0.000014206,   0.015644666
     -0.199273,   -0.004110,   -2.354847,  -0.000000764,   0.002128644,  -0.000004051,   0.002128648
      3.003406,    0.000672,    0.384828,   0.000011296,   0.004377868,   0.000008146,   0.004377890
     -1.403764,    0.007905,    4.529143,  -0.000004774,   0.010656904,  -0.000009403,   0.010656909
     -5.209192,   -0.005171,   -2.962983,   0.000015770,   0.024683940,  -0.000002661,   0.024683945
     -1.404375,    0.008247,    4.724993,  -0.000010031,   0.008619436,  -0.000016504,   0.008619457
      5.813878,   -0.000723,   -0.414112,  -0.000016289,   0.017254889,   0.000000771,   0.017254897
      3.804416,    0.005156,    2.953998,   0.000013812,   0.014614721,   0.000014219,   0.014614735
      0.001095,   -0.004115,   -2.357914,   0.000000023,   0.002193734,  -0.000003478,   0.002193737
      3.006059,    0.001014,    0.580872,   0.000015060,   0.003793976,   0.000010253,   0.003794020
     -5.209801,   -0.005516,   -3.160405,   0.000016081,   0.026517435,  -0.000001260,   0.026517440
     -1.604470,    0.007907,    4.530524,  -0.000004276,   0.011535576,  -0.000006858,   0.011535579
      5.811381,   -0.000377,   -0.216152,  -0.000006521,   0.018101620,   0.000000279,   0.018101621
      3.604382,    0.005153,    2.952215,   0.000013780,   0.013747904,   0.000014056,   0.013747918
      0.200370,   -0.004108,   -2.353515,   0.000000805,   0.002129430,  -0.000004067,   0.002129434
      3.005377,    0.001357,    0.777732,   0.000017942,   0.003365693,   0.000012798,   0.003365765
     -1.605000,    0.008247,    4.724993,  -0.000008814,   0.009429912,  -0.000014611,   0.009429927
     -5.207375,   -0.005861,   -3.358235,   0.000014961,   0.028684750,   0.000001771,   0.028684754
      5.809363,   -0.000032,   -0.018324,  -0.000003487,   0.018366870,   0.000003714,   0.018366871
      3.403727,    0.005149,    2.950174,   0.000014038,   0.012860497,   0.000014516,   0.012860513
      0.401411,   -0.004099,   -2.348739,   0.000001564,   0.001814888,  -0.000005439,   0.001814897
      3.006612,    0.001702,    0.975064,   0.000018759,   0.003417356,   0.000015052,   0.003417440
     -1.805042,    0.007909,    4.531412,  -0.000005405,   0.012042499,  -0.000005498,   0.012042502
     -5.205769,   -0.006207,   -3.556438,   0.000014614,   0.031156818,   0.000006440,   0.031156822
     -1.805625,    0.008247,    4.724993,  -0.000008638,   0.009942573,  -0.000013428,   0.009942586
      5.812152,    0.000312,    0.178919,  -0.000006402,   0.018141844,   0.000008251,   0.018141847
      3.204266,    0.005145,    2.947759,   0.000014436,   0.011895985,   0.000015478,   0.011896004
      0.601801,   -0.004095,   -2.346064,   0.000003044,   0.001436401,  -0.000006938,   0.001436421
      3.004667,    0.002046,    1.172492,   0.000017337,   0.003976972,   0.000015713,   0.003977041
     -2.005561,    0.007907,    4.530195,  -0.000007587,   0.012117425,  -0.000006553,   0.012117429
      5.814843,    0.000656,    0.376007,  -0.000015577,   0.017383652,   0.000011244,   0.017383662
      5.205447,    0.006198,    3.551300,  -0.000014400,   0.031452517,  -0.000011418,   0.031452523
      3.003595,    0.005140,    2.944793,   0.000014783,   0.010825737,   0.000017017,   0.010825760
      0.801036,   -0.004093,   -2.345292,   0.000004865,   0.001387655,  -0.000007668,   0.001387685
     -2.006250,    0.008247,    4.724993,  -0.000009929,   0.010169475,  -0.000013385,   0.010169488
      3.003628,   -0.002402,   -1.376263,   0.000015272,   0.004568790,  -0.000000204,   0.004568815
      5.816717,    0.001001,    0.573799,  -0.000025763,   0.016451818,   0.000013732,   0.016451844
      5.005791,    0.006194,    3.548835,  -0.000012501,   0.029939871,  -0.000011908,   0.029939876
      2.802462,    0.005135,    2.942130,   0.000014317,   0.009806838,   0.000018267,   0.009806865
      1.000808,   -0.004094,   -2.345743,   0.000006216,   0.001796343,  -0.000007530,   0.001796370
     -2.206124,    0.007904,    4.528654,  -0.000009965,   0.012032939,  -0.000008753,   0.012032946
      3.004557,   -0.002058,   -1.179085,   0.000018708,   0.003536245,   0.000000586,   0.003536294
     -2.206875,    0.008247,    4.724993,  -0.000012562,   0.010243983,  -0.000014428,   0.010244001
      5.817512,    0.001350,    0.773750,  -0.000031609,   0.015931036,   0.000016108,   0.015931075
      4.805564,    0.006192,    3.547840,  -0.000006745,   0.027516813,  -0.000010187,   0.027516816
      2.602823,    0.005137,    2.943061,   0.000012851,   0.008994876,   0.000018730,   0.008994905
      1.200888,   -0.004098,   -2.348006,   0.000006023,   0.002633696,  -0.000006711,   0.002633712
      3.004983,   -0.001714,   -0.982302,   0.000019981,   0.002988928,   0.000002492,   0.002988995
     -2.407045,    0.007902,    4.527567,  -0.000012440,   0.012082338,  -0.000010887,   0.012082350
      5.816717,    0.001694,    0.970479,  -0.000033567,   0.015905514,   0.000017874,   0.015905560
      4.605576,    0.006188,    3.545278,  -0.000000307,   0.025103504,  -0.000007185,   0.025103505
      2.402690,    0.005138,    2.943903,   0.000010773,   0.008435057,   0.000018209,   0.008435083
      1.400937,   -0.004103,   -2.350704,   0.000004520,   0.003697206,  -0.000005575,   0.003697213
     -2.407500,    0.008247,    4.724993,  -0.000016138,   0.010407996,  -0.000015865,   0.010408021
      5.816322,    0.002042,    1.170141,  -0.000032052,   0.016382249,   0.000018249,   0.016382290
      4.405370,    0.006189,    3.546161,   0.000003967,   0.022994339,  -0.000004504,   0.022994340
      2.202037,    0.005141,    2.945697,   0.000008921,   0.008113526,   0.000016876,   0.008113549
      1.602231,   -0.004110,   -2.355000,   0.000003860,   0.004448153,  -0.000004324,   0.004448157
     -2.805707,   -0.002401,   -1.375384,  -0.000016553,   0.003496739,  -0.000001403,   0.003496779
     -2.607250,    0.007902,    4.527449,  -0.000014728,   0.012467360,  -0.000012523,   0.012467375
     -2.608125,    0.008247,    4.724993,  -0.000019703,   0.010874327,  -0.000017066,   0.010874358
      5.815282,    0.002391,    1.369744,  -0.000026238,   0.017390254,   0.000016004,   0.017390281
      4.204926,    0.006188,    3.545494,   0.000005519,   0.021293829,  -0.000002129,   0.021293830
      2.000412,    0.005143,    2.946758,   0.000007840,   0.007895452,   0.000015424,   0.007895471
      1.802756,   -0.004115,   -2.358002,   0.000004447,   0.004640690,  -0.000003335,   0.004640693
     -2.605870,   -0.002399,   -1.374307,  -0.000015683,   0.002632568,  -0.000001552,   0.002632615
     -2.807157,    0.007902,    4.527674,  -0.000015465,   0.013357798,  -0.000012996,   0.013357814
      5.814348,    0.002738,    1.568585,  -0.000015126,   0.018873451,   0.000010618,   0.018873460
      4.004496,    0.006190,    3.546817,   0.000004074,   0.020197730,  -0.000000951,   0.020197730
      1.800150,    0.005142,    2.946251,   0.000007539,   0.007645536,   0.000014425,   0.007645553
      2.003427,   -0.004113,   -2.356373,   0.000006049,   0.004682112,  -0.000003421,   0.004682117
     -2.406138,   -0.002397,   -1.373408,  -0.000013408,   0.002242312,  -0.000001364,   0.002242353
     -2.808750,    0.008247,    4.724993,  -0.000021787,   0.011727703,  -0.000017714,   0.011727736
      5.811600,    0.003085,    1.767290,  -0.000004810,   0.020185855,   0.000006708,   0.020185857
      3.803791,    0.006195,    3.549552,   0.000001985,   0.019641940,  -0.000001322,   0.019641940
      1.599544,    0.005140,    2.944841,   0.000007733,   0.007200170,   0.000014843,   0.007200189
      2.203901,   -0.004112,   -2.356162,   0.000007850,   0.004717694,  -0.000004635,   0.004717703
     -2.206654,   -0.002394,   -1.371853,  -0.000011044,   0.002146935,  -0.000000881,   0.002146964
     -3.007571,    0.007902,    4.527767,  -0.000013625,   0.014709302,  -0.000011713,   0.014709313
     -3.009375,    0.008247,    4.724993,  -0.000021390,   0.012904772,  -0.000017361,   0.012904801
      5.809486,    0.003431,    1.965730,  -0.000003956,   0.020690164,   0.000009001,   0.020690167
      3.602619,    0.006199,    3.551635,  -0.000000145,   0.019491663,  -0.000003775,   0.019491664
      1.400208,    0.005137,    2.943303,   0.000007905,   0.006604537,   0.000016134,   0.006604562
      2.403926,   -0.004112,   -2.356152,   0.000010905,   0.004852822,  -0.000006354,   0.004852838
     -2.004814,   -0.002396,   -1.372727,  -0.000008720,   0.002187210,  -0.000000026,   0.002187228
     -3.208292,    0.007905,    4.529153,  -0.000010890,   0.016170086,  -0.000009016,   0.016170093
      5.810780,    0.003771,    2.160878,  -0.000010069,   0.020819425,   0.000013880,   0.020819432
      3.403313,    0.006190,    3.546717,  -0.000000738,   0.019064778,  -0.000007219,   0.019064779
      1.199736,    0.005133,    2.941198,   0.000007635,   0.005911436,   0.000018023,   0.005911468
      2.604084,   -0.004113,   -2.356672,   0.000013345,   0.005323769,  -0.000007198,   0.005323791
     -1.804266,   -0.002394,   -1.371416,  -0.000006901,   0.002093890,   0.000000830,   0.002093901
     -3.210000,    0.008247,    4.724993,  -0.000019241,   0.014226610,  -0.000015526,   0.014226632
      5.812109,    0.004113,    2.356474,  -0.000019714,   0.020988035,   0.000017441,   0.020988051
      3.202090,    0.006182,    3.542201,   0.000002558,   0.017703633,  -0.000006368,   0.017703634
      0.998764,    0.005130,    2.939010,   0.000006370,   0.005311836,   0.000019451,   0.005311875
      2.804643,   -0.004118,   -2.359339,   0.000014148,   0.006212455,  -0.000007213,   0.006212475
     -1.605281,   -0.002389,   -1.368971,  -0.000006061,   0.001580836,   0.000000674,   0.001580847
     -3.408993,    0.007907,    4.530510,  -0.000009897,   0.017400877,  -0.000006136,   0.017400881
     -3.410625,    0.008247,    4.724993,  -0.000017661,   0.015485165,  -0.000012726,   0.015485180
      5.813273,    0.004459,    2.554690,  -0.000029224,   0.021398487,   0.000019829,   0.021398517
      3.002332,    0.006178,    3.539762,   0.000006647,   0.015903703,  -0.000003494,   0.015903705
      0.799323,    0.005132,    2.940338,   0.000004307,   0.004965826,   0.000019778,   0.004965867
      3.004726,   -0.004122,   -2.361933,   0.000012517,   0.007470289,  -0.000006671,   0.007470302
     -1.406084,   -0.002386,   -1.367222,  -0.000006379,   0.000754148,   0.000000137,   0.000754175
     -3.609586,    0.007909,    4.531393,  -0.000011412,   0.018300995,  -0.000004803,   0.018300999
      5.813533,    0.004804,    2.752482,  -0.000035050,   0.022252973,   0.000020032,   0.022253010
      2.803317,    0.006174,    3.537629,   0.000008488,   0.014426917,  -0.000000949,   0.014426919
      0.599407,    0.005134,    2.941530,   0.000002172,   0.004881386,   0.000018966,   0.004881424
      3.204231,   -0.004128,   -2.365148,   0.000009239,   0.008904765,  -0.000005941,   0.008904771
     -1.206989,   -0.002384,   -1.365825,  -0.000007267,  -0.000248616,  -0.000000513,   0.000248723
     -3.611250,    0.008247,    4.724993,  -0.000018627,   0.016553127,  -0.000010672,   0.016553140
      5.813931,    0.005150,    2.950609,  -0.000037843,   0.023486207,   0.000018068,   0.023486245
      2.601978,    0.006173,    3.537043,   0.000007475,   0.013452935,   0.000000219,   0.013452937
      0.398937,    0.005138,    2.943674,   0.000000733,   0.005002224,   0.000017339,   0.005002254
      3.403983,   -0.004133,   -2.368049,   0.000007772,   0.009957772,  -0.000004854,   0.009957776
     -1.007754,   -0.002383,   -1.365328,  -0.000007207,  -0.001106582,  -0.000000950,   0.001106606
     -3.810175,    0.007907,    4.530195,  -0.000014570,   0.018974525,  -0.000006383,   0.018974532
     -3.811875,    0.008247,    4.724993,  -0.000021868,   0.017515483,  -0.000010725,   0.017515500
      5.813771,    0.005495,    3.148583,  -0.000037058,   0.025063469,   0.000013938,   0.025063500
      2.401379,    0.006174,    3.537703,   0.000004853,   0.013090692,  -0.000000251,   0.013090693
      0.197406,    0.005142,    2.945913,   0.000000151,   0.005164208,   0.000015866,   0.005164233
      3.604122,   -0.004138,   -2.370912,   0.000008952,   0.010287768,  -0.000003648,   0.010287773
     -0.808069,   -0.002383,   -1.365506,  -0.000005634,  -0.001485485,  -0.000000976,   0.001485496
     -4.010850,    0.007904,    4.528669,  -0.000017455,   0.019773771,  -0.000010157,   0.019773781
      5.813283,    0.005842,    3.347216,  -0.000031470,   0.026967882,   0.000007471,   0.026967901
      2.201583,    0.006178,    3.539553,   0.000002250,   0.013311669,  -0.000002181,   0.013311669
     -0.002757,    0.005143,    2.946594,   0.000000122,   0.005247113,   0.000015123,   0.005247135
      3.804436,   -0.004140,   -2.371772,   0.000012501,   0.010575794,  -0.000003327,   0.010575802
     -0.609156,   -0.002386,   -1.367099,  -0.000003774,  -0.001345872,  -0.000000681,   0.001345878
     -4.012500,    0.008247,    4.724993,  -0.000025458,   0.018547345,  -0.000013196,   0.018547367
      5.812418,    0.006189,    3.545967,  -0.000019206,   0.029149414,  -0.000001119,   0.029149420
      2.001132,    0.006186,    3.544027,   0.000001074,   0.013641897,  -0.000003881,   0.013641898
     -0.203281,    0.005140,    2.945264,   0.000000095,   0.005143843,   0.000015905,   0.005143867
     -0.410124,   -0.002385,   -1.366306,  -0.000002466,  -0.000952926,  -0.000000175,   0.000952929
     -4.210983,    0.007906,    4.529560,  -0.000018029,   0.020979730,  -0.000014580,   0.020979742
     -3.802565,    0.003791,    2.172273,   0.000000000,   0.010478500,   0.000000000,   0.010478500
     -4.213125,    0.008247,    4.724993,  -0.000027051,   0.019829274,  -0.000017137,   0.019829300
      5.810389,    0.006535,    3.744422,  -0.000006211,   0.030817231,  -0.000005648,   0.030817232
      1.800021,    0.006193,    3.548096,   0.000000286,   0.013752133,  -0.000004867,   0.013752134
     -0.402657,    0.005137,    2.943419,  -0.000000474,   0.004971074,   0.000017374,   0.004971105
     -0.208477,   -0.002389,   -1.368974,  -0.000001323,  -0.000523782,   0.000000487,   0.000523784
     -3.800065,    0.003450,    1.976595,   0.000000000,   0.010478500,   0.000000000,   0.010478500
     -4.411365,    0.007907,    4.530443,  -0.000015290,   0.022628456,  -0.000018526,   0.022628469
      5.808825,    0.006881,    3.942693,  -0.000002376,   0.031402530,   0.000000193,   0.031402530
      1.600442,    0.006186,    3.544226,   0.000000195,   0.013431839,  -0.000006885,   0.013431841
     -0.603203,    0.005133,    2.941223,  -0.000001900,   0.004831417,   0.000019022,   0.004831454
     -0.007211,   -0.002390,   -1.369580,  -0.000000045,  -0.000309526,   0.000000996,   0.000309527
     -4.413750,    0.008247,    4.724993,  -0.000024465,   0.021482824,  -0.000020918,   0.021482848
     -3.802865,    0.003099,    1.775401,   0.000000000,   0.010478500,   0.000000000,   0.010478500
      1.399155,    0.006179,    3.540296,   0.000002245,   0.012350806,  -0.000005704,   0.012350808
     -0.804305,    0.005130,    2.939118,  -0.000004065,   0.004891303,   0.000019874,   0.004891345
      0.190218,   -0.002387,   -1.367722,   0.000001224,  -0.000514184,   0.000000512,   0.000514185
     -4.611769,    0.007905,    4.529199,  -0.000008282,   0.024693262,  -0.000020776,   0.024693273
      5.811395,   -0.007234,   -4.144993,  -0.000005592,   0.031119439,  -0.000004143,   0.031119440
     -3.805919,    0.002748,    1.574528,  -0.000009519,   0.009877467,   0.000005764,   0.009877473
     -4.614375,    0.008247,    4.724993,  -0.000016536,   0.023500284,  -0.000022996,   0.023500301
      1.199339,    0.006175,    3.538225,   0.000004391,   0.010935406,  -0.000002519,   0.010935407
     -1.003780,    0.005132,    2.940436,  -0.000006168,   0.005239016,   0.000019509,   0.005239056
      0.389551,   -0.002384,   -1.366035,   0.000002360,  -0.000923509,  -0.000000137,   0.000923512
      5.809034,   -0.006896,   -3.950943,  -0.000001154,   0.031144171,  -0.000000034,   0.031144171
     -3.805834,    0.002399,    1.374378,  -0.000014335,   0.008868833,   0.000010001,   0.008868850
     -4.812346,    0.007906,    4.529941,   0.000002487,   0.027027960,  -0.000019853,   0.027027968
      1.000324,    0.006172,    3.536403,   0.000004386,   0.009924127,  -0.000000103,   0.009924128
     -1.203716,    0.005134,    2.941687,  -0.000007495,   0.005814521,   0.000018127,   0.005814554
      0.588533,   -0.002383,   -1.365399,   0.000003621,  -0.001340018,  -0.000000670,   0.001340023
     -4.815000,    0.008247,    4.724993,  -0.000004182,   0.025717295,  -0.000021963,   0.025717305
      5.811197,   -0.006555,   -3.755774,  -0.000002478,   0.030522290,   0.000004893,   0.030522290
     -3.808260,    0.002053,    1.176036,  -0.000018646,   0.007909054,   0.000012672,   0.007909086
      0.799183,    0.006172,    3.536081,   0.000002370,   0.009501990,   0.000000518,   0.009501991
     -1.404256,    0.005138,    2.943964,  -0.000007852,   0.006498839,   0.000016254,   0.006498864
      0.789330,   -0.002382,   -1.364560,   0.000005474,  -0.001513061,  -0.000000997,   0.001513071
     -5.012827,    0.007907,    4.530583,   0.000012543,   0.029195171,  -0.000015334,   0.029195178
      5.813511,   -0.006213,   -3.559933,  -0.000013322,   0.028743711,   0.000002963,   0.028743715
     -3.807999,    0.001706,    0.977616,  -0.000020317,   0.007328882,   0.000012403,   0.007328920
     -5.015625,    0.008247,    4.724993,   0.000009557,   0.027912183,  -0.000017147,   0.027912190
      0.598696,    0.006173,    3.536965,   0.000000270,   0.009726146,  -0.000000793,   0.009726146
     -1.605916,    0.005141,    2.945801,  -0.000007762,   0.007098477,   0.000014950,   0.007098497
      0.994125,   -0.002380,   -1.363594,   0.000007160,  -0.001164290,  -0.000000988,   0.001164312
      5.815050,   -0.005871,   -3.363792,  -0.000025594,   0.026366559,  -0.000003157,   0.026366571
     -3.807528,    0.001359,    0.778935,  -0.000019011,   0.007207252,   0.000010099,   0.007207284
     -5.213328,    0.007910,    4.531845,   0.000018242,   0.030872630,  -0.000008615,   0.030872637
      0.399043,    0.006177,    3.539036,  -0.000000476,   0.010490135,  -0.000003476,   0.010490136
     -1.806142,    0.005142,    2.946290,  -0.000007668,   0.007534845,   0.000014541,   0.007534863
      1.197223,   -0.002389,   -1.368758,   0.000007262,  -0.000282948,  -0.000000570,   0.000283041
     -5.216250,    0.008247,    4.724993,   0.000020355,   0.029714252,  -0.000009947,   0.029714261
      5.816167,   -0.005527,   -3.166670,  -0.000032448,   0.024252634,  -0.000007884,   0.024252657
     -3.807239,    0.001015,    0.581617,  -0.000015094,   0.007434129,   0.000007039,   0.007434147
      0.198705,    0.006185,    3.543676,  -0.000000041,   0.011178378,  -0.000005096,   0.011178379
     -2.006702,    0.005140,    2.945033,  -0.000008081,   0.007776770,   0.000015529,   0.007776790
      1.398748,   -0.002392,   -1.370597,   0.000006372,   0.000734105,   0.000000099,   0.000734133
     -5.414156,    0.007911,    4.532679,   0.000019858,   0.031765654,  -0.000001803,   0.031765660
      5.815408,   -0.005183,   -2.969790,  -0.000034436,   0.022572318,  -0.000010189,   0.022572347
     -3.806107,    0.000671,    0.384537,  -0.000010066,   0.007688244,   0.000003709,   0.007688251
     -5.416875,    0.008247,    4.724993,   0.000025934,   0.030690827,  -0.000002452,   0.030690838
     -0.002206,    0.006192,    3.547913,  -0.000000004,   0.011395489,  -0.000004671,   0.011395490
     -2.206177,    0.005137,    2.943325,  -0.000009239,   0.007997856,   0.000016931,   0.007997880
      1.600236,   -0.002399,   -1.374604,   0.000005974,   0.001594527,   0.000000720,   0.001594539
      5.814965,   -0.004840,   -2.773227,  -0.000032617,   0.021360333,  -0.000010501,   0.021360361
     -3.804093,    0.000328,    0.188058,   0.000000000,   0.007761710,   0.000000000,   0.007761710
     -5.615321,    0.007909,    4.531743,   0.000020511,   0.031405288,   0.000004026,   0.031405295
     -0.201877,    0.006186,    3.544164,   0.000000040,   0.011180511,  -0.000005153,   0.011180512
     -2.406795,    0.005133,    2.941208,  -0.000011134,   0.008327561,   0.000018241,   0.008327588
      1.800765,   -0.002403,   -1.376596,   0.000006799,   0.002108958,   0.000000949,   0.002108969
     -5.617500,    0.008247,    4.724993,   0.000029975,   0.030522741,   0.000004345,   0.030522756
      5.814623,   -0.004498,   -2.577360,  -0.000027339,   0.020650381,  -0.000009512,   0.020650401
     -3.801339,   -0.000014,   -0.008023,   0.000000000,   0.007761710,   0.000000000,   0.007761710
     -0.403207,    0.006179,    3.540288,   0.000000536,   0.010477602,  -0.000003542,   0.010477603
     -2.608494,    0.005135,    2.942209,  -0.000013230,   0.008914724,   0.000018725,   0.008914754
      2.001048,   -0.002402,   -1.375965,   0.000008606,   0.002175574,   0.000000157,   0.002175591
     -5.816708,    0.007907,    4.530506,   0.000029245,   0.029735862,   0.000010035,   0.029735878
      5.813484,   -0.004155,   -2.380826,  -0.000018156,   0.020448591,  -0.000007951,   0.020448601
     -3.806131,   -0.000366,   -0.209738,   0.000000000,   0.007761710,   0.000000000,   0.007761710
     -5.818125,    0.008247,    4.724993,   0.000039916,   0.028972568,   0.000010874,   0.028972597
     -0.603183,    0.006175,    3.538235,  -0.000000099,   0.009682102,  -0.000000764,   0.009682102
     -2.808115,    0.005138,    2.944060,  -0.000014665,   0.009756510,   0.000018211,   0.009756538
      2.201975,   -0.002400,   -1.375013,   0.000010857,   0.002112418,  -0.000000577,   0.002112446
      5.811119,   -0.003815,   -2.186051,  -0.000008995,   0.020457528,  -0.000005670,   0.020457531
     -3.805659,   -0.000704,   -0.403277,  -0.000010988,   0.007601683,   0.000002229,   0.007601692
     -6.017304,    0.007906,    4.529540,   0.000051209,   0.026883242,   0.000017146,   0.026883296
     -0.802275,    0.006172,    3.536423,  -0.000002128,   0.009417792,   0.000000678,   0.009417792
     -3.007481,    0.005143,    2.946976,  -0.000015104,   0.010776866,   0.000016988,   0.010776890
      2.402580,   -0.002402,   -1.376456,   0.000013189,   0.002171055,  -0.000000932,   0.002171095
     -6.018750,    0.008247,    4.724993,   0.000062443,   0.026202105,   0.000017868,   0.026202186
      5.809156,   -0.003472,   -1.989333,  -0.000003590,   0.020393089,  -0.000002062,   0.020393090
     -3.804727,   -0.001047,   -0.599886,  -0.000016244,   0.007228316,   0.000002991,   0.007228334
     -1.003391,    0.006172,    3.536090,  -0.000004186,   0.009797330,   0.000000177,   0.009797331
     -3.207676,    0.005148,    2.949786,  -0.000014753,   0.011852859,   0.000015468,   0.011852878
      2.602848,   -0.002400,   -1.375092,   0.000015517,   0.002505049,  -0.000000992,   0.002505097
      5.811694,   -0.003131,   -1.793969,  -0.000004357,   0.019928256,   0.000000917,   0.019928256
     -3.805968,   -0.001390,   -0.796410,  -0.000020335,   0.006947755,   0.000002712,   0.006947786
      6.420000,   -0.001094,   -0.627028,  -0.000143101,   0.004678157,   0.000023367,   0.004680404
     -1.203811,    0.006173,    3.536957,  -0.000004308,   0.010776457,  -0.000002144,   0.010776458
     -3.408121,    0.005156,    2.953994,  -0.000014341,   0.012847275,   0.000014459,   0.012847292
      2.803274,   -0.002401,   -1.375566,   0.000016505,   0.003323559,  -0.000000780,   0.003323600
      6.420000,   -0.001440,   -0.825251,  -0.000139993,   0.004732471,   0.000016220,   0.004734569
      5.814105,   -0.002788,   -1.597341,  -0.000014061,   0.018691808,   0.000001083,   0.018691813
     -3.805371,   -0.001732,   -0.992362,  -0.000021318,   0.007087345,   0.000001196,   0.007087378
      6.218168,   -0.001429,   -0.818622,  -0.000094997,   0.008914850,   0.000010284,   0.008915362
     -1.403368,    0.006177,    3.539029,  -0.000002285,   0.012161829,  -0.000005294,   0.012161830
     -3.608046,    0.005160,    2.956513,  -0.000014104,   0.013748304,   0.000013960,   0.013748318
      6.218139,   -0.001084,   -0.621080,  -0.000095398,   0.009016156,   0.000014284,   0.009016672
      5.815774,   -0.002444,   -1.400361,  -0.000025401,   0.017212125,   0.000000164,   0.017212144
     -3.804696,   -0.002075,   -1.188884,  -0.000018994,   0.007746386,  -0.000000254,   0.007746409
     -2.803533,    0.002038,    1.167873,  -0.000017886,   0.002893977,   0.000017502,   0.002894085
     -1.603632,    0.006185,    3.543651,  -0.000000286,   0.013230608,  -0.000006578,   0.013230609
     -3.807894,    0.005162,    2.957497,  -0.000014166,   0.014624696,   0.000014072,   0.014624710
      6.217636,   -0.000739,   -0.423534,  -0.000095531,   0.009253346,   0.000017113,   0.009253855
      5.816025,   -0.002100,   -1.202954,  -0.000031765,   0.016194290,   0.000000558,   0.016194322
     -3.804001,   -0.002419,   -1.385861,  -0.000014100,   0.008799518,  -0.000000524,   0.008799529
     -2.803887,    0.001689,    0.967707,  -0.000018749,   0.002360744,   0.000016499,   0.002360876
      6.420000,   -0.000748,   -0.428805,  -0.000147059,   0.004706637,   0.000027960,   0.004709016
     -1.804384,    0.006192,    3.547917,  -0.000000395,   0.013557115,  -0.000004641,   0.013557116
     -4.008024,    0.005163,    2.958240,  -0.000013975,   0.015674004,   0.000014001,   0.015674017
      5.816246,   -0.001757,   -1.006739,  -0.000033855,   0.015700256,   0.000001783,   0.015700293
     -3.801866,   -0.002763,   -1.583160,  -0.000008848,   0.009847679,  -0.000000336,   0.009847683
     -2.803975,    0.001343,    0.769503,  -0.000018084,   0.002230948,   0.000014274,   0.002231067
      6.217089,   -0.000394,   -0.225815,  -0.000095536,   0.009487997,   0.000019100,   0.009488497
     -2.004154,    0.006186,    3.544219,  -0.000001235,   0.013455139,  -0.000003624,   0.013455140
     -4.208294,    0.005163,    2.958029,  -0.000012607,   0.017003575,   0.000013318,   0.017003585
      6.420000,   -0.000402,   -0.230582,  -0.000150411,   0.004766794,   0.000029886,   0.004769260
     -3.799369,   -0.003108,   -1.780839,   0.000000000,   0.010429600,   0.000000000,   0.010429600
     -2.802659,    0.001010,    0.578954,  -0.000016262,   0.002414769,   0.000011860,   0.002414853
     -5.608490,   -0.007236,   -4.146108,   0.000000000,   0.032648500,   0.000000000,   0.032648500
     -2.205549,    0.006179,    3.540354,  -0.000002476,   0.013142860,  -0.000001918,   0.013142860
     -4.408669,    0.005163,    2.958045,  -0.000009011,   0.018654076,   0.000011633,   0.018654081
      6.217033,   -0.000049,   -0.027962,  -0.000095783,   0.009593709,   0.000020855,   0.009594210
     -3.798734,   -0.003453,   -1.978490,   0.000000000,   0.010429600,   0.000000000,   0.010429600
     -2.801447,    0.000674,    0.385933,  -0.000013799,   0.002776374,   0.000009668,   0.002776425
      6.420000,   -0.000056,   -0.032359,  -0.000151308,   0.004838315,   0.000030070,   0.004840774
     -5.406024,   -0.007246,   -4.151603,   0.000000000,   0.032648500,   0.000000000,   0.032648500
     -2.405685,    0.006176,    3.538297,  -0.000005123,   0.012942311,   0.000000003,   0.012942312
      4.612884,   -0.001394,   -0.798939,   0.000009288,   0.012778179,   0.000004699,   0.012778183
     -3.800422,   -0.003795,   -2.174107,   0.000000000,   0.010429600,   0.000000000,   0.010429600
     -2.800882,    0.000334,    0.191433,  -0.000011668,   0.003110601,   0.000007823,   0.003110633
      4.610841,   -0.001046,   -0.599450,   0.000008238,   0.013035193,   0.000006212,   0.013035197
      6.217514,    0.000297,    0.169958,  -0.000094750,   0.009593481,   0.000022861,   0.009593976
     -5.204866,   -0.007236,   -4.145904,   0.000000000,   0.032648500,   0.000000000,   0.032648500
     -2.604848,    0.006172,    3.536483,  -0.000007723,   0.013312230,   0.000000496,   0.013312232
      6.420000,    0.000289,    0.165864,  -0.000149643,   0.004881993,   0.000030203,   0.004884380
     -2.801202,   -0.000005,   -0.002768,  -0.000010870,   0.003228557,   0.000006357,   0.003228581
     -5.006440,   -0.007226,   -4.140273,   0.000009752,   0.031361849,   0.000006348,   0.031361851
     -2.805952,    0.006172,    3.536127,  -0.000008712,   0.014287613,  -0.000000623,   0.014287616
      4.609670,   -0.000702,   -0.402002,   0.000006687,   0.013457901,   0.000006057,   0.013457904
      3.800863,    0.003786,    2.168983,   0.000000000,   0.010375800,   0.000000000,   0.010375800
      6.218202,    0.000642,    0.367900,  -0.000094050,   0.009453065,   0.000025709,   0.009453568
     -2.801930,   -0.000345,   -0.197802,  -0.000011768,   0.003068765,   0.000005467,   0.003068792
      6.420000,    0.000635,    0.364087,  -0.000145568,   0.004921556,   0.000031897,   0.004923811
     -4.804199,   -0.007226,   -4.140392,   0.000004029,   0.028854107,   0.000010648,   0.028854109
     -3.006307,    0.006173,    3.536977,  -0.000006849,   0.015768205,  -0.000003115,   0.015768206
      4.608751,   -0.000357,   -0.204687,   0.000005314,   0.013824273,   0.000004821,   0.013824275
      3.600350,    0.003791,    2.172077,   0.000000000,   0.010375800,   0.000000000,   0.010375800
     -2.803429,   -0.000687,   -0.393365,  -0.000014121,   0.002668557,   0.000005212,   0.002668599
      6.218833,    0.000988,    0.565853,  -0.000093510,   0.009277586,   0.000029545,   0.009278105
     -4.605372,   -0.007224,   -4.138823,  -0.000002359,   0.026425712,   0.000011543,   0.026425714
     -3.206371,    0.006183,    3.542328,  -0.000002679,   0.017590310,  -0.000006075,   0.017590311
      4.608262,   -0.000013,   -0.007381,   0.000004997,   0.013937674,   0.000003518,   0.013937675
      3.399169,    0.003779,    2.165146,   0.000000000,   0.010375800,   0.000000000,   0.010375800
      6.420000,    0.000981,    0.562310,  -0.000140936,   0.004967055,   0.000036161,   0.004969186
     -2.804845,   -0.001028,   -0.589167,  -0.000016926,   0.002213759,   0.000004919,   0.002213830
     -4.405386,   -0.007222,   -4.137845,  -0.000007117,   0.024213101,   0.000010750,   0.024213105
     -3.406084,    0.006196,    3.550048,   0.000000662,   0.018975740,  -0.000007032,   0.018975742
      4.609544,    0.000331,    0.189610,   0.000005164,   0.013826085,   0.000002666,   0.013826086
      3.198276,    0.003768,    2.158858,   0.000003620,   0.009404189,   0.000008558,   0.009404194
      6.219294,    0.001333,    0.763831,  -0.000093018,   0.009196051,   0.000034241,   0.009196585
     -2.805700,   -0.001371,   -0.785638,  -0.000019061,   0.001946891,   0.000003752,   0.001946988
      6.420000,    0.001327,    0.760533,  -0.000137279,   0.005061572,   0.000042895,   0.005063615
     -4.205016,   -0.007225,   -4.139618,  -0.000009028,   0.022351988,   0.000008956,   0.022351992
     -3.605614,    0.006203,    3.554217,   0.000000000,   0.019397651,  -0.000003618,   0.019397651
      4.611557,    0.000677,    0.388129,   0.000006269,   0.013493338,   0.000002942,   0.013493340
      3.001243,    0.003766,    2.157511,   0.000008113,   0.007922730,   0.000013494,   0.007922746
     -2.805805,   -0.001714,   -0.982220,  -0.000019806,   0.002052075,   0.000001718,   0.002052172
      6.219145,    0.001679,    0.962033,  -0.000092927,   0.009298639,   0.000039287,   0.009299186
     -4.004460,   -0.007228,   -4.141473,  -0.000007671,   0.020879759,   0.000006642,   0.020879762
     -3.806191,    0.006201,    3.552956,  -0.000002220,   0.019558722,  -0.000001136,   0.019558723
      4.612789,    0.001025,    0.587289,   0.000007491,   0.013136136,   0.000004676,   0.013136138
      2.801051,    0.003760,    2.154391,   0.000010837,   0.006536095,   0.000017519,   0.006536128
      6.420000,    0.001673,    0.958756,  -0.000135041,   0.005276166,   0.000051064,   0.005278141
     -2.806042,   -0.002058,   -1.179305,  -0.000018837,   0.002611732,  -0.000000271,   0.002611800
     -3.803505,   -0.007235,   -4.145166,   0.000000000,   0.020025100,   0.000000000,   0.020025100
     -4.006733,    0.006196,    3.549821,  -0.000004320,   0.020132602,  -0.000000732,   0.020132603
      4.613384,    0.001368,    0.783719,   0.000008225,   0.012971887,   0.000007553,   0.012971892
      2.601615,    0.003759,    2.153504,   0.000010426,   0.005599008,   0.000018504,   0.005599048
      6.218295,    0.002026,    1.161056,  -0.000091857,   0.009703287,   0.000043727,   0.009703820
      6.420000,    0.002019,    1.156979,  -0.000134687,   0.005627598,   0.000059233,   0.005629521
     -3.602777,   -0.007245,   -4.151106,   0.000000000,   0.020025100,   0.000000000,   0.020025100
     -4.207299,    0.006195,    3.549623,  -0.000005666,   0.021265043,  -0.000001941,   0.021265043
      4.612502,    0.001711,    0.980190,   0.000008568,   0.013085999,   0.000010681,   0.013086006
      2.401909,    0.003763,    2.156072,   0.000007916,   0.005119195,   0.000016013,   0.005119226
      2.805723,    0.002044,    1.171302,   0.000017738,   0.002922175,   0.000017241,   0.002922280
      6.218502,    0.002374,    1.360101,  -0.000090719,   0.010314987,   0.000047166,   0.010315494
     -3.401826,   -0.007230,   -4.142711,   0.000000000,   0.020025100,   0.000000000,   0.020025100
     -4.407645,    0.006194,    3.548972,  -0.000004018,   0.022977317,  -0.000004245,   0.022977317
      4.611420,    0.002055,    1.177475,   0.000007903,   0.013573592,   0.000012737,   0.013573600
      2.201631,    0.003767,    2.158190,   0.000004479,   0.004881893,   0.000011156,   0.004881908
      2.606867,    0.002042,    1.170162,   0.000016971,   0.002106963,   0.000017721,   0.002107106
      6.420000,    0.002365,    1.355202,  -0.000135103,   0.006141077,   0.000065970,   0.006142917
     -3.203475,   -0.007220,   -4.136811,  -0.000000797,   0.018844897,   0.000001215,   0.018844897
     -4.607808,    0.006194,    3.548768,   0.000000357,   0.025103768,  -0.000006882,   0.025103769
      4.609434,    0.002400,    1.375196,   0.000007084,   0.014274675,   0.000013275,   0.014274683
      1.999984,    0.003775,    2.163005,   0.000000000,   0.004695680,   0.000000000,   0.004695680
      2.407059,    0.002043,    1.170342,   0.000015213,   0.001601846,   0.000016974,   0.001602009
      6.217913,    0.002720,    1.558622,  -0.000088391,   0.011109091,   0.000049271,   0.011109552
      6.420000,    0.002711,    1.553425,  -0.000135300,   0.006785817,   0.000070682,   0.006787534
     -3.003223,   -0.007215,   -4.133918,  -0.000006027,   0.017073343,   0.000005344,   0.017073345
     -4.807992,    0.006196,    3.550272,   0.000006841,   0.027517309,  -0.000009768,   0.027517312
      4.607477,    0.002743,    1.571370,   0.000006229,   0.015041908,   0.000012506,   0.015041915
      1.800217,    0.003785,    2.168511,   0.000000000,   0.004695680,   0.000000000,   0.004695680
      2.206954,    0.002040,    1.168789,   0.000013079,   0.001350448,   0.000015281,   0.001350598
      6.217197,    0.003066,    1.756890,  -0.000084972,   0.011971488,   0.000050749,   0.011971897
     -2.802240,   -0.007213,   -4.132926,  -0.000009178,   0.015551286,   0.000007314,   0.015551291
     -5.008257,    0.006200,    3.552134,   0.000012627,   0.029948209,  -0.000011506,   0.029948213
      4.605427,    0.003087,    1.768742,   0.000005644,   0.015719790,   0.000011213,   0.015719795
      1.599745,    0.003768,    2.158628,   0.000000000,   0.004695680,   0.000000000,   0.004695680
      2.005163,    0.002044,    1.171337,   0.000011056,   0.001215906,   0.000013408,   0.001216031
      6.420000,    0.003057,    1.751648,  -0.000134235,   0.007523499,   0.000073780,   0.007525058
     -2.603280,   -0.007213,   -4.132558,  -0.000009126,   0.014567996,   0.000007595,   0.014568001
      4.604194,    0.003431,    1.965999,   0.000005739,   0.016211456,   0.000010423,   0.016211461
      1.399869,    0.003756,    2.151871,   0.000001702,   0.004054880,   0.000009054,   0.004054890
      1.806427,    0.002040,    1.169097,   0.000009479,   0.000956426,   0.000012517,   0.000956555
      6.216878,    0.003412,    1.955112,  -0.000082286,   0.012765985,   0.000052778,   0.012766360
      5.214073,   -0.001400,   -0.802364,  -0.000013468,   0.017869232,   0.000001988,   0.017869238
      6.420000,    0.003403,    1.949871,  -0.000131411,   0.008332382,   0.000076415,   0.008333769
      5.209151,   -0.001055,   -0.604365,  -0.000011980,   0.018400367,   0.000001970,   0.018400371
     -2.403073,   -0.007214,   -4.133482,  -0.000007171,   0.014141893,   0.000006427,   0.014141896
      4.605495,    0.003777,    2.164059,   0.000005534,   0.016680355,   0.000010186,   0.016680359
      1.201876,    0.003750,    2.148599,   0.000003945,   0.002966568,   0.000014323,   0.002966605
      1.607246,    0.002039,    1.168391,   0.000008494,   0.000521434,   0.000012792,   0.000521660
      6.217387,    0.003758,    2.153358,  -0.000080807,   0.013502233,   0.000055665,   0.013502590
     -2.202172,   -0.007220,   -4.136795,  -0.000004470,   0.014152954,   0.000003781,   0.014152955
      5.209739,   -0.000708,   -0.405600,  -0.000010863,   0.019392117,  -0.000000341,   0.019392120
      4.605260,    0.004122,    2.361678,   0.000005326,   0.017201161,   0.000010896,   0.017201165
      1.001048,    0.003747,    2.147072,   0.000004874,   0.002034961,   0.000018395,   0.002035050
      1.406809,    0.002039,    1.168312,   0.000008293,  -0.000169520,   0.000014505,   0.000170342
      6.420000,    0.003749,    2.148094,  -0.000128433,   0.009162718,   0.000079904,   0.009163966
     -2.001484,   -0.007229,   -4.142141,   0.000000000,   0.014192100,   0.000000000,   0.014192100
      5.207457,   -0.000360,   -0.206317,   0.000000000,   0.020030200,   0.000000000,   0.020030200
      4.606887,    0.004466,    2.559071,   0.000004745,   0.017982448,   0.000011676,   0.017982452
      0.800207,    0.003748,    2.147659,   0.000003866,   0.001611110,   0.000019029,   0.001611227
      1.208049,    0.002037,    1.167371,   0.000008295,  -0.000943787,   0.000016567,   0.000943969
      6.218189,    0.004104,    2.351607,  -0.000082272,   0.014188301,   0.000059257,   0.014188663
      6.420000,    0.004095,    2.346317,  -0.000126535,   0.010028385,   0.000084480,   0.010029539
     -1.800983,   -0.007243,   -4.150118,   0.000000000,   0.014192100,   0.000000000,   0.014192100
      5.201674,   -0.000012,   -0.007016,   0.000000000,   0.020030200,   0.000000000,   0.020030200
      4.606841,    0.004811,    2.756430,   0.000003829,   0.019077216,   0.000011381,   0.019077220
      0.600449,    0.003751,    2.149301,   0.000002305,   0.001705590,   0.000015931,   0.001705666
      1.008030,    0.002036,    1.166796,   0.000007705,  -0.001603586,   0.000018049,   0.001603706
      6.217760,    0.004449,    2.548945,  -0.000085716,   0.014956931,   0.000062284,   0.014957306
     -1.599811,   -0.007228,   -4.141360,   0.000000000,   0.014192100,   0.000000000,   0.014192100
      5.206956,    0.000332,    0.190399,   0.000000000,   0.020030200,   0.000000000,   0.020030200
      0.401014,    0.003758,    2.152942,   0.000001031,   0.002040015,   0.000010768,   0.002040044
      0.809469,    0.002034,    1.165619,   0.000006284,  -0.001973820,   0.000018321,   0.001973915
      6.420000,    0.004441,    2.544540,  -0.000126739,   0.010953926,   0.000089342,   0.010955023
      4.609738,   -0.005164,   -2.958971,   0.000006755,   0.019401358,  -0.000007151,   0.019401360
     -1.401172,   -0.007218,   -4.135386,   0.000000387,   0.013361222,   0.000001751,   0.013361222
      5.211212,    0.000676,    0.387194,  -0.000010834,   0.019426255,   0.000000711,   0.019426258
      0.199779,    0.003768,    2.159043,   0.000000000,   0.002226330,   0.000000000,   0.002226330
      0.610318,    0.002039,    1.168042,   0.000004513,  -0.001998412,   0.000017283,   0.001998492
      6.217671,    0.004794,    2.746597,  -0.000089682,   0.015902899,   0.000063656,   0.015903279
      4.609942,   -0.004820,   -2.761772,   0.000008005,   0.018080216,  -0.000006364,   0.018080219
      6.420000,    0.004787,    2.742763,  -0.000128834,   0.011981667,   0.000092966,   0.011982720
     -1.200769,   -0.007213,   -4.132726,  -0.000002526,   0.012035394,   0.000006002,   0.012035396
      5.213707,    0.001020,    0.584456,  -0.000012079,   0.018496488,   0.000001545,   0.018496492
      0.000075,    0.003782,    2.167108,   0.000000000,   0.002226330,   0.000000000,   0.002226330
      0.410776,    0.002038,    1.167841,   0.000002914,  -0.001798923,   0.000015366,   0.001798991
      4.609107,   -0.004479,   -2.566133,   0.000008479,   0.017143005,  -0.000004414,   0.017143008
      6.218510,    0.005138,    2.943745,  -0.000093199,   0.017043110,   0.000062665,   0.017043480
     -0.999673,   -0.007212,   -4.132031,  -0.000003749,   0.011035595,   0.000008057,   0.011035599
      5.214325,    0.001365,    0.782016,  -0.000013711,   0.018011812,   0.000003632,   0.018011818
     -0.200405,    0.003766,    2.157494,   0.000000000,   0.002226330,   0.000000000,   0.002226330
      0.209211,    0.002042,    1.169956,   0.000001501,  -0.001538741,   0.000013440,   0.001538800
      6.420000,    0.005133,    2.940986,  -0.000131283,   0.013167455,   0.000093569,   0.013168441
      4.607899,   -0.004138,   -2.370817,   0.000007962,   0.016578620,  -0.000002631,   0.016578622
     -0.800599,   -0.007212,   -4.131911,  -0.000002974,   0.010648218,   0.000008161,   0.010648221
      5.214379,    0.001710,    0.979560,  -0.000014299,   0.018004819,   0.000005744,   0.018004826
     -0.401015,    0.003754,    2.150847,  -0.000000999,   0.002024457,   0.000010767,   0.002024485
      0.009245,    0.002041,    1.169660,   0.000000051,  -0.001447656,   0.000012736,   0.001447712
      6.218297,    0.005484,    3.141950,  -0.000093966,   0.018454086,   0.000058171,   0.018454417
      4.606643,   -0.003799,   -2.176588,   0.000006907,   0.016235976,  -0.000002007,   0.016235978
      6.420000,    0.005479,    3.139209,  -0.000132882,   0.014497320,   0.000089949,   0.014498208
     -0.600608,   -0.007214,   -4.133040,  -0.000002033,   0.010889627,   0.000006427,   0.010889629
      5.214287,    0.002055,    1.177543,  -0.000014196,   0.018610834,   0.000006144,   0.018610841
     -0.599862,    0.003749,    2.147866,  -0.000002247,   0.001677414,   0.000015934,   0.001677491
     -0.189333,    0.002041,    1.169156,  -0.000001389,  -0.001526271,   0.000013313,   0.001526330
      4.606574,   -0.003456,   -1.980201,   0.000006056,   0.015900623,  -0.000002457,   0.015900624
      6.218145,    0.005831,    3.340660,  -0.000092304,   0.019971836,   0.000051018,   0.019972114
     -0.399862,   -0.007220,   -4.136501,  -0.000001844,   0.011552320,   0.000002786,   0.011552320
      5.213352,    0.002403,    1.377057,  -0.000012853,   0.019671391,   0.000004172,   0.019671396
     -0.799039,    0.003747,    2.146684,  -0.000003815,   0.001585284,   0.000018976,   0.001585402
     -0.387396,    0.002039,    1.168203,  -0.000002776,  -0.001772499,   0.000015138,   0.001772566
      6.420000,    0.005825,    3.337432,  -0.000131696,   0.015943756,   0.000081513,   0.015944508
      4.607552,   -0.003114,   -1.784002,   0.000005569,   0.015443222,  -0.000003222,   0.015443224
     -0.199578,   -0.007229,   -4.141958,   0.000000000,   0.012001800,   0.000000000,   0.012001800
      5.211250,    0.002748,    1.574450,  -0.000011675,   0.021098943,  -0.000000361,   0.021098946
     -0.998519,    0.003748,    2.147313,  -0.000004836,   0.002016866,   0.000018310,   0.002016955
     -0.588881,    0.002037,    1.167228,  -0.000004372,  -0.001991123,   0.000017106,   0.001991201
      6.217786,    0.006177,    3.539092,  -0.000087422,   0.021471038,   0.000042346,   0.021471258
      4.609042,   -0.002774,   -1.589510,   0.000006387,   0.014748234,  -0.000003652,   0.014748236
      6.420000,    0.006171,    3.535655,  -0.000127487,   0.017369330,   0.000069522,   0.017369937
      0.000647,   -0.007243,   -4.150077,   0.000000000,   0.012001800,   0.000000000,   0.012001800
      5.205765,    0.003097,    1.774535,   0.000000000,   0.022094500,   0.000000000,   0.022094500
     -1.198577,    0.003751,    2.149321,  -0.000003917,   0.002957960,   0.000014257,   0.002957997
     -0.794478,    0.002036,    1.166476,  -0.000006204,  -0.001983297,   0.000018283,   0.001983391
      4.609853,   -0.002426,   -1.390162,   0.000007817,   0.013923071,  -0.000003044,   0.013923074
      6.217007,    0.006522,    3.737014,  -0.000080884,   0.022737677,   0.000034402,   0.022737847
      0.202148,   -0.007228,   -4.141394,   0.000000000,   0.012001800,   0.000000000,   0.012001800
      5.199286,    0.003443,    1.972600,   0.000000000,   0.022094500,   0.000000000,   0.022094500
     -1.398879,    0.003758,    2.153345,  -0.000001641,   0.004079458,   0.000008966,   0.004079468
     -0.996884,    0.002038,    1.167487,  -0.000007695,  -0.001624148,   0.000018102,   0.001624267
      6.420000,    0.006517,    3.733878,  -0.000121589,   0.018584489,   0.000056697,   0.018584973
      4.609712,   -0.002082,   -1.192658,   0.000009121,   0.013207953,  -0.000001033,   0.013207956
      0.401199,   -0.007218,   -4.135424,   0.000001854,   0.011580384,   0.000002848,   0.011580384
      5.204496,    0.003785,    2.168712,   0.000000000,   0.022094500,   0.000000000,   0.022094500
     -1.600341,    0.003768,    2.158931,   0.000000000,   0.004736660,   0.000000000,   0.004736660
     -1.197882,    0.002039,    1.168522,  -0.000008314,  -0.000964428,   0.000016670,   0.000964607
      6.216802,    0.006867,    3.934615,  -0.000076403,   0.023526190,   0.000029292,   0.023526332
      4.612028,   -0.001738,   -0.995991,   0.000009838,   0.012793897,   0.000001925,   0.012793901
      6.420000,    0.006863,    3.932101,  -0.000116442,   0.019416911,   0.000045709,   0.019417314
      0.601814,   -0.007213,   -4.132744,   0.000002124,   0.010947988,   0.000006506,   0.010947990
      5.206529,    0.004127,    2.364356,  -0.000009714,   0.022345596,  -0.000000199,   0.022345598
     -1.801212,    0.003783,    2.167661,   0.000000000,   0.004736660,   0.000000000,   0.004736660
     -1.398566,    0.002043,    1.170812,  -0.000008290,  -0.000172825,   0.000014602,   0.000173639
      6.217257,    0.007211,    4.131657,  -0.000074855,   0.023832732,   0.000026477,   0.023832864
      0.803029,   -0.007212,   -4.132042,   0.000003094,   0.010737088,   0.000008281,   0.010737092
      5.208635,    0.004469,    2.560645,  -0.000013704,   0.022918537,   0.000000970,   0.022918541
     -4.406691,   -0.005167,   -2.960256,  -0.000013067,   0.017853268,  -0.000007906,   0.017853275
     -2.001175,    0.003772,    2.161469,   0.000000000,   0.004736660,   0.000000000,   0.004736660
     -1.599955,    0.002045,    1.171574,  -0.000008438,   0.000535943,   0.000012846,   0.000536164
      6.420000,    0.007209,    4.130324,  -0.000115049,   0.019744632,   0.000038149,   0.019745004
      1.002097,   -0.007212,   -4.131897,   0.000003810,   0.011158480,   0.000008187,   0.011158484
      5.208933,    0.004814,    2.758223,  -0.000017070,   0.023997121,   0.000000852,   0.023997127
     -4.206595,   -0.005166,   -2.960089,  -0.000016806,   0.016214374,  -0.000008487,   0.016214385
     -2.201525,    0.003763,    2.156303,  -0.000004525,   0.004912353,   0.000010885,   0.004912367
     -1.800815,    0.002048,    1.173143,  -0.000009384,   0.000988954,   0.000012524,   0.000989078
      6.217999,    0.007556,    4.329314,  -0.000078276,   0.023658265,   0.000025420,   0.023658408
     -2.605900,   -0.003084,   -1.767024,  -0.000011450,   0.004344700,  -0.000003040,   0.004344716
     -3.605936,    0.004474,    2.563366,  -0.000013621,   0.011537129,   0.000011847,   0.011537143
      6.420000,    0.007555,    4.328547,  -0.000117632,   0.019650186,   0.000033760,   0.019650567
      1.201931,   -0.007213,   -4.133017,   0.000002493,   0.012179111,   0.000006146,   0.012179113
      5.210446,    0.005159,    2.955709,  -0.000018454,   0.025400565,  -0.000000294,   0.025400572
     -4.005991,   -0.005166,   -2.959645,  -0.000018144,   0.014866799,  -0.000008869,   0.014866813
     -2.403060,    0.003760,    2.154102,  -0.000008040,   0.005139246,   0.000015737,   0.005139276
     -2.001513,    0.002046,    1.172477,  -0.000010984,   0.001238942,   0.000013444,   0.001239063
      0.405685,    0.000678,    0.388431,   0.000001687,  -0.001085601,   0.000006890,   0.001085625
     -4.808929,   -0.000365,   -0.208966,   0.000002108,   0.016268073,   0.000003257,   0.016268073
      6.014343,   -0.007231,   -4.142779,  -0.000029353,   0.028007193,  -0.000005734,   0.028007209
      0.204364,    0.000678,    0.388640,   0.000001164,  -0.000550634,   0.000005150,   0.000550659
      5.402431,    0.006560,    3.758414,   0.000000000,   0.032855800,   0.000000000,   0.032855800
     -2.405533,   -0.003085,   -1.767673,  -0.000008872,   0.004014023,  -0.000002578,   0.004014034
     -3.805992,    0.004476,    2.564291,  -0.000014007,   0.012216863,   0.000012823,   0.012216877
      1.402387,   -0.007220,   -4.136466,  -0.000000498,   0.013526160,   0.000001859,   0.013526160
      5.209769,    0.005505,    3.153924,  -0.000018306,   0.027177897,  -0.000003305,   0.027177904
     -3.804328,   -0.005163,   -2.957984,  -0.000018139,   0.013754440,  -0.000009243,   0.013754455
     -2.602967,    0.003759,    2.153908,  -0.000010594,   0.005624756,   0.000018205,   0.005624796
     -2.202182,    0.002043,    1.170472,  -0.000012992,   0.001369404,   0.000015337,   0.001369552
     -4.811093,   -0.000713,   -0.408644,   0.000001876,   0.015816192,   0.000004721,   0.015816192
      6.420000,   -0.008247,   -4.724993,  -0.000116652,   0.020049267,  -0.000003249,   0.020049606
      6.013369,   -0.006891,   -3.948284,  -0.000027269,   0.027774106,  -0.000004279,   0.027774120
      0.001398,    0.000679,    0.389201,   0.000000002,  -0.000409575,   0.000004392,   0.000409599
     -4.006320,    0.004476,    2.564534,  -0.000014424,   0.013148255,   0.000014716,   0.013148271
     -2.204943,   -0.003084,   -1.766789,  -0.000005533,   0.004309842,  -0.000001076,   0.004309846
      5.201992,    0.006546,    3.750565,   0.000000000,   0.032855800,   0.000000000,   0.032855800
      6.219375,   -0.008247,   -4.724993,  -0.000083441,   0.023682699,  -0.000005177,   0.023682846
      1.602287,   -0.007229,   -4.141916,   0.000000000,   0.014372200,   0.000000000,   0.014372200
      5.207450,    0.005852,    3.352767,  -0.000016062,   0.029168020,  -0.000006671,   0.029168025
     -3.603967,   -0.005162,   -2.957761,  -0.000017757,   0.012804861,  -0.000009605,   0.012804877
     -2.802990,    0.003762,    2.155633,  -0.000011002,   0.006576400,   0.000017200,   0.006576431
     -2.402535,    0.002040,    1.168925,  -0.000015170,   0.001598799,   0.000017089,   0.001598962
     -4.812576,   -0.001056,   -0.605266,   0.000001009,   0.015267868,   0.000005177,   0.015267869
      6.014246,   -0.006551,   -3.753364,  -0.000032546,   0.026777167,  -0.000004636,   0.026777188
      6.218892,   -0.007907,   -4.530454,  -0.000074225,   0.023999085,  -0.000006062,   0.023999200
     -0.197577,    0.000681,    0.390361,  -0.000001148,  -0.000546021,   0.000005138,   0.000546047
     -2.003255,   -0.003087,   -1.768974,   0.000000000,   0.004543100,   0.000000000,   0.004543100
      6.420000,   -0.007906,   -4.530006,  -0.000107590,   0.020346378,  -0.000004299,   0.020346663
      5.002448,    0.006537,    3.745594,  -0.000012127,   0.031331560,  -0.000015450,   0.031331566
      1.802238,   -0.007243,   -4.150062,   0.000000000,   0.014372200,   0.000000000,   0.014372200
     -3.403252,   -0.005154,   -2.953237,  -0.000017767,   0.011800762,  -0.000010134,   0.011800779
     -3.003171,    0.003767,    2.158468,  -0.000008192,   0.007980223,   0.000013187,   0.007980238
     -2.602897,    0.002036,    1.166303,  -0.000017014,   0.002082928,   0.000017910,   0.002083074
      4.207803,   -0.001389,   -0.795649,   0.000019820,   0.009248662,   0.000004663,   0.009248684
     -4.813362,   -0.001405,   -0.804911,  -0.000000352,   0.014868374,   0.000003855,   0.014868374
      6.015438,   -0.006210,   -3.558140,  -0.000039724,   0.025269607,  -0.000007414,   0.025269639
      5.209009,   -0.006211,   -3.558678,  -0.000014689,   0.030940819,   0.000006625,   0.030940823
     -0.398747,    0.000680,    0.389861,  -0.000001663,  -0.001068815,   0.000006819,   0.001068838
     -1.801618,   -0.003095,   -1.773581,   0.000000000,   0.004543100,   0.000000000,   0.004543100
      4.208001,   -0.001043,   -0.597508,   0.000017532,   0.009419201,   0.000006108,   0.009419219
      4.804080,    0.006535,    3.744178,  -0.000005901,   0.028582303,  -0.000013550,   0.028582307
      6.218170,   -0.007568,   -4.335958,  -0.000066824,   0.024272706,  -0.000007415,   0.024272799
      2.004088,   -0.007228,   -4.141452,   0.000000000,   0.014372200,   0.000000000,   0.014372200
     -3.203867,   -0.005150,   -2.950872,  -0.000018037,   0.010766005,  -0.000010516,   0.010766025
     -3.202848,    0.003774,    2.162494,  -0.000003576,   0.009504086,   0.000008304,   0.009504090
     -4.813787,   -0.001749,   -1.002341,  -0.000000604,   0.014946385,   0.000001038,   0.014946385
      6.420000,   -0.007566,   -4.335019,  -0.000100731,   0.020552522,  -0.000006521,   0.020552770
      6.016816,   -0.005869,   -3.362730,  -0.000047528,   0.023384046,  -0.000012299,   0.023384098
      5.211095,   -0.005862,   -3.358867,  -0.000014991,   0.028425217,   0.000001829,   0.028425221
      2.803374,   -0.001373,   -0.786485,   0.000018954,   0.001965467,   0.000004584,   0.001965564
     -0.599117,    0.000678,    0.388295,  -0.000002684,  -0.001707794,   0.000008858,   0.001707819
     -1.601942,   -0.003079,   -1.764099,   0.000000000,   0.004543100,   0.000000000,   0.004543100
      4.207299,   -0.000698,   -0.400064,   0.000014254,   0.009702157,   0.000006404,   0.009702170
      4.604890,    0.006533,    3.743312,  -0.000000973,   0.026124933,  -0.000011981,   0.026124936
      2.802965,   -0.001034,   -0.592237,   0.000016876,   0.002284270,   0.000005534,   0.002284339
      2.203549,   -0.007218,   -4.135482,   0.000004241,   0.014287256,   0.000003606,   0.014287257
     -3.003332,   -0.005146,   -2.948327,  -0.000018391,   0.009663080,  -0.000010911,   0.009663103
     -3.402044,    0.003784,    2.168012,   0.000000000,   0.010478500,   0.000000000,   0.010478500
     -4.813709,   -0.002095,   -1.200523,  -0.000000069,   0.015487103,  -0.000001790,   0.015487103
      6.017470,   -0.005527,   -3.166984,  -0.000053967,   0.021428485,  -0.000017038,   0.021428559
      6.217332,   -0.007228,   -4.141338,  -0.000062642,   0.024299945,  -0.000008930,   0.024300028
      5.211343,   -0.005522,   -3.163837,  -0.000016023,   0.026257479,  -0.000001242,   0.026257484
     -0.799527,    0.000679,    0.389032,  -0.000004450,  -0.001934504,   0.000010017,   0.001934535
     -1.403573,   -0.003068,   -1.758025,   0.000000859,   0.003482198,   0.000001369,   0.003482199
      4.206529,   -0.000354,   -0.202703,   0.000011173,   0.009946411,   0.000005814,   0.009946419
      6.420000,   -0.007226,   -4.140032,  -0.000097096,   0.020506884,  -0.000010672,   0.020507116
      4.404252,    0.006531,    3.741934,   0.000002953,   0.023923819,  -0.000009124,   0.023923821
      2.404388,   -0.007213,   -4.132777,   0.000006760,   0.014176071,   0.000006335,   0.014176074
     -2.802311,   -0.005141,   -2.945314,  -0.000017989,   0.008636611,  -0.000011078,   0.008636637
     -3.601386,    0.003795,    2.174520,   0.000000000,   0.010478500,   0.000000000,   0.010478500
      2.801396,   -0.000695,   -0.398275,   0.000014112,   0.002778665,   0.000005564,   0.002778707
     -4.811572,   -0.002432,   -1.393225,   0.000001441,   0.016422613,  -0.000003216,   0.016422613
      6.016847,   -0.005185,   -2.971020,  -0.000055643,   0.019831177,  -0.000019047,   0.019831265
      5.211629,   -0.005176,   -2.965434,  -0.000015680,   0.024395906,  -0.000002695,   0.024395911
     -0.999981,    0.000679,    0.389151,  -0.000005962,  -0.001574739,   0.000009923,   0.001574781
     -1.204217,   -0.003063,   -1.754991,  -0.000003611,   0.001811979,  -0.000001128,   0.001811983
      4.206742,   -0.000010,   -0.005942,   0.000009625,   0.010050174,   0.000004991,   0.010050180
      4.203451,    0.006532,    3.742790,   0.000004115,   0.022189006,  -0.000006122,   0.022189007
      6.217122,   -0.006888,   -3.946530,  -0.000063132,   0.023856141,  -0.000011042,   0.023856227
      2.605723,   -0.007212,   -4.132073,   0.000008733,   0.014498861,   0.000007523,   0.014498865
     -2.602754,   -0.005141,   -2.945580,  -0.000016572,   0.007830453,  -0.000011046,   0.007830478
      2.801585,   -0.000356,   -0.203871,   0.000011725,   0.003225015,   0.000005541,   0.003225041
     -4.807750,   -0.002771,   -1.587710,   0.000002246,   0.017418542,  -0.000003157,   0.017418542
      6.420000,   -0.006885,   -3.945044,  -0.000097590,   0.020032956,  -0.000016880,   0.020033201
      6.016536,   -0.004843,   -2.774682,  -0.000053961,   0.018624072,  -0.000018774,   0.018624160
      5.211379,   -0.004832,   -2.768558,  -0.000014427,   0.023079654,  -0.000002012,   0.023079659
      3.807617,   -0.001383,   -0.792627,   0.000019875,   0.006972772,   0.000003553,   0.006972801
     -1.199845,    0.000680,    0.389387,  -0.000005635,  -0.000654285,   0.000008736,   0.000654367
     -1.004741,   -0.003062,   -1.754174,  -0.000005243,   0.000660244,  -0.000002452,   0.000660270
      4.208836,    0.000337,    0.192939,   0.000010490,   0.009983114,   0.000004518,   0.009983120
      4.002537,    0.006538,    3.745929,   0.000002577,   0.021046247,  -0.000003804,   0.021046247
      3.807381,   -0.001039,   -0.595191,   0.000015620,   0.007365933,   0.000003498,   0.007365951
      2.804781,   -0.007212,   -4.131899,   0.000008986,   0.015391733,   0.000007214,   0.015391738
     -2.402656,   -0.005142,   -2.945955,  -0.000014457,   0.007277415,  -0.000010800,   0.007277438
      2.802187,   -0.000015,   -0.008439,   0.000010738,   0.003420717,   0.000006206,   0.003420739
     -4.804635,   -0.003113,   -1.783551,   0.000001825,   0.018203183,  -0.000002197,   0.018203184
      6.015855,   -0.004501,   -2.578857,  -0.000049076,   0.017870222,  -0.000016790,   0.017870297
      6.217130,   -0.006548,   -3.751568,  -0.000067090,   0.022906271,  -0.000014451,   0.022906374
      5.210883,   -0.004488,   -2.571689,  -0.000011813,   0.022222619,  -0.000000587,   0.022222622
     -1.400097,    0.000681,    0.390069,  -0.000003547,   0.000608820,   0.000007036,   0.000608871
      3.806419,   -0.000693,   -0.397232,   0.000010336,   0.007838095,   0.000002366,   0.007838102
     -0.804403,   -0.003062,   -1.754512,  -0.000004256,   0.000221361,  -0.000002679,   0.000221418
      4.211037,    0.000682,    0.390557,   0.000013023,   0.009807360,   0.000005311,   0.009807371
      6.420000,   -0.006545,   -3.750057,  -0.000102708,   0.019010289,  -0.000025350,   0.019010583
      3.801526,    0.006545,    3.749833,   0.000000000,   0.020449900,   0.000000000,   0.020449900
      3.004465,   -0.007213,   -4.133006,   0.000006131,   0.016829762,   0.000005244,   0.016829764
     -2.202011,   -0.005144,   -2.947457,  -0.000012371,   0.006947521,  -0.000010426,   0.006947540
      2.803507,    0.000327,    0.187164,   0.000011446,   0.003322132,   0.000007501,   0.003322160
     -4.803762,   -0.003456,   -1.979895,   0.000001459,   0.018721050,  -0.000000818,   0.018721050
      6.015576,   -0.004159,   -2.382796,  -0.000043375,   0.017402385,  -0.000013934,   0.017402444
      5.209292,   -0.004146,   -2.375279,  -0.000009069,   0.021933416,   0.000000464,   0.021933418
     -1.600357,    0.000681,    0.390247,  -0.000002550,   0.001544840,   0.000005510,   0.001544852
      3.804082,   -0.000349,   -0.200229,   0.000000000,   0.008043550,   0.000000000,   0.008043550
     -0.604523,   -0.003065,   -1.756212,  -0.000002883,   0.000537736,  -0.000001836,   0.000537746
      4.210066,    0.001022,    0.585684,   0.000015881,   0.009608465,   0.000007192,   0.009608480
      3.600344,    0.006556,    3.756291,   0.000000000,   0.020449900,   0.000000000,   0.020449900
      6.217874,   -0.006207,   -3.556497,  -0.000074162,   0.021429076,  -0.000019828,   0.021429214
      3.204637,   -0.007219,   -4.136442,   0.000001098,   0.018541476,   0.000001178,   0.018541477
     -2.000382,   -0.005146,   -2.948211,  -0.000010818,   0.006695794,  -0.000010156,   0.006695811
      2.803996,    0.000670,    0.383971,   0.000013587,   0.002966377,   0.000009234,   0.002966423
     -4.804377,   -0.003797,   -2.175797,   0.000000217,   0.018900061,   0.000000005,   0.018900061
      6.420000,   -0.006205,   -3.555070,  -0.000109975,   0.017548714,  -0.000035120,   0.017549094
      6.014180,   -0.003817,   -2.187013,  -0.000038194,   0.017105080,  -0.000010479,   0.017105126
      5.205995,   -0.003801,   -2.177825,   0.000000000,   0.021855300,   0.000000000,   0.021855300
     -1.800384,    0.000683,    0.391115,  -0.000003675,   0.001806738,   0.000004359,   0.001806747
      3.801504,   -0.000005,   -0.002634,   0.000000000,   0.008043550,   0.000000000,   0.008043550
     -0.404880,   -0.003071,   -1.759722,  -0.000002782,   0.001481247,   0.000000108,   0.001481250
      4.209421,    0.001366,    0.782725,   0.000018168,   0.009524928,   0.000009983,   0.009524951
      3.400811,    0.006539,    3.746821,   0.000000000,   0.020449900,   0.000000000,   0.020449900
      3.404152,   -0.007229,   -4.141875,   0.000000000,   0.019704600,   0.000000000,   0.019704600
     -1.800119,   -0.005144,   -2.947329,  -0.000009919,   0.006398917,  -0.000010013,   0.006398932
      2.805880,    0.001014,    0.580779,   0.000016120,   0.002563748,   0.000011367,   0.002563824
     -4.805649,   -0.004140,   -2.372132,  -0.000000275,   0.019079915,  -0.000000504,   0.019079915
      6.013429,   -0.003477,   -1.992425,  -0.000036240,   0.016720080,  -0.000007118,   0.016720121
      6.218425,   -0.005867,   -3.361364,  -0.000080726,   0.019692162,  -0.000025715,   0.019692344
      5.200692,   -0.003462,   -1.983412,   0.000000000,   0.021855300,   0.000000000,   0.021855300
     -0.204193,   -0.003082,   -1.765630,   0.000000000,   0.002122040,   0.000000000,   0.002122040
      4.210485,    0.001710,    0.979499,   0.000019057,   0.009683487,   0.000012667,   0.009683514
      6.420000,   -0.005864,   -3.360083,  -0.000116637,   0.015853893,  -0.000043745,   0.015854382
      3.202127,    0.006529,    3.740600,  -0.000001310,   0.019081273,  -0.000009998,   0.019081275
      3.603827,   -0.007243,   -4.150032,   0.000000000,   0.019704600,   0.000000000,   0.019704600
     -1.599515,   -0.005141,   -2.945568,  -0.000009573,   0.005910180,  -0.000010370,   0.005910197
      3.804103,    0.000334,    0.191432,   0.000000000,   0.008043550,   0.000000000,   0.008043550
      2.805844,    0.001357,    0.777675,   0.000018001,   0.002326474,   0.000013852,   0.002326584
      2.000676,   -0.000692,   -0.396541,   0.000006205,   0.001685162,   0.000000802,   0.001685173
     -4.807068,   -0.004483,   -2.568607,  -0.000000124,   0.019510355,  -0.000002394,   0.019510355
      6.014531,   -0.003135,   -1.796173,  -0.000040317,   0.015967921,  -0.000004765,   0.015967972
      5.205952,   -0.003118,   -1.786666,   0.000000000,   0.021855300,   0.000000000,   0.021855300
     -0.002390,   -0.003095,   -1.773572,   0.000000000,   0.002122040,   0.000000000,   0.002122040
      4.208983,    0.002055,    1.177358,   0.000018522,   0.010096414,   0.000014449,   0.010096441
      3.002284,    0.006524,    3.737797,   0.000004128,   0.017079657,  -0.000007333,   0.017079659
      6.218849,   -0.005526,   -3.166199,  -0.000084743,   0.017956737,  -0.000029966,   0.017956962
      3.804916,   -0.007232,   -4.143897,   0.000000000,   0.019704600,   0.000000000,   0.019704600
     -1.400185,   -0.005138,   -2.943764,  -0.000009365,   0.005293460,  -0.000010832,   0.005293479
      3.805448,    0.000676,    0.387115,   0.000009423,   0.007932387,   0.000003595,   0.007932394
      2.806561,    0.001702,    0.975139,   0.000018629,   0.002427916,   0.000016133,   0.002428041
      2.001113,   -0.000350,   -0.200410,   0.000000000,   0.002192160,   0.000000000,   0.002192160
     -4.806448,   -0.004826,   -2.765282,   0.000000174,   0.020313061,  -0.000004775,   0.020313061
      6.420000,   -0.005524,   -3.165096,  -0.000120753,   0.014166669,  -0.000048542,   0.014167266
      6.016067,   -0.002793,   -1.600395,  -0.000045684,   0.015042146,  -0.000003204,   0.015042216
      5.209888,   -0.002777,   -1.591051,  -0.000011607,   0.020887814,   0.000000408,   0.020887817
      0.196481,   -0.003079,   -1.763866,   0.000000000,   0.002122040,   0.000000000,   0.002122040
      4.207824,    0.002399,    1.374506,   0.000016592,   0.010734016,   0.000014915,   0.010734039
      2.801446,    0.006520,    3.735915,   0.000006697,   0.015494402,  -0.000005648,   0.015494404
      4.005826,   -0.007227,   -4.140835,   0.000007800,   0.020574300,   0.000006666,   0.020574302
     -1.199719,   -0.005134,   -2.941475,  -0.000008893,   0.004602733,  -0.000011438,   0.004602756
      3.806155,    0.001022,    0.585385,   0.000014432,   0.007602496,   0.000006809,   0.007602512
      1.999490,   -0.000007,   -0.004034,   0.000000000,   0.002192160,   0.000000000,   0.002192160
     -4.808516,   -0.005170,   -2.962086,   0.000001608,   0.021663025,  -0.000005703,   0.021663026
      6.017103,   -0.002450,   -1.403678,  -0.000051658,   0.014033714,  -0.000001611,   0.014033809
      6.218768,   -0.005185,   -2.970741,  -0.000086364,   0.016399330,  -0.000031440,   0.016399588
      5.211888,   -0.002432,   -1.393332,  -0.000012395,   0.019415571,  -0.000001311,   0.019415575
      2.803806,   -0.002057,   -1.178741,   0.000018751,   0.002496748,   0.000000572,   0.002496818
      0.395269,   -0.003068,   -1.757888,   0.000002754,   0.001483904,   0.000000147,   0.001483906
      4.205791,    0.002743,    1.571819,   0.000013846,   0.011429603,   0.000014566,   0.011429621
      6.420000,   -0.005184,   -2.970109,  -0.000122147,   0.012661630,  -0.000048381,   0.012662311
      2.602165,    0.006520,    3.735672,   0.000006122,   0.014507342,  -0.000004595,   0.014507344
      4.206644,   -0.007226,   -4.140065,   0.000009121,   0.022074117,   0.000008985,   0.022074120
     -0.998750,   -0.005130,   -2.939168,  -0.000007568,   0.004026188,  -0.000011830,   0.004026213
      3.807148,    0.001363,    0.780803,   0.000018402,   0.007311194,   0.000009746,   0.007311223
      2.001723,    0.000334,    0.191573,   0.000000000,   0.002192160,   0.000000000,   0.002192160
     -4.806350,   -0.005514,   -3.159184,   0.000003462,   0.023373645,  -0.000004413,   0.023373645
      6.017414,   -0.002107,   -1.207178,  -0.000056803,   0.013171851,   0.000000601,   0.013171973
      5.212747,   -0.002089,   -1.196729,  -0.000013574,   0.018357168,  -0.000001005,   0.018357173
      2.803507,   -0.001718,   -0.984207,   0.000019686,   0.002009144,   0.000002623,   0.002009242
      0.593789,   -0.003063,   -1.754878,   0.000002850,   0.000539084,  -0.000001824,   0.000539095
      4.204450,    0.003089,    1.769789,   0.000011417,   0.012011411,   0.000014191,   0.012011425
      2.402124,    0.006521,    3.736534,   0.000003799,   0.014176563,  -0.000004461,   0.014176565
      6.218102,   -0.004844,   -2.775355,  -0.000085191,   0.015186676,  -0.000029874,   0.015186944
      4.407071,   -0.007224,   -4.139141,   0.000007145,   0.023957495,   0.000010810,   0.023957498
     -0.799311,   -0.005132,   -2.940427,  -0.000005511,   0.003714231,  -0.000011893,   0.003714255
      3.807187,    0.001709,    0.979215,   0.000019892,   0.007363657,   0.000012086,   0.007363693
      6.420000,   -0.004844,   -2.775122,  -0.000122616,   0.011378824,  -0.000044181,   0.011379570
      6.017238,   -0.001763,   -1.010039,  -0.000058440,   0.012732530,   0.000003389,   0.012732665
      5.213753,   -0.001745,   -0.999690,  -0.000013812,   0.017792130,   0.000000595,   0.017792135
     -1.803237,   -0.000684,   -0.391824,  -0.000003535,   0.001723687,  -0.000001025,   0.001723691
      4.807236,    0.005502,    3.152503,  -0.000005720,   0.024061064,   0.000001775,   0.024061064
      0.793919,   -0.003061,   -1.753678,   0.000004213,   0.000203532,  -0.000002718,   0.000203593
      4.203314,    0.003434,    1.967460,   0.000009987,   0.012455645,   0.000014328,   0.012455657
      2.201374,    0.006527,    3.739903,   0.000001718,   0.014481381,  -0.000005731,   0.014481382
      4.607274,   -0.007224,   -4.138825,   0.000002265,   0.026195400,   0.000011615,   0.026195402
     -0.599397,   -0.005134,   -2.941577,  -0.000003346,   0.003664787,  -0.000011634,   0.003664807
      3.805933,    0.002054,    1.177114,   0.000018398,   0.007881863,   0.000012493,   0.007881894
     -2.606446,   -0.002055,   -1.177662,  -0.000017707,   0.001807757,  -0.000000224,   0.001807844
      6.218251,   -0.004503,   -2.580115,  -0.000083346,   0.014254253,  -0.000026453,   0.014254521
     -1.603878,   -0.000686,   -0.393039,  -0.000002080,   0.001453174,  -0.000001388,   0.001453176
      0.992932,   -0.003061,   -1.754073,   0.000005263,   0.000615165,  -0.000002533,   0.000615193
     -5.814243,   -0.007568,   -4.336380,   0.000013992,   0.030897427,  -0.000005523,   0.030897431
      4.203785,    0.003779,    2.165040,   0.000010338,   0.012890580,   0.000014508,   0.012890592
      4.608142,    0.005499,    3.150805,   0.000001530,   0.022078332,   0.000004598,   0.022078333
      6.420000,   -0.004503,   -2.580135,  -0.000123285,   0.010324219,  -0.000037615,   0.010325023
      2.000178,    0.006537,    3.745500,   0.000000000,   0.014742800,   0.000000000,   0.014742800
      4.807056,   -0.007226,   -4.140289,  -0.000004199,   0.028652580,   0.000010729,   0.028652582
     -5.006170,   -0.006204,   -3.554464,   0.000013701,   0.029624243,   0.000004888,   0.029624247
     -0.398928,   -0.005138,   -2.943699,  -0.000001693,   0.003813821,  -0.000011129,   0.003813837
      3.804332,    0.002400,    1.375354,   0.000014254,   0.008802708,   0.000010006,   0.008802725
     -2.406560,   -0.002053,   -1.176472,  -0.000015670,   0.001317975,  -0.000000230,   0.001318068
     -1.404696,   -0.000685,   -0.392514,  -0.000003109,   0.000505060,   0.000000850,   0.000505070
      4.204628,    0.004123,    2.362482,   0.000011877,   0.013498087,   0.000015486,   0.013498102
      1.192842,   -0.003064,   -1.755786,   0.000003757,   0.001750330,  -0.000001237,   0.001750334
      4.407330,    0.005497,    3.149707,   0.000007386,   0.020119517,   0.000007408,   0.020119520
      1.799127,    0.006552,    3.754045,   0.000000000,   0.014742800,   0.000000000,   0.014742800
     -5.612471,   -0.007572,   -4.338687,   0.000007722,   0.032436222,  -0.000003072,   0.032436223
      6.217403,   -0.004160,   -2.383715,  -0.000081481,   0.013570251,  -0.000022058,   0.013570513
      5.006837,   -0.007231,   -4.143089,  -0.000009887,   0.031141484,   0.000006514,   0.031141487
     -4.806245,   -0.006202,   -3.553259,   0.000007514,   0.027187751,   0.000003301,   0.027187752
     -0.197398,   -0.005142,   -2.945925,  -0.000000633,   0.003992946,  -0.000010724,   0.003992961
      3.801917,    0.002748,    1.574472,   0.000009479,   0.009779451,   0.000005780,   0.009779458
     -2.206880,   -0.002052,   -1.175745,  -0.000013408,   0.001080194,  -0.000000209,   0.001080277
      6.420000,   -0.004163,   -2.385148,  -0.000125493,   0.009424462,  -0.000030594,   0.009425348
     -1.207272,   -0.000683,   -0.391589,  -0.000005487,  -0.000779068,   0.000003938,   0.000779097
      1.396630,   -0.003074,   -1.761275,  -0.000000875,   0.003470673,   0.000001355,   0.003470674
      4.206336,    0.005496,    3.149128,   0.000010426,   0.018451503,   0.000009355,   0.018451509
      1.599215,    0.006536,    3.744847,   0.000000000,   0.014742800,   0.000000000,   0.014742800
     -5.411328,   -0.007577,   -4.341313,   0.000008240,   0.032660482,  -0.000000193,   0.032660483
      5.206098,   -0.007238,   -4.147148,   0.000000000,   0.032451700,   0.000000000,   0.032451700
     -4.606171,   -0.006200,   -3.552180,   0.000000571,   0.024769762,   0.000001995,   0.024769762
      0.002764,   -0.005143,   -2.946599,   0.000000051,   0.004089028,  -0.000010467,   0.004089042
      3.799951,    0.003096,    1.774082,   0.000000000,   0.010375800,   0.000000000,   0.010375800
     -2.005534,   -0.002051,   -1.174988,  -0.000011443,   0.000928098,  -0.000000091,   0.000928169
      4.207185,   -0.004480,   -2.566717,   0.000017428,   0.013551525,  -0.000006408,   0.013551537
      6.217114,   -0.003822,   -2.189952,  -0.000081443,   0.012970511,  -0.000017744,   0.012970779
     -1.006001,   -0.000684,   -0.392143,  -0.000006137,  -0.001749894,   0.000005774,   0.001749914
      1.599082,   -0.003087,   -1.768475,   0.000000000,   0.004560740,   0.000000000,   0.004560740
      4.005785,    0.005499,    3.150927,   0.000011040,   0.017174510,   0.000010289,   0.017174517
      6.420000,   -0.003823,   -2.190161,  -0.000129313,   0.008613482,  -0.000024592,   0.008614488
      1.400158,    0.006526,    3.738833,  -0.000000698,   0.013704506,  -0.000009335,   0.013704509
     -5.210788,   -0.007571,   -4.337818,   0.000011748,   0.032175968,   0.000003196,   0.032175970
      5.405875,   -0.007248,   -4.152981,   0.000000000,   0.032451700,   0.000000000,   0.032451700
     -4.405555,   -0.006196,   -3.550106,  -0.000004396,   0.022618830,   0.000001000,   0.022618830
      0.203287,   -0.005140,   -2.945267,   0.000000747,   0.003996353,  -0.000010770,   0.003996368
      3.798737,    0.003444,    1.973424,   0.000000000,   0.010375800,   0.000000000,   0.010375800
     -1.804588,   -0.002050,   -1.174439,  -0.000009966,   0.000655056,  -0.000000011,   0.000655131
      4.206243,   -0.004139,   -2.371393,   0.000015192,   0.012835257,  -0.000004657,   0.012835267
     -0.806314,   -0.000684,   -0.391743,  -0.000004838,  -0.002133387,   0.000006057,   0.002133401
      1.799320,   -0.003105,   -1.779286,   0.000000000,   0.004560740,   0.000000000,   0.004560740
      3.804536,    0.005500,    3.151204,   0.000010606,   0.016211513,   0.000010464,   0.016211519
      1.200009,    0.006521,    3.736304,   0.000002789,   0.012110937,  -0.000006590,   0.012110940
     -5.008573,   -0.007569,   -4.336576,   0.000009174,   0.030632480,   0.000009183,   0.030632482
      6.216949,   -0.003478,   -1.992972,  -0.000083732,   0.012315983,  -0.000013929,   0.012316275
      5.608250,   -0.007240,   -4.148464,   0.000000000,   0.032451700,   0.000000000,   0.032451700
     -4.204675,   -0.006198,   -3.551055,  -0.000006516,   0.020900876,   0.000000200,   0.020900877
      0.402661,   -0.005137,   -2.943420,   0.000001812,   0.003835258,  -0.000011200,   0.003835275
     -1.607112,   -0.002047,   -1.173094,  -0.000009118,   0.000199773,   0.000000127,   0.000199981
      4.205421,   -0.003800,   -2.177235,   0.000012290,   0.012397451,  -0.000003702,   0.012397458
      6.420000,   -0.003482,   -1.995174,  -0.000133642,   0.007847856,  -0.000020163,   0.007849020
      3.802496,   -0.003801,   -2.177638,   0.000000000,   0.010096200,   0.000000000,   0.010096200
     -0.606882,   -0.000684,   -0.391715,  -0.000003226,  -0.001908856,   0.000004862,   0.001908865
      1.999600,   -0.003096,   -1.773653,   0.000000000,   0.004560740,   0.000000000,   0.004560740
      3.603694,    0.005499,    3.150801,   0.000010364,   0.015412901,   0.000010198,   0.015412908
      0.998993,    0.006518,    3.734759,   0.000003497,   0.011007242,  -0.000005070,   0.011007244
     -4.809536,   -0.007564,   -4.333893,   0.000000671,   0.028285385,   0.000014152,   0.028285388
     -4.004018,   -0.006197,   -3.550349,  -0.000005606,   0.019755975,  -0.000000035,   0.019755976
      0.603207,   -0.005133,   -2.941223,   0.000003467,   0.003702901,  -0.000011725,   0.003702922
     -1.406715,   -0.002045,   -1.171844,  -0.000008964,  -0.000512897,   0.000000134,   0.000512976
      4.204905,   -0.003456,   -1.980342,   0.000010468,   0.012076920,  -0.000003744,   0.012076925
      6.217354,   -0.003139,   -1.798259,  -0.000086639,   0.011605016,  -0.000010705,   0.011605344
     -5.602684,    0.006898,    3.952148,   0.000000000,   0.032869300,   0.000000000,   0.032869300
      3.800106,   -0.003454,   -1.978935,   0.000000000,   0.010096200,   0.000000000,   0.010096200
     -0.405390,   -0.000683,   -0.391516,  -0.000002436,  -0.001222925,   0.000002253,   0.001222929
      2.201372,   -0.003090,   -1.770177,   0.000005474,   0.004287552,  -0.000000880,   0.004287555
      3.403800,    0.005495,    3.148364,   0.000010759,   0.014594211,   0.000009780,   0.014594218
      6.420000,   -0.003142,   -1.800186,  -0.000137315,   0.007097273,  -0.000016819,   0.007098621
      0.799789,    0.006518,    3.734807,   0.000002001,   0.010580664,  -0.000004516,   0.010580666
     -4.607911,   -0.007565,   -4.334695,  -0.000007721,   0.025894484,   0.000015753,   0.025894490
     -3.803274,   -0.006199,   -3.551875,  -0.000003715,   0.019165436,   0.000000912,   0.019165437
      0.804307,   -0.005130,   -2.939119,   0.000005617,   0.003767457,  -0.000011997,   0.003767481
     -1.207929,   -0.002045,   -1.171465,  -0.000008838,  -0.001288164,   0.000000224,   0.001288194
      4.205488,   -0.003113,   -1.783535,   0.000010932,   0.011694171,  -0.000003766,   0.011694177
     -5.607736,    0.006551,    3.753584,   0.000000000,   0.032869300,   0.000000000,   0.032869300
      3.802228,   -0.003109,   -1.781472,   0.000000000,   0.010096200,   0.000000000,   0.010096200
     -0.204137,   -0.000682,   -0.391012,  -0.000001794,  -0.000643581,  -0.000000243,   0.000643584
      2.401250,   -0.003083,   -1.766577,   0.000008666,   0.003907135,  -0.000002328,   0.003907145
      3.202703,    0.005490,    3.145496,   0.000011917,   0.013567597,   0.000010409,   0.013567606
      0.599812,    0.006520,    3.735913,   0.000000423,   0.010864437,  -0.000005116,   0.010864438
     -4.407444,   -0.007564,   -4.333826,  -0.000013400,   0.023751765,   0.000014956,   0.023751773
      6.218001,   -0.002799,   -1.603451,  -0.000090039,   0.010805691,  -0.000007646,   0.010806069
     -3.602159,   -0.006202,   -3.553256,  -0.000001091,   0.018996121,   0.000003285,   0.018996122
      1.003781,   -0.005132,   -2.940436,   0.000007581,   0.004120706,  -0.000011912,   0.004120731
     -1.008167,   -0.002044,   -1.171350,  -0.000008004,  -0.001937894,   0.000000363,   0.001937910
      4.206652,   -0.002768,   -1.585709,   0.000013230,   0.011138945,  -0.000003229,   0.011138953
      6.420000,   -0.002802,   -1.605199,  -0.000138828,   0.006401377,  -0.000013206,   0.006402896
     -5.611292,    0.006205,    3.555338,   0.000009015,   0.031374809,  -0.000009614,   0.031374812
      3.803501,   -0.002766,   -1.584917,   0.000009047,   0.009545048,  -0.000000193,   0.009545053
     -0.002914,   -0.000684,   -0.391694,  -0.000000026,  -0.000489285,  -0.000000975,   0.000489286
      2.601829,   -0.003084,   -1.767232,   0.000011249,   0.004162902,  -0.000002795,   0.004162918
      3.002730,    0.005486,    3.143054,   0.000012887,   0.012431470,   0.000011580,   0.012431482
      0.399441,    0.006527,    3.739484,   0.000000614,   0.011755011,  -0.000007182,   0.011755014
     -4.207302,   -0.007566,   -4.334780,  -0.000015924,   0.021945377,   0.000012975,   0.021945387
     -3.402918,   -0.006193,   -3.548461,   0.000000540,   0.018527743,   0.000005646,   0.018527743
      1.203717,   -0.005134,   -2.941687,   0.000008765,   0.004705555,  -0.000011507,   0.004705577
     -0.809888,   -0.002045,   -1.171729,  -0.000006307,  -0.002284010,   0.000000421,   0.002284019
      4.206554,   -0.002423,   -1.388253,   0.000016416,   0.010425809,  -0.000002081,   0.010425822
      6.218636,   -0.002457,   -1.407928,  -0.000092451,   0.010036150,  -0.000004062,   0.010036577
     -5.613755,    0.005856,    3.355471,   0.000020559,   0.029007582,  -0.000002666,   0.029007589
      3.804227,   -0.002420,   -1.386661,   0.000014283,   0.008551433,  -0.000000092,   0.008551445
      0.197592,   -0.000686,   -0.392771,   0.000001740,  -0.000640562,  -0.000000282,   0.000640565
      2.801926,   -0.003088,   -1.769014,   0.000011487,   0.005103232,  -0.000002330,   0.005103246
      6.420000,   -0.002461,   -1.410212,  -0.000138737,   0.005780583,  -0.000008038,   0.005782253
      2.803634,    0.005482,    3.140740,   0.000012929,   0.011330057,   0.000012954,   0.011330071
      0.198708,    0.006537,    3.745222,   0.000000000,   0.012384700,   0.000000000,   0.012384700
     -4.006964,   -0.007568,   -4.336166,  -0.000015038,   0.020615983,   0.000009792,   0.020615991
     -3.201752,   -0.006185,   -3.543980,  -0.000002554,   0.017104933,   0.000004297,   0.017104934
      1.404256,   -0.005138,   -2.943964,   0.000009090,   0.005406739,  -0.000010880,   0.005406758
     -0.610919,   -0.002040,   -1.169056,  -0.000004347,  -0.002305497,   0.000000406,   0.002305502
      4.207448,   -0.002079,   -1.190916,   0.000019140,   0.009768449,  -0.000000144,   0.009768468
     -5.614359,    0.005512,    3.157947,   0.000025639,   0.027054425,   0.000002185,   0.027054437
      3.806135,   -0.002073,   -1.187845,   0.000019057,   0.007574292,   0.000000502,   0.007574316
      0.398449,   -0.000685,   -0.392236,   0.000002394,  -0.001203015,   0.000002168,   0.001203019
      3.001734,   -0.003091,   -1.771243,   0.000007722,   0.006685872,  -0.000000850,   0.006685877
      2.602620,    0.005480,    3.139565,   0.000011488,   0.010454808,   0.000013758,   0.010454823
     -0.001863,    0.006552,    3.753947,   0.000000000,   0.012384700,   0.000000000,   0.012384700
     -3.806510,   -0.007572,   -4.338230,  -0.000012425,   0.019845511,   0.000005291,   0.019845516
      6.218762,   -0.002114,   -1.211052,  -0.000093809,   0.009413537,   0.000000442,   0.009414004
     -3.002040,   -0.006181,   -3.541428,  -0.000007257,   0.015269875,   0.000002123,   0.015269877
      1.605916,   -0.005141,   -2.945801,   0.000009157,   0.006028979,  -0.000010404,   0.006028995
     -0.411206,   -0.002046,   -1.172334,  -0.000002671,  -0.002075110,   0.000000335,   0.002075112
      4.207906,   -0.001732,   -0.992605,   0.000020365,   0.009352009,   0.000002350,   0.009352031
      6.420000,   -0.002121,   -1.215225,  -0.000138207,   0.005275368,  -0.000000875,   0.005277178
     -5.614018,    0.005168,    2.960964,   0.000026874,   0.025402349,   0.000005768,   0.025402364
      3.807946,   -0.001729,   -0.990606,   0.000021138,   0.007012810,   0.000002126,   0.007012842
      0.599596,   -0.000684,   -0.391664,   0.000003160,  -0.001892066,   0.000004791,   0.001892075
      3.201180,   -0.003099,   -1.775417,   0.000000461,   0.008728750,   0.000001731,   0.008728750
      2.401999,    0.005484,    3.141901,   0.000009158,   0.009935095,   0.000013559,   0.009935108
     -0.202159,    0.006536,    3.744854,   0.000000000,   0.012384700,   0.000000000,   0.012384700
     -3.606161,   -0.007575,   -4.340351,  -0.000007753,   0.019587885,   0.000001337,   0.019587886
     -2.803065,   -0.006177,   -3.539074,  -0.000009533,   0.013785423,   0.000000741,   0.013785427
      1.806142,   -0.005142,   -2.946290,   0.000009387,   0.006488822,  -0.000010065,   0.006488836
     -0.209593,   -0.002045,   -1.171574,  -0.000001337,  -0.001818021,   0.000000377,   0.001818021
      6.218546,   -0.001771,   -1.014656,  -0.000094905,   0.009012661,   0.000005475,   0.009013163
     -5.614072,    0.004823,    2.763161,   0.000024750,   0.024141929,   0.000007286,   0.024141943
      0.799357,   -0.000686,   -0.392892,   0.000004754,  -0.002137798,   0.000006038,   0.002137812
     -4.004861,   -0.004479,   -2.566445,  -0.000018119,   0.012552712,  -0.000006391,   0.012552727
      6.420000,   -0.001781,   -1.020238,  -0.000138237,   0.004929890,   0.000007669,   0.004931834
      2.201995,    0.005486,    3.143444,   0.000007037,   0.009700198,   0.000012500,   0.009700208
     -0.401639,    0.006526,    3.738853,  -0.000000630,   0.011742710,  -0.000007232,   0.011742712
     -3.406143,   -0.007569,   -4.336598,  -0.000005083,   0.019173811,   0.000000247,   0.019173812
     -2.601765,   -0.006175,   -3.538213,  -0.000008920,   0.012818904,   0.000000263,   0.012818907
      2.006703,   -0.005140,   -2.945033,   0.000010183,   0.006735335,  -0.000010255,   0.006735351
     -3.600166,   -0.003796,   -2.175124,   0.000000000,   0.010429600,   0.000000000,   0.010429600
     -0.009469,   -0.002046,   -1.172548,  -0.000000061,  -0.001719900,   0.000000337,   0.001719900
     -3.203483,    0.002735,    1.567044,  -0.000005180,   0.007921870,   0.000004736,   0.007921873
     -5.612801,    0.004479,    2.566237,   0.000019809,   0.023216577,   0.000007388,   0.023216587
      0.999877,   -0.000686,   -0.393058,   0.000006084,  -0.001769501,   0.000005800,   0.001769521
     -3.803474,   -0.004477,   -2.565250,  -0.000016861,   0.011615760,  -0.000006247,   0.011615774
      2.001104,    0.005490,    3.145322,   0.000005887,   0.009597950,   0.000011034,   0.009597958
     -0.602120,    0.006521,    3.736306,  -0.000000291,   0.010819881,  -0.000005066,   0.010819882
     -3.204468,   -0.007562,   -4.332750,  -0.000007076,   0.017877227,   0.000004217,   0.017877229
     -2.401206,   -0.006176,   -3.538597,  -0.000006609,   0.012461647,   0.000000637,   0.012461649
      2.206177,   -0.005137,   -2.943325,   0.000011627,   0.006930923,  -0.000010566,   0.006930941
     -3.398709,   -0.003786,   -2.169189,   0.000000000,   0.010429600,   0.000000000,   0.010429600
      0.189262,   -0.002046,   -1.172369,   0.000001203,  -0.001799180,   0.000000370,   0.001799181
     -3.204454,    0.002388,    1.368398,  -0.000011827,   0.006337221,   0.000010555,   0.006337241
     -6.017483,   -0.007906,   -4.529715,   0.000044173,   0.027597447,  -0.000006108,   0.027597483
     -5.611166,    0.004136,    2.369971,   0.000012175,   0.022679465,   0.000005314,   0.022679469
      1.200101,   -0.000687,   -0.393689,   0.000005502,  -0.000819920,   0.000004025,   0.000819948
     -3.603426,   -0.004475,   -2.564264,  -0.000015507,   0.010913063,  -0.000006495,   0.010913075
     -6.018750,   -0.008247,   -4.724993,   0.000054375,   0.027184167,  -0.000005588,   0.027184222
      1.800518,    0.005491,    3.146021,   0.000005773,   0.009388579,   0.000010186,   0.009388586
     -0.803266,    0.006518,    3.734768,  -0.000001799,   0.010492634,  -0.000004349,   0.010492635
     -3.005415,   -0.007558,   -4.330682,  -0.000011591,   0.016181701,   0.000009214,   0.016181708
     -2.201441,   -0.006179,   -3.540193,  -0.000004193,   0.012677011,   0.000001927,   0.012677012
      2.406795,   -0.005133,   -2.941208,   0.000013668,   0.007198178,  -0.000010977,   0.007198200
     -3.197724,   -0.003779,   -2.165356,  -0.000003370,   0.009348869,  -0.000003935,   0.009348870
      0.387512,   -0.002045,   -1.171773,   0.000002497,  -0.002055196,   0.000000328,   0.002055197
     -3.204541,    0.002042,    1.169937,  -0.000016807,   0.005077232,   0.000014097,   0.005077279
     -5.607873,    0.003794,    2.173881,   0.000000000,   0.022352500,   0.000000000,   0.022352500
      1.400631,   -0.000688,   -0.394429,   0.000003088,   0.000483435,   0.000000911,   0.000483446
     -3.402757,   -0.004468,   -2.559710,  -0.000014553,   0.010126038,  -0.000007188,   0.010126051
      1.600628,    0.005488,    3.144276,   0.000006267,   0.008976253,   0.000009906,   0.008976261
     -1.002457,    0.006518,    3.734797,  -0.000003331,   0.010880973,  -0.000004794,   0.010880975
     -2.805430,   -0.007558,   -4.330326,  -0.000013842,   0.014777749,   0.000011700,   0.014777760
     -5.816266,   -0.007908,   -4.530820,   0.000024561,   0.030265388,  -0.000004906,   0.030265398
     -2.001029,   -0.006186,   -3.544441,  -0.000002749,   0.013002781,   0.000003373,   0.013002782
      2.608513,   -0.005135,   -2.942304,   0.000015855,   0.007704103,  -0.000011234,   0.007704128
     -3.000547,   -0.003773,   -2.161864,  -0.000008821,   0.007692284,  -0.000004415,   0.007692290
      0.589172,   -0.002043,   -1.170585,   0.000004143,  -0.002293726,   0.000000376,   0.002293730
     -3.205910,    0.001697,    0.972084,  -0.000018792,   0.004414075,   0.000014133,   0.004414137
     -5.818125,   -0.008247,   -4.724993,   0.000033580,   0.029828202,  -0.000004642,   0.029828221
     -5.602862,    0.003452,    1.977621,   0.000000000,   0.022352500,   0.000000000,   0.022352500
      1.600609,   -0.000689,   -0.394486,   0.000001999,   0.001445947,  -0.000001358,   0.001445949
     -3.203443,   -0.004465,   -2.558521,  -0.000014988,   0.009143820,  -0.000007900,   0.009143836
      1.399411,    0.005484,    3.141887,   0.000007014,   0.008280361,   0.000011107,   0.008280371
     -1.202279,    0.006520,    3.735885,  -0.000002749,   0.011940787,  -0.000006249,   0.011940789
     -2.604382,   -0.007557,   -4.330123,  -0.000013456,   0.013817871,   0.000012115,   0.013817883
     -1.799954,   -0.006193,   -3.548327,  -0.000001109,   0.013108944,   0.000004440,   0.013108945
      2.808073,   -0.005139,   -2.944251,   0.000017416,   0.008469681,  -0.000011244,   0.008469706
     -2.800324,   -0.003773,   -2.161900,  -0.000012183,   0.006191659,  -0.000005267,   0.006191673
      0.794297,   -0.002041,   -1.169604,   0.000006160,  -0.002312149,   0.000000428,   0.002312157
     -3.204340,    0.001350,    0.773573,  -0.000017773,   0.004346422,   0.000012030,   0.004346475
     -5.615241,   -0.007910,   -4.532302,   0.000016337,   0.031806047,  -0.000002365,   0.031806051
     -5.608461,    0.003106,    1.779556,   0.000000000,   0.022352500,   0.000000000,   0.022352500
      1.800815,   -0.000691,   -0.395680,   0.000003484,   0.001712946,  -0.000000981,   0.001712950
     -3.001865,   -0.004457,   -2.553682,  -0.000016283,   0.007921743,  -0.000008600,   0.007921765
     -5.617500,   -0.008247,   -4.724993,   0.000023657,   0.031317580,  -0.000001834,   0.031317589
      1.199303,    0.005480,    3.139803,   0.000007116,   0.007493971,   0.000012773,   0.007493986
     -1.402335,    0.006527,    3.739448,   0.000000591,   0.013504861,  -0.000008964,   0.013504864
     -2.404056,   -0.007559,   -4.331022,  -0.000011358,   0.013368777,   0.000010811,   0.013368786
     -1.600405,   -0.006186,   -3.544357,  -0.000000019,   0.012763453,   0.000005680,   0.012763454
      3.007478,   -0.005143,   -2.946535,   0.000018029,   0.009433931,  -0.000011054,   0.009433955
     -2.601084,   -0.003768,   -2.159120,  -0.000011877,   0.005194310,  -0.000005433,   0.005194326
      0.997932,   -0.002046,   -1.171984,   0.000007927,  -0.001967926,   0.000000345,   0.001967942
     -3.205292,    0.001005,    0.575801,  -0.000013603,   0.004907143,   0.000009371,   0.004907170
     -5.612387,    0.002761,    1.581857,   0.000005808,   0.021229012,   0.000000272,   0.021229013
     -2.800595,   -0.004456,   -2.552983,  -0.000016914,   0.006761696,  -0.000009125,   0.006761723
      1.000080,    0.005477,    3.137911,   0.000006011,   0.006819423,   0.000014188,   0.006819440
     -1.602642,    0.006537,    3.745180,   0.000000000,   0.014536100,   0.000000000,   0.014536100
     -2.203773,   -0.007562,   -4.332887,  -0.000008769,   0.013404841,   0.000007479,   0.013404846
     -5.414356,   -0.007909,   -4.531577,   0.000014659,   0.032113585,   0.000001662,   0.032113588
     -1.399136,   -0.006179,   -3.540370,  -0.000001694,   0.011657224,   0.000004344,   0.011657225
      3.207713,   -0.005148,   -2.949496,   0.000017877,   0.010500954,  -0.000010621,   0.010500975
     -2.401624,   -0.003772,   -2.161345,  -0.000009218,   0.004729988,  -0.000004632,   0.004729999
      1.198162,   -0.002045,   -1.171611,   0.000008799,  -0.001329012,   0.000000218,   0.001329042
     -1.799835,    0.000341,    0.195644,   0.000000000,   0.002194520,   0.000000000,   0.002194520
     -3.204455,    0.000659,    0.377795,  -0.000007287,   0.005836349,   0.000007057,   0.005836358
     -5.416875,   -0.008247,   -4.724993,   0.000018718,   0.031453936,   0.000003131,   0.031453941
     -5.614784,    0.002412,    1.381757,   0.000015681,   0.019625189,   0.000006748,   0.019625196
     -2.601212,   -0.004456,   -2.552882,  -0.000015860,   0.005896979,  -0.000009095,   0.005897008
      0.799034,    0.005476,    3.137240,   0.000003782,   0.006436513,   0.000014694,   0.006436531
     -1.802777,    0.006552,    3.753963,   0.000000000,   0.014536100,   0.000000000,   0.014536100
     -2.003396,   -0.007568,   -4.336321,  -0.000006608,   0.013548842,   0.000003698,   0.013548844
     -1.199328,   -0.006175,   -3.538266,  -0.000004123,   0.010246569,   0.000002097,   0.010246570
      3.408191,   -0.005155,   -2.953650,   0.000017725,   0.011531047,  -0.000010188,   0.011531065
     -2.201621,   -0.003775,   -2.162886,  -0.000005470,   0.004621967,  -0.000003198,   0.004621972
      1.399170,   -0.002053,   -1.176270,   0.000008905,  -0.000527637,   0.000000119,   0.000527712
     -1.797600,    0.000000,    0.000000,   0.000000000,   0.002194520,   0.000000000,   0.002194520
     -3.198074,    0.000327,    0.187283,  -0.000002016,   0.006481373,   0.000004926,   0.006481375
     -5.213834,   -0.007911,   -4.532845,   0.000011855,   0.031208646,   0.000007544,   0.031208649
     -5.615561,    0.002067,    1.184551,   0.000020762,   0.018528985,   0.000010021,   0.018528999
     -2.401504,   -0.004454,   -2.551957,  -0.000013644,   0.005348482,  -0.000008330,   0.005348506
     -5.216250,   -0.008247,   -4.724993,   0.000011731,   0.030435842,   0.000009982,   0.030435845
      0.598454,    0.005481,    3.140134,   0.000001485,   0.006424517,   0.000013998,   0.006424532
     -2.003472,    0.006536,    3.744933,   0.000000000,   0.014536100,   0.000000000,   0.014536100
     -1.802986,   -0.007574,   -4.339416,  -0.000003806,   0.013564415,   0.000001418,   0.013564416
     -1.000316,   -0.006172,   -3.536425,  -0.000004395,   0.009263603,   0.000000774,   0.009263604
      3.608122,   -0.005160,   -2.956351,   0.000017823,   0.012503236,  -0.000009648,   0.012503252
     -2.000165,   -0.003780,   -2.165716,   0.000000000,   0.004543100,   0.000000000,   0.004543100
      1.599998,   -0.002054,   -1.176937,   0.000009035,   0.000187011,   0.000000166,   0.000187229
     -1.800955,   -0.000343,   -0.196382,   0.000000000,   0.002194520,   0.000000000,   0.002194520
     -3.196227,   -0.000009,   -0.005190,   0.000000137,   0.006699532,   0.000001618,   0.006699532
     -5.615049,    0.001723,    0.987139,   0.000022309,   0.017945662,   0.000010607,   0.017945679
     -2.201389,   -0.004458,   -2.554251,  -0.000011433,   0.005044439,  -0.000007296,   0.005044458
      0.398522,    0.005484,    3.142141,   0.000000087,   0.006643570,   0.000012582,   0.006643582
     -2.203383,    0.006526,    3.738921,  -0.000001824,   0.014293019,  -0.000005460,   0.014293020
     -1.602616,   -0.007567,   -4.335780,  -0.000001777,   0.013300915,   0.000001417,   0.013300916
     -5.013439,   -0.007906,   -4.530057,   0.000005312,   0.029557736,   0.000013688,   0.029557739
     -0.799177,   -0.006172,   -3.536093,  -0.000002780,   0.008882994,   0.000000542,   0.008882995
      3.807957,   -0.005161,   -2.957210,   0.000018230,   0.013450931,  -0.000009281,   0.013450946
     -1.800424,   -0.003787,   -2.169734,   0.000000000,   0.004543100,   0.000000000,   0.004543100
      1.801304,   -0.002059,   -1.179888,   0.000009844,   0.000660864,   0.000000096,   0.000660937
     -3.200075,   -0.000350,   -0.200533,  -0.000001473,   0.006516576,  -0.000000772,   0.006516576
     -5.015625,   -0.008247,   -4.724993,  -0.000000334,   0.028589484,   0.000017419,   0.028589489
     -5.614960,    0.001378,    0.789537,   0.000020350,   0.017976275,   0.000009349,   0.017976289
      1.801746,    0.000339,    0.194034,   0.000000000,   0.002192160,   0.000000000,   0.002192160
     -2.000127,   -0.004459,   -2.555050,  -0.000009511,   0.004875154,  -0.000006446,   0.004875168
      0.197677,    0.005488,    3.144367,  -0.000000208,   0.006913345,   0.000011095,   0.006913354
     -2.404202,    0.006521,    3.736344,  -0.000003967,   0.014013650,  -0.000004206,   0.014013651
     -1.400881,   -0.007561,   -4.332090,  -0.000002568,   0.012346050,   0.000005461,   0.012346051
     -0.598690,   -0.006173,   -3.536970,  -0.000001098,   0.009149800,   0.000001380,   0.009149800
      4.008072,   -0.005163,   -2.958197,   0.000018238,   0.014550477,  -0.000008921,   0.014550492
     -1.600217,   -0.003770,   -2.159839,   0.000000000,   0.004543100,   0.000000000,   0.004543100
      2.001846,   -0.002060,   -1.180254,   0.000011283,   0.000925505,   0.000000127,   0.000925573
     -3.202021,   -0.000693,   -0.396887,  -0.000006997,   0.005743036,   0.000000154,   0.005743041
     -4.811383,   -0.007905,   -4.529037,  -0.000004970,   0.027398071,   0.000018445,   0.027398078
     -5.613893,    0.001032,    0.591539,   0.000015223,   0.018492975,   0.000007615,   0.018492983
      1.601239,    0.000339,    0.194339,   0.000000000,   0.002192160,   0.000000000,   0.002192160
     -1.800272,   -0.004459,   -2.554630,  -0.000008330,   0.004696741,  -0.000006287,   0.004696752
     -4.815000,   -0.008247,   -4.724993,  -0.000014686,   0.026362757,   0.000023146,   0.026362771
     -0.002745,    0.005490,    3.145324,   0.000000096,   0.007001795,   0.000010740,   0.007001803
     -2.605497,    0.006518,    3.734808,  -0.000006302,   0.014362130,  -0.000004325,   0.014362132
     -1.201550,   -0.007558,   -4.330178,  -0.000004952,   0.011080662,   0.000010509,   0.011080668
     -0.399036,   -0.006177,   -3.539039,  -0.000000716,   0.009952685,   0.000003223,   0.009952685
      4.208349,   -0.005163,   -2.958271,   0.000016884,   0.015895311,  -0.000008559,   0.015895323
     -1.400636,   -0.003758,   -2.153117,  -0.000001317,   0.003796349,  -0.000003828,   0.003796351
      2.202193,   -0.002059,   -1.179963,   0.000013210,   0.001056312,   0.000000153,   0.001056395
     -3.203928,   -0.001034,   -0.592720,  -0.000013692,   0.004716355,   0.000002310,   0.004716376
     -5.612066,    0.000687,    0.393797,   0.000006245,   0.019465587,   0.000005632,   0.019465589
      1.403681,    0.000337,    0.193090,   0.000000272,   0.001296049,   0.000004852,   0.001296058
     -1.600112,   -0.004453,   -2.551608,  -0.000007695,   0.004269548,  -0.000006864,   0.004269561
     -0.202536,    0.005487,    3.144031,   0.000000407,   0.006896299,   0.000011111,   0.006896308
     -2.804681,    0.006518,    3.734811,  -0.000006836,   0.015362019,  -0.000005358,   0.015362021
     -1.001659,   -0.007557,   -4.329935,  -0.000005532,   0.010177753,   0.000012965,   0.010177763
     -4.611505,   -0.007907,   -4.530240,  -0.000015537,   0.025074025,   0.000020579,   0.025074038
     -0.198699,   -0.006185,   -3.543677,  -0.000000895,   0.010675971,   0.000004617,   0.010675972
      4.408711,   -0.005164,   -2.958727,   0.000013117,   0.017540477,  -0.000007987,   0.017540484
     -1.202884,   -0.003752,   -2.149747,  -0.000004207,   0.002550836,  -0.000004556,   0.002550843
      2.402541,   -0.002060,   -1.180269,   0.000015459,   0.001269263,   0.000000296,   0.001269357
     -3.205565,   -0.001377,   -0.788969,  -0.000018433,   0.004084687,   0.000002676,   0.004084729
     -4.614375,   -0.008247,   -4.724993,  -0.000026960,   0.024117660,   0.000025493,   0.024117688
     -5.608521,    0.000343,    0.196431,   0.000000000,   0.020090600,   0.000000000,   0.020090600
      1.203748,    0.000336,    0.192673,   0.000003863,  -0.000166551,   0.000006587,   0.000166726
     -1.401208,   -0.004447,   -2.547740,  -0.000007634,   0.003628734,  -0.000007803,   0.003628751
     -0.403722,    0.005484,    3.142080,   0.000000143,   0.006611748,   0.000012613,   0.006611760
     -3.004350,    0.006520,    3.735880,  -0.000004263,   0.016940991,  -0.000007033,   0.016940993
     -0.800726,   -0.007557,   -4.329838,  -0.000004456,   0.009802494,   0.000013100,   0.009802504
      0.002209,   -0.006192,   -3.547913,  -0.000000041,   0.010909484,   0.000004470,   0.010909485
     -1.002221,   -0.003749,   -2.147956,  -0.000005372,   0.001536710,  -0.000005482,   0.001536729
      2.602777,   -0.002061,   -1.180805,   0.000017521,   0.001728748,   0.000000467,   0.001728837
     -3.205078,   -0.001720,   -0.985513,  -0.000019853,   0.004113466,   0.000001172,   0.004113514
     -4.410958,   -0.007905,   -4.529500,  -0.000022276,   0.022991028,   0.000019792,   0.022991047
     -5.603146,   -0.000003,   -0.001457,   0.000000000,   0.020090600,   0.000000000,   0.020090600
     -4.408624,    0.004820,    2.761463,  -0.000010033,   0.017303493,   0.000013914,   0.017303501
      1.004355,    0.000337,    0.193262,   0.000005110,  -0.001231119,   0.000008102,   0.001231157
     -1.200388,   -0.004441,   -2.544548,  -0.000007748,   0.002830131,  -0.000008872,   0.002830156
     -4.413750,   -0.008247,   -4.724993,  -0.000034463,   0.022059130,   0.000024947,   0.022059171
     -0.603830,    0.005481,    3.140214,  -0.000001232,   0.006373111,   0.000014069,   0.006373127
     -3.204097,    0.006527,    3.739433,   0.000001203,   0.018947539,  -0.000009762,   0.018947542
     -0.600482,   -0.007559,   -4.330821,  -0.000003130,   0.009985610,   0.000011083,   0.009985616
      0.201880,   -0.006186,   -3.544164,   0.000000796,   0.010688118,   0.000004591,   0.010688119
     -0.801457,   -0.003749,   -2.148246,  -0.000004274,   0.001105451,  -0.000005646,   0.001105474
     -3.205730,   -0.002063,   -1.182279,  -0.000017940,   0.004828039,  -0.000000293,   0.004828073
     -5.608876,   -0.000349,   -0.200222,   0.000000000,   0.020090600,   0.000000000,   0.020090600
     -4.407671,    0.004476,    2.564309,  -0.000010351,   0.016201171,   0.000014341,   0.016201181
     -2.603255,    0.001692,    0.969723,  -0.000017588,   0.001597076,   0.000016695,   0.001597260
      0.804459,    0.000337,    0.193146,   0.000003915,  -0.001626518,   0.000008283,   0.001626544
     -0.999575,   -0.004440,   -2.543990,  -0.000007114,   0.002134806,  -0.000009679,   0.002134839
     -0.803066,    0.005477,    3.138336,  -0.000003507,   0.006368517,   0.000014784,   0.006368535
     -3.404211,    0.006542,    3.748488,   0.000000000,   0.020340400,   0.000000000,   0.020340400
     -0.400388,   -0.007562,   -4.332726,  -0.000002642,   0.010635959,   0.000006634,   0.010635962
     -4.210217,   -0.007906,   -4.529716,  -0.000024990,   0.021256138,   0.000017316,   0.021256160
      0.403209,   -0.006179,   -3.540288,   0.000000679,   0.009986906,   0.000003243,   0.009986906
     -0.601670,   -0.003752,   -2.149787,  -0.000002691,   0.001281182,  -0.000004840,   0.001281194
     -3.205012,   -0.002407,   -1.379393,  -0.000012711,   0.006170203,   0.000000057,   0.006170216
     -4.213125,   -0.008247,   -4.724993,  -0.000036660,   0.020337051,   0.000022561,   0.020337096
     -5.612939,   -0.000696,   -0.398742,   0.000006291,   0.019411050,  -0.000002266,   0.019411051
     -4.406937,    0.004132,    2.367193,  -0.000010130,   0.015377499,   0.000013815,   0.015377508
     -2.602729,    0.001357,    0.777362,  -0.000016866,   0.001460320,   0.000014454,   0.001460489
      0.604233,    0.000338,    0.193407,   0.000002420,  -0.001322728,   0.000006941,   0.001322749
     -0.800437,   -0.004440,   -2.544104,  -0.000005431,   0.001777394,  -0.000009789,   0.001777430
     -1.004139,    0.005476,    3.137570,  -0.000005789,   0.006714227,   0.000014380,   0.006714245
     -3.603121,    0.006560,    3.758590,   0.000000000,   0.020340400,   0.000000000,   0.020340400
     -0.200119,   -0.007568,   -4.336232,  -0.000001951,   0.011192912,   0.000002631,   0.011192912
      0.603185,   -0.006175,   -3.538235,   0.000001146,   0.009210861,   0.000001424,   0.009210861
     -0.401744,   -0.003758,   -2.153339,  -0.000001646,   0.001802583,  -0.000003718,   0.001802588
     -3.204210,   -0.002752,   -1.576990,  -0.000005510,   0.007846725,   0.000001765,   0.007846727
     -4.009552,   -0.007907,   -4.530211,  -0.000024388,   0.019936091,   0.000013945,   0.019936111
     -5.615372,   -0.001044,   -0.598130,   0.000015606,   0.018366868,   0.000000236,   0.018366875
     -4.406020,    0.003788,    2.170216,  -0.000009723,   0.014787862,   0.000013376,   0.014787871
     -2.601974,    0.001017,    0.582653,  -0.000015112,   0.001606745,   0.000011964,   0.001606860
      0.402969,    0.000338,    0.193658,   0.000001978,  -0.000519871,   0.000004908,   0.000519898
     -0.600605,   -0.004444,   -2.546310,  -0.000003442,   0.001774763,  -0.000009117,   0.001774789
     -4.012500,   -0.008247,   -4.724993,  -0.000034727,   0.018963405,   0.000019715,   0.018963447
     -1.204719,    0.005481,    3.140310,  -0.000006981,   0.007379299,   0.000012977,   0.007379314
     -3.803940,    0.006548,    3.751850,   0.000000000,   0.020340400,   0.000000000,   0.020340400
      0.000307,   -0.007574,   -4.339388,   0.000000042,   0.011337955,   0.000001507,   0.011337956
      0.802276,   -0.006172,   -3.536423,   0.000002851,   0.008970445,   0.000000593,   0.008970446
     -0.200125,   -0.003769,   -2.159264,   0.000000000,   0.002122040,   0.000000000,   0.002122040
     -5.616121,   -0.001389,   -0.795581,   0.000020613,   0.017808332,   0.000001165,   0.017808344
     -4.405832,    0.003445,    1.973722,  -0.000009523,   0.014330834,   0.000013267,   0.014330843
     -2.601259,    0.000677,    0.387953,  -0.000012920,   0.001910120,   0.000009776,   0.001910189
     -4.005084,    0.006543,    3.748995,  -0.000002729,   0.020965728,  -0.000003574,   0.020965728
     -0.400233,   -0.004448,   -2.548349,  -0.000001896,   0.001966898,  -0.000008020,   0.001966915
      0.201151,    0.000338,    0.193734,   0.000000000,   0.000000000,   0.000000000,   0.000000000
      3.204552,    0.002740,    1.570162,   0.000004975,   0.007894429,   0.000004748,   0.007894432
     -1.404644,    0.005484,    3.142254,  -0.000006968,   0.008148927,   0.000011347,   0.008148938
      0.200881,   -0.007567,   -4.335790,   0.000002038,   0.011201172,   0.000002684,   0.011201172
     -3.809050,   -0.007909,   -4.531579,  -0.000021259,   0.019042032,   0.000010615,   0.019042046
      1.003392,   -0.006172,   -3.536090,   0.000004424,   0.009375151,   0.000000836,   0.009375152
     -0.000314,   -0.003782,   -2.167180,   0.000000000,   0.002122040,   0.000000000,   0.002122040
     -3.811875,   -0.008247,   -4.724993,  -0.000030909,   0.017840980,   0.000018040,   0.017841016
     -5.615631,   -0.001734,   -0.993662,   0.000022247,   0.017760895,   0.000000812,   0.017760909
     -4.407187,    0.003098,    1.774795,  -0.000010240,   0.013821315,   0.000013771,   0.013821326
     -2.600462,    0.000337,    0.193214,  -0.000011164,   0.002183956,   0.000008071,   0.002183999
      1.203812,   -0.006173,   -3.536957,   0.000004062,   0.010383605,   0.000002175,   0.010383606
      0.200235,   -0.003766,   -2.157512,   0.000000000,   0.002122040,   0.000000000,   0.002122040
     -3.608664,   -0.007910,   -4.532208,  -0.000018060,   0.018315202,   0.000009063,   0.018315213
     -5.615797,   -0.002079,   -1.191088,   0.000020218,   0.018360198,   0.000000272,   0.018360209
     -4.408318,    0.002754,    1.577986,  -0.000011686,   0.013188458,   0.000014402,   0.013188471
     -2.601355,   -0.000003,   -0.001458,  -0.000010643,   0.002271608,   0.000006823,   0.002271643
     -3.611250,   -0.008247,   -4.724993,  -0.000027476,   0.016814087,   0.000018616,   0.016814120
      1.403368,   -0.006177,   -3.539029,   0.000001571,   0.011808944,   0.000004442,   0.011808945
      0.400923,   -0.003754,   -2.150845,   0.000001659,   0.001799684,  -0.000003728,   0.001799688
     -5.614449,   -0.002424,   -1.388698,   0.000014645,   0.019496158,   0.000000821,   0.019496164
     -4.409022,    0.002404,    1.377248,  -0.000013417,   0.012450475,   0.000014781,   0.012450491
     -2.602119,   -0.000344,   -0.196967,  -0.000011547,   0.002117674,   0.000006107,   0.002117715
     -3.408358,   -0.007908,   -4.530671,  -0.000016383,   0.017421048,   0.000010324,   0.017421059
      1.603632,   -0.006185,   -3.543651,  -0.000000132,   0.012922733,   0.000005814,   0.012922734
      0.599835,   -0.003749,   -2.147860,   0.000002705,   0.001278387,  -0.000004884,   0.001278399
     -3.410625,   -0.008247,   -4.724993,  -0.000026413,   0.015720654,   0.000021238,   0.015720691
     -5.612575,   -0.002769,   -1.586404,   0.000004662,   0.021111225,   0.000002817,   0.021111226
     -4.409671,    0.002057,    1.178521,  -0.000014839,   0.011769879,   0.000014139,   0.011769897
     -2.603469,   -0.000686,   -0.392918,  -0.000013655,   0.001759159,   0.000005810,   0.001759221
      1.804384,   -0.006192,   -3.547917,   0.000000985,   0.013276332,   0.000004608,   0.013276333
      0.799049,   -0.003747,   -2.146673,   0.000004286,   0.001108143,  -0.000005701,   0.001108166
     -3.208083,   -0.007904,   -4.528917,  -0.000017118,   0.016241008,   0.000013348,   0.016241022
     -5.608626,   -0.003114,   -1.783946,   0.000000000,   0.022220900,   0.000000000,   0.022220900
     -4.410414,    0.001711,    0.980134,  -0.000015358,   0.011302973,   0.000012107,   0.011302990
     -2.605126,   -0.001027,   -0.588382,  -0.000016105,   0.001367961,   0.000005324,   0.001368066
     -3.210000,   -0.008247,   -4.724993,  -0.000027634,   0.014474736,   0.000024669,   0.014474784
      2.004154,   -0.006186,   -3.544219,   0.000002577,   0.013159417,   0.000003632,   0.013159418
      0.998543,   -0.003748,   -2.147303,   0.000005365,   0.001541875,  -0.000005532,   0.001541895
     -5.603175,   -0.003458,   -1.981340,   0.000000000,   0.022220900,   0.000000000,   0.022220900
     -4.410169,    0.001362,    0.780143,  -0.000014990,   0.011094272,   0.000009208,   0.011094286
     -2.605811,   -0.001369,   -0.784622,  -0.000017973,   0.001151980,   0.000003982,   0.001152127
     -3.006486,   -0.007902,   -4.527713,  -0.000019255,   0.014828959,   0.000016760,   0.014828981
      2.205549,   -0.006179,   -3.540354,   0.000003893,   0.012782439,   0.000002163,   0.012782439
      1.198597,   -0.003751,   -2.149315,   0.000004189,   0.002555250,  -0.000004578,   0.002555258
     -3.009375,   -0.008247,   -4.724993,  -0.000029158,   0.013182889,   0.000027254,   0.013182950
     -5.607051,   -0.003797,   -2.175511,   0.000000000,   0.022220900,   0.000000000,   0.022220900
     -4.409564,    0.001016,    0.581844,  -0.000013586,   0.011155983,   0.000006451,   0.011155993
     -2.606150,   -0.001712,   -0.981134,  -0.000018591,   0.001276113,   0.000001856,   0.001276250
      2.405685,   -0.006176,   -3.538297,   0.000006155,   0.012477871,   0.000000743,   0.012477873
      1.398969,   -0.003758,   -2.153358,   0.000001284,   0.003815903,  -0.000003814,   0.003815905
     -2.806582,   -0.007902,   -4.527612,  -0.000020442,   0.013517802,   0.000019057,   0.013517831
     -5.609665,   -0.004138,   -2.370863,   0.000010016,   0.022364105,  -0.000002982,   0.022364108
     -4.408721,    0.000669,    0.383307,  -0.000011656,   0.011369177,   0.000004688,   0.011369184
     -2.808750,   -0.008247,   -4.724993,  -0.000028788,   0.012019575,   0.000028402,   0.012019643
      2.604848,   -0.006172,   -3.536483,   0.000008499,   0.012729544,   0.000000237,   0.012729547
      1.600375,   -0.003768,   -2.158939,   0.000000000,   0.004560740,   0.000000000,   0.004560740
      2.606437,    0.001699,    0.973724,   0.000017592,   0.001638194,   0.000016410,   0.001638371
     -5.611303,   -0.004483,   -2.568394,   0.000017620,   0.022623924,  -0.000004231,   0.022623931
     -4.407919,    0.000323,    0.185242,  -0.000010002,   0.011585984,   0.000004284,   0.011585989
     -2.606725,   -0.007903,   -4.527820,  -0.000019259,   0.012607797,   0.000019301,   0.012607827
      2.805952,   -0.006172,   -3.536127,   0.000009366,   0.013598580,   0.000000637,   0.013598583
      1.801289,   -0.003784,   -2.167977,   0.000000000,   0.004560740,   0.000000000,   0.004560740
      2.406778,    0.001699,    0.973228,   0.000015792,   0.001115439,   0.000015767,   0.001115663
     -2.608125,   -0.008247,   -4.724993,  -0.000025973,   0.011140293,   0.000028437,   0.011140360
     -5.611163,   -0.004825,   -2.764427,   0.000022180,   0.023361003,  -0.000004857,   0.023361014
     -4.407649,   -0.000022,   -0.012372,  -0.000009366,   0.011686946,   0.000004859,   0.011686950
      3.006307,   -0.006173,   -3.536977,   0.000007401,   0.015011092,   0.000001983,   0.015011094
      2.001223,   -0.003778,   -2.164358,   0.000000000,   0.004560740,   0.000000000,   0.004560740
      2.206969,    0.001700,    0.974146,   0.000013792,   0.000808506,   0.000014524,   0.000808754
     -2.406212,   -0.007903,   -4.527841,  -0.000016536,   0.012148234,   0.000017903,   0.012148258
     -5.611136,   -0.005170,   -2.961989,   0.000023845,   0.024561956,  -0.000004686,   0.024561968
     -4.409053,   -0.000369,   -0.211238,  -0.000010361,   0.011593227,   0.000005905,   0.011593233
     -2.407500,   -0.008247,   -4.724993,  -0.000021749,   0.010604625,   0.000027638,   0.010604683
      3.206399,   -0.006181,   -3.541359,   0.000002891,   0.016811351,   0.000004199,   0.016811352
      2.201446,   -0.003773,   -2.161795,   0.000005233,   0.004600728,  -0.000003184,   0.004600732
      2.006968,    0.001698,    0.972998,   0.000011990,   0.000576298,   0.000013287,   0.000576576
     -5.611674,   -0.005514,   -3.159403,   0.000022004,   0.026311372,  -0.000002486,   0.026311382
     -4.410871,   -0.000714,   -0.409266,  -0.000012376,   0.011358775,   0.000006547,   0.011358784
     -2.205464,   -0.007905,   -4.529174,  -0.000013647,   0.011996414,   0.000015741,   0.011996432
      3.406152,   -0.006193,   -3.548442,  -0.000000193,   0.018223849,   0.000005550,   0.018223850
      2.402960,   -0.003771,   -2.160670,   0.000008862,   0.004638492,  -0.000004608,   0.004638503
      1.805519,    0.001699,    0.973295,   0.000010570,   0.000296023,   0.000012639,   0.000296481
     -2.206875,   -0.008247,   -4.724993,  -0.000017582,   0.010345842,   0.000026372,   0.010345891
     -5.610331,   -0.005860,   -3.357617,   0.000016315,   0.028488992,   0.000001668,   0.028488997
     -4.412149,   -0.001062,   -0.608323,  -0.000014601,   0.011096100,   0.000006132,   0.011096111
      3.605666,   -0.006202,   -3.553283,   0.000001298,   0.018687178,   0.000003206,   0.018687178
      2.602790,   -0.003773,   -2.161636,   0.000011526,   0.005036533,  -0.000005451,   0.005036549
      1.606189,    0.001699,    0.973314,   0.000009709,  -0.000176291,   0.000013068,   0.000177041
     -2.004744,   -0.007907,   -4.530587,  -0.000010949,   0.011993062,   0.000013307,   0.011993074
     -5.608836,   -0.006206,   -3.555861,   0.000005162,   0.031037794,   0.000007328,   0.031037795
     -4.413072,   -0.001409,   -0.807055,  -0.000016149,   0.010980230,   0.000004311,   0.010980243
     -2.006250,   -0.008247,   -4.724993,  -0.000014612,   0.010186653,   0.000025382,   0.010186695
      3.806257,   -0.006200,   -3.552319,   0.000003878,   0.018860208,   0.000000842,   0.018860209
      2.802703,   -0.003777,   -2.163931,   0.000011937,   0.005976404,  -0.000005314,   0.005976418
      1.407172,    0.001698,    0.972952,   0.000009253,  -0.000796843,   0.000014258,   0.000797024
     -5.606073,   -0.006553,   -3.754575,   0.000000000,   0.032648500,   0.000000000,   0.032648500
     -4.411199,   -0.001746,   -1.000382,  -0.000016450,   0.011126561,   0.000001597,   0.011126573
     -1.804191,   -0.007909,   -4.531465,  -0.000008803,   0.011878857,   0.000011956,   0.011878867
      4.006793,   -0.006196,   -3.549784,   0.000005757,   0.019452848,  -0.000000112,   0.019452849
      3.002893,   -0.003781,   -2.166443,   0.000008795,   0.007426777,  -0.000004523,   0.007426783
      1.206766,    0.001698,    0.972700,   0.000008893,  -0.001498431,   0.000015790,   0.001498540
     -1.805625,   -0.008247,   -4.724993,  -0.000013255,   0.009916069,   0.000025495,   0.009916110
     -5.602353,   -0.006899,   -3.952654,   0.000000000,   0.032648500,   0.000000000,   0.032648500
     -4.408899,   -0.002089,   -1.197154,  -0.000015578,   0.011572950,  -0.000001148,   0.011572960
      4.207351,   -0.006196,   -3.550016,   0.000006614,   0.020611733,   0.000000139,   0.020611734
      3.202538,   -0.003785,   -2.168521,   0.000003445,   0.009054767,  -0.000004020,   0.009054768
      1.008289,    0.001696,    0.971770,   0.000007974,  -0.002083630,   0.000016861,   0.002083714
     -1.603781,   -0.007907,   -4.530202,  -0.000007696,   0.011397103,   0.000013234,   0.011397113
     -4.408059,   -0.002429,   -1.391552,  -0.000013672,   0.012264489,  -0.000002998,   0.012264497
     -1.605000,   -0.008247,   -4.724993,  -0.000013457,   0.009413478,   0.000026778,   0.009413526
      5.602726,    0.006894,    3.950102,   0.000000000,   0.032855800,   0.000000000,   0.032855800
      4.407679,   -0.006196,   -3.549782,   0.000004417,   0.022343321,   0.000000978,   0.022343322
      3.401788,   -0.003791,   -2.172347,   0.000000000,   0.010096200,   0.000000000,   0.010096200
      0.809422,    0.001697,    0.972493,   0.000006366,  -0.002421741,   0.000017020,   0.002421810
     -4.406059,   -0.002768,   -1.586145,  -0.000011584,   0.013006911,  -0.000003824,   0.013006917
      5.392800,    0.006927,    3.968994,   0.000000000,   0.032855800,   0.000000000,   0.032855800
     -1.403408,   -0.007904,   -4.528629,  -0.000007949,   0.010591414,   0.000015972,   0.010591429
      4.607823,   -0.006197,   -3.550389,  -0.000000556,   0.024487459,   0.000001974,   0.024487459
      3.601259,   -0.003800,   -2.177193,   0.000000000,   0.010096200,   0.000000000,   0.010096200
      0.611072,    0.001697,    0.972068,   0.000004509,  -0.002482806,   0.000016175,   0.002482863
     -1.404375,   -0.008247,   -4.724993,  -0.000014382,   0.008657615,   0.000028952,   0.008657675
     -4.404483,   -0.003110,   -1.781819,  -0.000010157,   0.013649290,  -0.000003885,   0.013649295
      5.199958,    0.006893,    3.949257,   0.000000000,   0.032855800,   0.000000000,   0.032855800
      4.808003,   -0.006200,   -3.552082,  -0.000007534,   0.026913744,   0.000003324,   0.026913745
      0.411498,    0.001699,    0.973466,   0.000002843,  -0.002341102,   0.000014729,   0.002341150
     -3.595200,    0.003464,    1.984497,   0.000000000,   0.010478500,   0.000000000,   0.010478500
     -1.202039,   -0.007902,   -4.527521,  -0.000008649,   0.009623210,   0.000019011,   0.009623233
     -4.403801,   -0.003453,   -1.978146,  -0.000010056,   0.014123551,  -0.000003538,   0.014123555
     -1.203750,   -0.008247,   -4.724993,  -0.000014441,   0.007828997,   0.000030849,   0.007829071
      5.001346,    0.006880,    3.942013,  -0.000010432,   0.031673722,  -0.000012666,   0.031673726
      5.008282,   -0.006203,   -3.553956,  -0.000013758,   0.029361843,   0.000004990,   0.029361847
      0.210468,    0.001699,    0.973450,   0.000001390,  -0.002166760,   0.000013396,   0.002166802
     -4.404165,   -0.003795,   -2.174367,  -0.000011368,   0.014481482,  -0.000003393,   0.014481486
     -3.602189,    0.003101,    1.776937,   0.000000000,   0.010478500,   0.000000000,   0.010478500
     -1.001991,   -0.007902,   -4.527437,  -0.000008301,   0.008806150,   0.000021186,   0.008806180
      4.803796,    0.006878,    3.940633,  -0.000006603,   0.029099928,  -0.000016122,   0.029099934
      0.009560,    0.001699,    0.973288,   0.000000048,  -0.002068963,   0.000012770,   0.002069003
     -1.003125,   -0.008247,   -4.724993,  -0.000012355,   0.007163291,   0.000031738,   0.007163372
     -5.009807,    0.005856,    3.355185,   0.000013042,   0.027874315,  -0.000005825,   0.027874319
     -4.404970,   -0.004138,   -2.370799,  -0.000013084,   0.014908932,  -0.000004083,   0.014908939
     -3.604108,    0.002746,    1.573458,  -0.000004639,   0.009688501,   0.000001029,   0.009688502
      4.604043,    0.006876,    3.939401,  -0.000000562,   0.026524703,  -0.000014825,   0.026524707
     -0.187793,    0.001700,    0.973750,  -0.000001267,  -0.002150245,   0.000013281,   0.002150286
     -0.802046,   -0.007902,   -4.527692,  -0.000006419,   0.008451080,   0.000021234,   0.008451109
     -5.010167,    0.005510,    3.156744,   0.000013039,   0.025919766,  -0.000000883,   0.025919769
     -4.405681,   -0.004481,   -2.567175,  -0.000014322,   0.015555942,  -0.000005743,   0.015555949
     -3.606645,    0.002398,    1.374093,  -0.000011828,   0.008266024,   0.000007824,   0.008266037
     -0.802500,   -0.008247,   -4.724993,  -0.000008523,   0.006826079,   0.000031664,   0.006826158
      4.404590,    0.006875,    3.939364,   0.000003139,   0.024353762,  -0.000012288,   0.024353766
     -0.389834,    0.001699,    0.973658,  -0.000002714,  -0.002320488,   0.000014558,   0.002320535
     -5.010421,    0.005167,    2.960411,   0.000012711,   0.024228817,   0.000002237,   0.024228820
     -4.406285,   -0.004824,   -2.763907,  -0.000014431,   0.016527811,  -0.000007468,   0.016527819
     -3.606082,    0.002050,    1.174295,  -0.000017277,   0.007035863,   0.000012112,   0.007035895
     -0.601519,   -0.007902,   -4.527767,  -0.000004264,   0.008590242,   0.000019294,   0.008590264
      4.204148,    0.006878,    3.940528,   0.000004304,   0.022596856,  -0.000008979,   0.022596858
     -0.595284,    0.001698,    0.972873,  -0.000004405,  -0.002475304,   0.000016073,   0.002475360
     -0.601875,   -0.008247,   -4.724993,  -0.000004555,   0.006850529,   0.000030721,   0.006850599
     -5.010914,    0.004822,    2.763085,   0.000011394,   0.022841174,   0.000003569,   0.022841177
     -3.607572,    0.001705,    0.976891,  -0.000019455,   0.006398328,   0.000012357,   0.006398370
      4.002279,    0.006882,    3.942858,   0.000003086,   0.021255031,  -0.000004502,   0.021255032
      4.406128,    0.004810,    2.756099,   0.000009797,   0.017215613,   0.000014269,   0.017215621
     -0.796862,    0.001697,    0.972191,  -0.000006296,  -0.002429662,   0.000016983,   0.002429730
     -0.400753,   -0.007905,   -4.529137,  -0.000002699,   0.008985015,   0.000016591,   0.008985030
     -5.010267,    0.004478,    2.565597,   0.000009616,   0.021863051,   0.000003023,   0.021863053
     -3.606989,    0.001358,    0.778237,  -0.000018096,   0.006320850,   0.000010229,   0.006320885
     -0.401250,   -0.008247,   -4.724993,  -0.000001805,   0.007120914,   0.000029099,   0.007120974
      3.799537,    0.006893,    3.949671,   0.000000000,   0.020449900,   0.000000000,   0.020449900
      4.206453,    0.004811,    2.756280,   0.000013233,   0.015599956,   0.000015602,   0.015599969
     -0.997348,    0.001698,    0.972906,  -0.000007943,  -0.002098779,   0.000016903,   0.002098862
     -5.009117,    0.004134,    2.368527,   0.000007806,   0.021428893,   0.000000755,   0.021428894
     -3.606093,    0.001013,    0.580522,  -0.000013531,   0.006775305,   0.000007260,   0.006775322
      3.595200,    0.006927,    3.968994,   0.000000000,   0.020449900,   0.000000000,   0.020449900
     -0.200038,   -0.007907,   -4.530537,  -0.000001386,   0.009391440,   0.000013939,   0.009391451
      4.006387,    0.004811,    2.756577,   0.000014627,   0.014288530,   0.000015626,   0.014288546
     -1.198430,    0.001700,    0.973792,  -0.000008897,  -0.001511820,   0.000015864,   0.001511929
     -0.200625,   -0.008247,   -4.724993,  -0.000000424,   0.007420661,   0.000027519,   0.007420712
     -5.006537,    0.003790,    2.171727,   0.000006316,   0.021302069,  -0.000000665,   0.021302070
     -3.605135,    0.000672,    0.384811,  -0.000006921,   0.007452706,   0.000004176,   0.007452711
      3.399657,    0.006889,    3.947257,   0.000000000,   0.020449900,   0.000000000,   0.020449900
      3.804694,    0.004810,    2.756036,   0.000014938,   0.013269412,   0.000014954,   0.013269428
     -1.399342,    0.001701,    0.974778,  -0.000009245,  -0.000803645,   0.000014347,   0.000803826
      0.000512,   -0.007909,   -4.531426,   0.000000143,   0.009582509,   0.000012596,   0.009582517
     -5.004491,    0.003447,    1.975012,   0.000006442,   0.021247979,  -0.000000973,   0.021247980
     -3.603166,    0.000333,    0.190597,   0.000000000,   0.007761710,   0.000000000,   0.007761710
      0.000000,   -0.008247,   -4.724993,   0.000000249,   0.007543368,   0.000026947,   0.007543417
      3.200946,    0.006875,    3.939031,  -0.000002243,   0.019457772,  -0.000006719,   0.019457774
      3.603850,    0.004810,    2.755847,   0.000014847,   0.012434887,   0.000014659,   0.012434904
     -1.600635,    0.001704,    0.976421,  -0.000009672,  -0.000166210,   0.000013147,   0.000167009
     -3.595200,    0.000000,    0.000000,   0.000000000,   0.007761710,   0.000000000,   0.007761710
     -5.007226,    0.003102,    1.777195,   0.000009491,   0.020988184,  -0.000000839,   0.020988186
      0.200957,   -0.007907,   -4.530194,   0.000001691,   0.009407099,   0.000013949,   0.009407110
      3.001433,    0.006869,    3.935848,   0.000002721,   0.017604093,  -0.000008374,   0.017604096
      3.403954,    0.004804,    2.752274,   0.000014801,   0.011596540,   0.000015316,   0.011596560
     -1.801099,    0.001704,    0.976259,  -0.000010506,   0.000314458,   0.000012708,   0.000314890
      0.200625,   -0.008247,   -4.724993,   0.000000952,   0.007435809,   0.000027539,   0.007435861
     -5.010187,    0.002757,    1.579908,   0.000010173,   0.019939946,   0.000002698,   0.019939949
     -3.600841,   -0.000348,   -0.199589,   0.000000000,   0.007761710,   0.000000000,   0.007761710
      2.803052,    0.006867,    3.934412,   0.000006227,   0.015960302,  -0.000007650,   0.015960305
      3.202979,    0.004799,    2.749798,   0.000015003,   0.010620659,   0.000017179,   0.010620684
     -2.001356,    0.001705,    0.976702,  -0.000011890,   0.000593587,   0.000013373,   0.000593857
      0.401403,   -0.007904,   -4.528640,   0.000003046,   0.009020257,   0.000016633,   0.009020273
     -5.011952,    0.002409,    1.380478,   0.000009710,   0.018532653,   0.000006483,   0.018532657
     -3.600480,   -0.000695,   -0.397967,  -0.000006316,   0.007375683,  -0.000000758,   0.007375686
      0.401250,   -0.008247,   -4.724993,   0.000002399,   0.007154902,   0.000029152,   0.007154962
      2.601994,    0.006866,    3.933966,   0.000006065,   0.014963076,  -0.000006895,   0.014963079
      3.003185,    0.004795,    2.747120,   0.000015084,   0.009581045,   0.000019203,   0.009581076
     -2.201944,    0.001701,    0.974717,  -0.000013687,   0.000812443,   0.000014634,   0.000812690
     -5.012425,    0.002066,    1.183709,   0.000009115,   0.017484467,   0.000007805,   0.017484472
     -3.602039,   -0.001040,   -0.595924,  -0.000013957,   0.006564343,   0.000001635,   0.006564358
      0.602520,   -0.007902,   -4.527547,   0.000004648,   0.008647555,   0.000019396,   0.008647578
      2.401119,    0.006869,    3.935503,   0.000003995,   0.014684698,  -0.000006344,   0.014684700
      2.803241,    0.004792,    2.745583,   0.000014613,   0.008580249,   0.000020774,   0.008580287
     -2.402416,    0.001702,    0.975012,  -0.000015711,   0.001103655,   0.000015987,   0.001103883
      0.601875,   -0.008247,   -4.724993,   0.000005195,   0.006907324,   0.000030822,   0.006907395
     -5.012838,    0.001721,    0.985826,   0.000008761,   0.016876581,   0.000006598,   0.016876585
     -3.604680,   -0.001383,   -0.792414,  -0.000019042,   0.006040333,   0.000002277,   0.006040363
      2.200987,    0.006875,    3.938850,   0.000002119,   0.014793877,  -0.000004331,   0.014793878
      2.601987,    0.004792,    2.745805,   0.000013166,   0.007762771,   0.000021106,   0.007762811
      0.802634,   -0.007902,   -4.527442,   0.000006778,   0.008537681,   0.000021367,   0.008537710
     -5.012718,    0.001374,    0.787024,   0.000008320,   0.016768820,   0.000003915,   0.016768823
     -3.605122,   -0.001727,   -0.989522,  -0.000020449,   0.006131175,   0.000001024,   0.006131209
      2.602416,   -0.001377,   -0.788996,   0.000017906,   0.001156877,   0.000004657,   0.001157025
      0.802500,   -0.008247,   -4.724993,   0.000009132,   0.006909397,   0.000031806,   0.006909476
      2.602578,   -0.001037,   -0.594111,   0.000016119,   0.001410961,   0.000005840,   0.001411066
      1.999828,    0.006889,    3.946949,   0.000000000,   0.014742800,   0.000000000,   0.014742800
      2.401404,    0.004794,    2.746566,   0.000011195,   0.007190127,   0.000020071,   0.007190164
     -5.012233,    0.001025,    0.587135,   0.000008512,   0.017188094,   0.000001231,   0.017188096
     -3.605200,   -0.002071,   -1.186411,  -0.000017943,   0.006857457,  -0.000000164,   0.006857480
      1.797600,    0.006927,    3.968994,   0.000000000,   0.014742800,   0.000000000,   0.014742800
      1.002556,   -0.007902,   -4.527681,   0.000008553,   0.008918643,   0.000021357,   0.008918672
      2.201413,    0.004794,    2.746856,   0.000009407,   0.006832289,   0.000018069,   0.006832319
      2.601616,   -0.000696,   -0.398820,   0.000013707,   0.001837041,   0.000006121,   0.001837102
      1.003125,   -0.008247,   -4.724993,   0.000012822,   0.007275233,   0.000031889,   0.007275314
     -5.010819,    0.000675,    0.386927,   0.000009344,   0.018085920,  -0.000000468,   0.018085923
     -3.602964,   -0.002415,   -1.383897,  -0.000012069,   0.008173440,   0.000000518,   0.008173449
      1.599653,    0.006887,    3.945983,   0.000000000,   0.014742800,   0.000000000,   0.014742800
      2.000367,    0.004798,    2.748912,   0.000008372,   0.006608947,   0.000015971,   0.006608971
      2.601475,   -0.000355,   -0.203263,   0.000011597,   0.002227027,   0.000006202,   0.002227065
      1.203023,   -0.007902,   -4.527766,   0.000008694,   0.009765951,   0.000019160,   0.009765974
     -5.007737,    0.000330,    0.189163,   0.000009131,   0.018804720,  -0.000000807,   0.018804722
     -3.601296,   -0.002761,   -1.582126,  -0.000004989,   0.009659903,   0.000002175,   0.009659904
      1.203750,   -0.008247,   -4.724993,   0.000014653,   0.007969950,   0.000030961,   0.007970024
      1.399492,    0.006872,    3.937606,  -0.000001746,   0.014072541,  -0.000006106,   0.014072542
      1.800070,    0.004800,    2.749972,   0.000008014,   0.006342659,   0.000015050,   0.006342682
      2.602146,   -0.000013,   -0.007556,   0.000010660,   0.002404758,   0.000006736,   0.002404791
     -5.005342,   -0.000015,   -0.008855,   0.000007729,   0.018980961,  -0.000000574,   0.018980963
     -3.597586,   -0.003110,   -1.782007,   0.000000000,   0.010429600,   0.000000000,   0.010429600
      1.403764,   -0.007905,   -4.529143,   0.000007769,   0.010751599,   0.000016101,   0.010751614
      1.199372,    0.006867,    3.934661,   0.000001459,   0.012646507,  -0.000007798,   0.012646510
      1.600470,    0.004796,    2.747750,   0.000007978,   0.005940756,   0.000015564,   0.005940782
      2.603239,    0.000329,    0.188260,   0.000011163,   0.002326160,   0.000007855,   0.002326200
      1.404375,   -0.008247,   -4.724993,   0.000014258,   0.008823121,   0.000028989,   0.008823180
     -3.595200,   -0.003464,   -1.984497,   0.000000000,   0.010429600,   0.000000000,   0.010429600
     -5.007975,   -0.000362,   -0.207257,   0.000009108,   0.018818439,   0.000000097,   0.018818441
      1.000688,    0.006865,    3.933538,   0.000003090,   0.011471171,  -0.000007244,   0.011471174
      1.399635,    0.004791,    2.744925,   0.000007993,   0.005336066,   0.000017650,   0.005336101
      2.604642,    0.000671,    0.384238,   0.000012918,   0.002039474,   0.000009451,   0.002039537
      1.604470,   -0.007907,   -4.530524,   0.000007304,   0.011572893,   0.000013286,   0.011572903
     -5.011069,   -0.000709,   -0.405954,   0.000009398,   0.018087006,   0.000002271,   0.018087008
      1.605000,   -0.008247,   -4.724993,   0.000012970,   0.009589506,   0.000026763,   0.009589552
      3.595200,    0.003464,    1.984497,   0.000000000,   0.010375800,   0.000000000,   0.010375800
      0.799729,    0.006865,    3.933360,   0.000002115,   0.011040551,  -0.000006851,   0.011040553
      1.199906,    0.004786,    2.742251,   0.000007563,   0.004672428,   0.000020046,   0.004672477
      2.605621,    0.001014,    0.580692,   0.000015131,   0.001707273,   0.000011575,   0.001707379
     -5.012922,   -0.001055,   -0.604368,   0.000008612,   0.017166730,   0.000003753,   0.017166733
      1.805042,   -0.007909,   -4.531412,   0.000008222,   0.012051740,   0.000011942,   0.012051749
      0.599111,    0.006868,    3.935086,   0.000001113,   0.011395215,  -0.000006743,   0.011395217
      1.000343,    0.004785,    2.741513,   0.000006377,   0.004097610,   0.000021806,   0.004097673
      3.395428,    0.003437,    1.969090,   0.000000000,   0.010375800,   0.000000000,   0.010375800
      2.606220,    0.001357,    0.777628,   0.000016895,   0.001526461,   0.000014074,   0.001526620
      1.805625,   -0.008247,   -4.724993,   0.000012396,   0.010079203,   0.000025501,   0.010079242
     -5.013558,   -0.001401,   -0.802852,   0.000008090,   0.016683873,   0.000003033,   0.016683875
      0.399679,    0.006874,    3.938563,   0.000001363,   0.012099362,  -0.000004957,   0.012099363
      0.799511,    0.004786,    2.742266,   0.000004436,   0.003742605,   0.000022123,   0.003742673
      3.200268,    0.003427,    1.963474,  -0.000000040,   0.009377810,   0.000004010,   0.009377810
      2.005561,   -0.007907,   -4.530195,   0.000010165,   0.012135666,   0.000013279,   0.012135678
     -5.013914,   -0.001746,   -1.000639,   0.000008101,   0.016724378,   0.000000714,   0.016724380
      2.602450,   -0.001721,   -0.985912,   0.000018450,   0.001241586,   0.000002582,   0.001241726
      2.006250,   -0.008247,   -4.724993,   0.000013352,   0.010310605,   0.000025448,   0.010310645
      0.199698,    0.006888,    3.946728,   0.000000000,   0.012384700,   0.000000000,   0.012384700
      0.599258,    0.004788,    2.743490,   0.000002410,   0.003642141,   0.000020873,   0.003642202
      3.000186,    0.003420,    1.959687,   0.000006331,   0.007602185,   0.000010878,   0.007602196
     -5.013821,   -0.002092,   -1.198903,   0.000008270,   0.017308426,  -0.000001638,   0.017308428
      2.206124,   -0.007904,   -4.528654,   0.000012628,   0.012081296,   0.000015708,   0.012081313
      0.000000,    0.006927,    3.968994,   0.000000000,   0.012384700,   0.000000000,   0.012384700
      0.399368,    0.004793,    2.746175,   0.000000939,   0.003725328,   0.000018692,   0.003725375
      2.801829,    0.003418,    1.958365,   0.000010313,   0.006055112,   0.000015879,   0.006055141
     -2.406819,   -0.001711,   -0.980437,  -0.000016637,   0.000764115,   0.000001828,   0.000764298
      2.206875,   -0.008247,   -4.724993,   0.000015948,   0.010407305,   0.000026476,   0.010407351
     -5.013068,   -0.002438,   -1.397036,   0.000009070,   0.018392973,  -0.000002482,   0.018392976
     -0.200446,    0.006887,    3.946071,   0.000000000,   0.012384700,   0.000000000,   0.012384700
      0.198244,    0.004796,    2.748103,   0.000000282,   0.003866395,   0.000016554,   0.003866430
      2.602117,    0.003416,    1.957400,   0.000010323,   0.005088899,   0.000017156,   0.005088938
     -2.206953,   -0.001710,   -0.979704,  -0.000014518,   0.000459898,   0.000001687,   0.000460130
      2.407045,   -0.007902,   -4.527567,   0.000015377,   0.012151601,   0.000017867,   0.012151624
     -5.009620,   -0.002773,   -1.589020,   0.000010163,   0.019792122,  -0.000001621,   0.019792124
      2.407500,   -0.008247,   -4.724993,   0.000019891,   0.010589058,   0.000027707,   0.010589113
     -0.401931,    0.006873,    3.937654,  -0.000001382,   0.012086705,  -0.000004941,   0.012086706
     -0.002196,    0.004798,    2.748789,   0.000000126,   0.003910129,   0.000015814,   0.003910161
      2.401713,    0.003420,    1.959399,   0.000007834,   0.004730727,   0.000014489,   0.004730756
     -2.005406,   -0.001708,   -0.978891,  -0.000012621,   0.000222364,   0.000001536,   0.000222727
     -5.005455,   -0.003112,   -1.782763,   0.000009794,   0.020857314,  -0.000000450,   0.020857316
      2.607250,   -0.007902,   -4.527449,   0.000018130,   0.012522229,   0.000019215,   0.012522257
     -0.602567,    0.006867,    3.934682,  -0.000001004,   0.011343917,  -0.000006655,   0.011343919
     -0.202012,    0.004795,    2.747185,  -0.000000033,   0.003848012,   0.000016579,   0.003848047
      2.201152,    0.003424,    1.962042,   0.000004357,   0.004737676,   0.000008178,   0.004737685
     -1.805305,   -0.001707,   -0.977778,  -0.000011170,  -0.000066297,   0.000001487,   0.000067247
      2.608125,   -0.008247,   -4.724993,   0.000024159,   0.011044009,   0.000028400,   0.011044072
     -5.001638,   -0.003455,   -1.979408,   0.000006514,   0.021130190,   0.000000161,   0.021130191
     -0.801521,    0.006865,    3.933545,  -0.000001905,   0.010951156,  -0.000006667,   0.010951158
     -0.403138,    0.004791,    2.744853,  -0.000000692,   0.003690621,   0.000018735,   0.003690669
      1.999803,    0.003434,    1.967583,   0.000000000,   0.004695680,   0.000000000,   0.004695680
     -1.606001,   -0.001706,   -0.977602,  -0.000010290,  -0.000548448,   0.000001590,   0.000548547
      2.807157,   -0.007902,   -4.527674,   0.000019592,   0.013347202,   0.000018917,   0.013347230
     -5.004625,   -0.003798,   -2.175970,   0.000006152,   0.021152061,   0.000000970,   0.021152062
      2.808750,   -0.008247,   -4.724993,   0.000027298,   0.011847175,   0.000028252,   0.011847240
      1.797600,    0.003464,    1.984497,   0.000000000,   0.004695680,   0.000000000,   0.004695680
     -1.002474,    0.006865,    3.933345,  -0.000002921,   0.011338359,  -0.000006991,   0.011338362
     -0.603227,    0.004786,    2.742277,  -0.000002178,   0.003593874,   0.000020920,   0.003593936
     -1.407576,   -0.001706,   -0.977456,  -0.000009799,  -0.001170772,   0.000001846,   0.001170814
     -5.005451,   -0.004141,   -2.372630,   0.000006709,   0.021090040,   0.000000808,   0.021090041
      3.007571,   -0.007902,   -4.527767,   0.000018802,   0.014592759,   0.000016580,   0.014592780
     -1.202806,    0.006868,    3.935059,  -0.000001429,   0.012485734,  -0.000007505,   0.012485736
     -0.802826,    0.004785,    2.741472,  -0.000004217,   0.003683238,   0.000022146,   0.003683307
      1.599040,    0.003426,    1.962699,   0.000000000,   0.004695680,   0.000000000,   0.004695680
     -1.207406,   -0.001706,   -0.977508,  -0.000009364,  -0.001870510,   0.000002172,   0.001870535
      3.009375,   -0.008247,   -4.724993,   0.000028165,   0.012948995,   0.000027023,   0.012949054
     -5.007705,   -0.004484,   -2.569036,   0.000007349,   0.021290228,  -0.000001085,   0.021290229
     -1.401646,    0.006874,    3.938513,   0.000001637,   0.013874236,  -0.000005886,   0.013874238
     -1.003734,    0.004786,    2.742395,  -0.000006198,   0.004037493,   0.000021792,   0.004037557
      1.401509,    0.003411,    1.954365,  -0.000000816,   0.003990192,   0.000004901,   0.003990195
     -1.009250,   -0.001705,   -0.977108,  -0.000008326,  -0.002447815,   0.000002441,   0.002447830
      3.208292,   -0.007905,   -4.529153,   0.000017031,   0.015950639,   0.000013206,   0.015950653
     -5.008443,   -0.004827,   -2.765848,   0.000008399,   0.022083386,  -0.000003130,   0.022083388
      3.210000,   -0.008247,   -4.724993,   0.000027144,   0.014198684,   0.000024417,   0.014198730
     -1.600411,    0.006888,    3.946640,   0.000000000,   0.014536100,   0.000000000,   0.014536100
     -1.204135,    0.004789,    2.743706,  -0.000007442,   0.004610957,   0.000020010,   0.004611006
      1.201150,    0.003405,    1.950666,   0.000002876,   0.002623295,   0.000011913,   0.002623324
     -0.810253,   -0.001701,   -0.974503,  -0.000006587,  -0.002782833,   0.000002567,   0.002782842
     -5.007698,   -0.005171,   -2.962806,   0.000009766,   0.023411988,  -0.000004045,   0.023411991
      3.408993,   -0.007907,   -4.530510,   0.000016456,   0.017114643,   0.000010187,   0.017114654
     -1.797600,    0.006927,    3.968994,   0.000000000,   0.014536100,   0.000000000,   0.014536100
     -1.404071,    0.004792,    2.745639,  -0.000007924,   0.005267445,   0.000017617,   0.005267481
      1.001150,    0.003401,    1.948867,   0.000004747,   0.001512278,   0.000016813,   0.001512379
     -0.611541,   -0.001704,   -0.976392,  -0.000004618,  -0.002831413,   0.000002447,   0.002831418
      3.410625,   -0.008247,   -4.724993,   0.000026312,   0.015423292,   0.000021008,   0.015423329
     -5.008314,   -0.005515,   -3.160073,   0.000010964,   0.025204964,  -0.000002904,   0.025204967
     -2.000513,    0.006887,    3.946189,   0.000000000,   0.014536100,   0.000000000,   0.014536100
     -1.605208,    0.004796,    2.748082,  -0.000007977,   0.005868867,   0.000015549,   0.005868893
      0.802680,    0.003402,    1.949001,   0.000004048,   0.001077238,   0.000017539,   0.001077388
     -0.411743,   -0.001703,   -0.975989,  -0.000002890,  -0.002682300,   0.000002234,   0.002682303
      3.609586,   -0.007909,   -4.531393,   0.000018194,   0.018010656,   0.000008936,   0.018010668
     -5.007927,   -0.005860,   -3.357752,   0.000012450,   0.027343319,   0.000000603,   0.027343322
      3.611250,   -0.008247,   -4.724993,   0.000027598,   0.016514779,   0.000018411,   0.016514812
     -2.203319,    0.006873,    3.937732,  -0.000002158,   0.014602845,  -0.000004175,   0.014602846
     -1.805623,    0.004798,    2.748995,  -0.000008098,   0.006265492,   0.000015037,   0.006265515
      0.603151,    0.003404,    1.950439,   0.000002849,   0.001319994,   0.000013967,   0.001320071
     -0.210370,   -0.001705,   -0.976990,  -0.000001407,  -0.002501157,   0.000002013,   0.002501159
      3.810175,   -0.007907,   -4.530195,   0.000021393,   0.018751771,   0.000010492,   0.018751786
     -2.404479,    0.006867,    3.934727,  -0.000004115,   0.014515015,  -0.000006110,   0.014515017
      5.007719,    0.005850,    3.352012,  -0.000012913,   0.027849657,  -0.000006179,   0.027849660
     -2.005368,    0.004795,    2.747294,  -0.000008550,   0.006531606,   0.000015936,   0.006531631
      0.402481,    0.003411,    1.954330,   0.000002255,   0.001923563,   0.000007138,   0.001923578
     -0.009218,   -0.001704,   -0.976257,  -0.000000066,  -0.002401931,   0.000001928,   0.002401932
      3.811875,   -0.008247,   -4.724993,   0.000031128,   0.017552402,   0.000017856,   0.017552439
     -2.603699,    0.006865,    3.933580,  -0.000006180,   0.014812254,  -0.000006640,   0.014812256
      4.808354,    0.005847,    3.350177,  -0.000006858,   0.025938622,  -0.000004533,   0.025938623
     -2.206438,    0.004791,    2.744826,  -0.000009670,   0.006758911,   0.000017992,   0.006758942
      0.201402,    0.003425,    1.962476,   0.000000000,   0.002226330,   0.000000000,   0.002226330
      0.188251,   -0.001705,   -0.976925,   0.000001247,  -0.002486971,   0.000001997,   0.002486972
      4.010850,   -0.007904,   -4.528669,   0.000024507,   0.019664207,   0.000013843,   0.019664227
      4.012500,   -0.008247,   -4.724993,   0.000034945,   0.018692832,   0.000019544,   0.018692875
      0.000000,    0.003464,    1.984497,   0.000000000,   0.002226330,   0.000000000,   0.002226330
     -2.804660,    0.006865,    3.933350,  -0.000006313,   0.015820580,  -0.000007396,   0.015820583
      4.606834,    0.005845,    3.349100,   0.000000552,   0.023690776,  -0.000001294,   0.023690776
     -2.406940,    0.004791,    2.744822,  -0.000011524,   0.007126611,   0.000019964,   0.007126649
      0.390392,   -0.001705,   -0.976789,   0.000002710,  -0.002664535,   0.000002198,   0.002664538
      4.211057,   -0.007907,   -4.530278,   0.000025152,   0.020993366,   0.000017279,   0.020993388
     -3.004714,    0.006868,    3.935055,  -0.000002747,   0.017487668,  -0.000008149,   0.017487670
      4.406744,    0.005842,    3.347323,   0.000005671,   0.021650663,   0.000001492,   0.021650664
     -2.606445,    0.004792,    2.745620,  -0.000013506,   0.007713269,   0.000020958,   0.007713309
     -0.199849,    0.003422,    1.960696,   0.000000000,   0.002226330,   0.000000000,   0.002226330
      0.595590,   -0.001704,   -0.976173,   0.000004456,  -0.002830530,   0.000002433,   0.002830534
      4.213125,   -0.008247,   -4.724993,   0.000036826,   0.020085741,   0.000022409,   0.020085787
     -3.202965,    0.006874,    3.938476,   0.000002226,   0.019340730,  -0.000006598,   0.019340731
      4.206739,    0.005843,    3.347664,   0.000007789,   0.019990753,   0.000003458,   0.019990755
     -2.806682,    0.004794,    2.746891,  -0.000014937,   0.008543583,   0.000020611,   0.008543621
     -0.397952,    0.003408,    1.952360,  -0.000002263,   0.001910011,   0.000007045,   0.001910026
      0.797270,   -0.001704,   -0.976126,   0.000006446,  -0.002796303,   0.000002543,   0.002796311
      4.411399,   -0.007908,   -4.530740,   0.000022378,   0.022743253,   0.000019789,   0.022743272
      4.413750,   -0.008247,   -4.724993,   0.000034546,   0.021825862,   0.000024846,   0.021825903
     -3.400531,    0.006888,    3.946565,   0.000000000,   0.020340400,   0.000000000,   0.020340400
      4.006109,    0.005843,    3.347980,   0.000007559,   0.018761819,   0.000004578,   0.018761821
     -3.007006,    0.004799,    2.749432,  -0.000015385,   0.009562198,   0.000019043,   0.009562229
     -0.597031,    0.003402,    1.949033,  -0.000002813,   0.001302771,   0.000013870,   0.001302847
      0.997197,   -0.001703,   -0.975947,   0.000008213,  -0.002480004,   0.000002462,   0.002480018
      4.611766,   -0.007905,   -4.528998,   0.000015425,   0.024853545,   0.000020563,   0.024853558
     -3.595200,    0.006927,    3.968994,   0.000000000,   0.020340400,   0.000000000,   0.020340400
      3.804624,    0.005846,    3.349300,   0.000005929,   0.017993649,   0.000004210,   0.017993650
     -3.206997,    0.004805,    2.753254,  -0.000015279,   0.010620770,   0.000017034,   0.010620794
     -0.795940,    0.003399,    1.947581,  -0.000004015,   0.001053723,   0.000017467,   0.001053875
      1.198540,   -0.001708,   -0.978413,   0.000009296,  -0.001900776,   0.000002183,   0.001900800
      4.614375,   -0.008247,   -4.724993,   0.000026933,   0.023899134,   0.000025450,   0.023899163
     -3.800340,    0.006897,    3.951914,   0.000000000,   0.020340400,   0.000000000,   0.020340400
      3.603613,    0.005847,    3.349961,   0.000004950,   0.017433812,   0.000002942,   0.017433813
     -3.406607,    0.004811,    2.756352,  -0.000015076,   0.011607157,   0.000015191,   0.011607177
     -0.996458,    0.003401,    1.948352,  -0.000004763,   0.001492749,   0.000016789,   0.001492851
      1.399066,   -0.001711,   -0.980161,   0.000009730,  -0.001198653,   0.000001863,   0.001198694
      4.812338,   -0.007907,   -4.530385,   0.000004859,   0.027186365,   0.000018530,   0.027186372
     -4.003930,    0.006885,    3.945079,  -0.000003153,   0.021167602,  -0.000004374,   0.021167603
      4.815000,   -0.008247,   -4.724993,   0.000014605,   0.026154710,   0.000023175,   0.026154724
      3.402947,    0.005842,    3.346984,   0.000005780,   0.016661236,   0.000002258,   0.016661237
     -3.606757,    0.004817,    2.759651,  -0.000015142,   0.012459855,   0.000014497,   0.012459873
     -1.196698,    0.003404,    1.950335,  -0.000002906,   0.002614641,   0.000011903,   0.002614670
      1.600766,   -0.001715,   -0.982623,   0.000010210,  -0.000559912,   0.000001625,   0.000560008
     -4.205471,    0.006883,    3.943891,  -0.000004366,   0.022534031,  -0.000008772,   0.022534033
      5.012816,   -0.007908,   -4.531077,  -0.000005424,   0.029342169,   0.000013820,   0.029342173
      3.203361,    0.005836,    3.343763,   0.000007519,   0.015609593,   0.000002026,   0.015609595
     -3.807005,    0.004818,    2.760618,  -0.000015271,   0.013310528,   0.000014733,   0.013310545
     -1.396367,    0.003411,    1.954116,   0.000000842,   0.004000346,   0.000004950,   0.004000349
      1.801151,   -0.001715,   -0.982666,   0.000011071,  -0.000073665,   0.000001603,   0.000074510
      5.015625,   -0.008247,   -4.724993,   0.000000215,   0.028388126,   0.000017512,   0.028388131
     -4.406187,    0.006881,    3.942570,  -0.000003108,   0.024318404,  -0.000012048,   0.024318407
      3.002936,    0.005832,    3.341435,   0.000009816,   0.014263046,   0.000003621,   0.014263050
     -4.007338,    0.004820,    2.761384,  -0.000014976,   0.014336902,   0.000015326,   0.014336918
     -1.597965,    0.003427,    1.963750,   0.000000000,   0.004736660,   0.000000000,   0.004736660
      2.001440,   -0.001719,   -0.984688,   0.000012498,   0.000215487,   0.000001755,   0.000215857
      5.213316,   -0.007911,   -4.532390,  -0.000011985,   0.031009999,   0.000007639,   0.031010003
     -4.606329,    0.006881,    3.942564,   0.000000669,   0.026514596,  -0.000014562,   0.026514600
      5.216250,   -0.008247,   -4.724993,  -0.000011860,   0.030236261,   0.000010086,   0.030236265
     -1.797600,    0.003464,    1.984497,   0.000000000,   0.004736660,   0.000000000,   0.004736660
      2.801975,    0.005828,    3.339186,   0.000010812,   0.012934507,   0.000005923,   0.012934513
     -4.207665,    0.004819,    2.761060,  -0.000013563,   0.015660594,   0.000015264,   0.015660607
      2.201748,   -0.001719,   -0.984678,   0.000014364,   0.000444478,   0.000002063,   0.000444715
     -4.805770,    0.006883,    3.943721,   0.000006702,   0.029096972,  -0.000015857,   0.029096977
      5.414152,   -0.007912,   -4.533210,  -0.000014799,   0.031913798,   0.000001737,   0.031913802
      2.602580,    0.005827,    3.338524,   0.000009515,   0.012018341,   0.000006986,   0.012018347
     -1.999703,    0.003429,    1.964892,   0.000000000,   0.004736660,   0.000000000,   0.004736660
      2.401941,   -0.001719,   -0.985060,   0.000016477,   0.000738466,   0.000002382,   0.000738654
      5.416875,   -0.008247,   -4.724993,  -0.000018815,   0.031255292,   0.000003225,   0.031255298
      4.411319,   -0.001389,   -0.796053,   0.000016138,   0.010878579,   0.000004903,   0.010878592
     -5.004219,    0.006888,    3.946761,   0.000010443,   0.031689315,  -0.000012442,   0.031689319
      4.410465,   -0.001047,   -0.599741,   0.000014525,   0.011067544,   0.000006437,   0.011067556
      2.402507,    0.005826,    3.338227,   0.000006829,   0.011583614,   0.000006526,   0.011583618
     -2.201425,    0.003420,    1.959691,  -0.000004411,   0.004773944,   0.000008032,   0.004773952
      5.615328,   -0.007911,   -4.532648,  -0.000016384,   0.031616190,  -0.000002331,   0.031616195
     -2.401964,    0.001360,    0.779287,  -0.000014858,   0.000987207,   0.000013592,   0.000987413
     -5.200829,    0.006898,    3.952423,   0.000000000,   0.032869300,   0.000000000,   0.032869300
      5.617500,   -0.008247,   -4.724993,  -0.000023730,   0.031123657,  -0.000001769,   0.031123666
      2.201873,    0.005832,    3.341513,   0.000004457,   0.011510471,   0.000005360,   0.011510473
      4.409068,   -0.000701,   -0.401553,   0.000012256,   0.011385992,   0.000006603,   0.011386001
     -2.401811,    0.003416,    1.957127,  -0.000007925,   0.004759611,   0.000014251,   0.004759639
     -2.401333,    0.001019,    0.583953,  -0.000012753,   0.001214558,   0.000010854,   0.001214674
     -5.392800,    0.006927,    3.968994,   0.000000000,   0.032869300,   0.000000000,   0.032869300
      5.816720,   -0.007909,   -4.531729,  -0.000024571,   0.030078132,  -0.000004889,   0.030078142
      2.000633,    0.005837,    3.344591,   0.000003110,   0.011588296,   0.000003753,   0.011588297
      4.408383,   -0.000355,   -0.203530,   0.000010208,   0.011666740,   0.000005827,   0.011666746
     -2.602910,    0.003416,    1.957445,  -0.000010451,   0.005125131,   0.000016897,   0.005125170
      5.818125,   -0.008247,   -4.724993,  -0.000033568,   0.029643565,  -0.000004604,   0.029643585
     -2.400532,    0.000679,    0.389036,  -0.000010310,   0.001571138,   0.000008602,   0.001571195
      1.800117,    0.005840,    3.346166,   0.000002964,   0.011559852,   0.000002021,   0.011559853
      4.408346,   -0.000013,   -0.007251,   0.000009210,   0.011784457,   0.000004791,   0.011784462
     -2.802655,    0.003419,    1.958936,  -0.000010449,   0.006101347,   0.000015605,   0.006101376
      5.614937,   -0.001408,   -0.806654,  -0.000020210,   0.017666203,   0.000001146,   0.017666215
      6.017314,   -0.007908,   -4.531057,  -0.000043964,   0.027430535,  -0.000006118,   0.027430571
     -2.401053,    0.000339,    0.194202,  -0.000008412,   0.001882865,   0.000006793,   0.001882896
      5.613868,   -0.001062,   -0.608294,  -0.000015251,   0.018264105,   0.000000168,   0.018264111
      6.018750,   -0.008247,   -4.724993,  -0.000054185,   0.027013089,  -0.000005584,   0.027013143
      1.599714,    0.005836,    3.343827,   0.000003900,   0.011082143,   0.000002120,   0.011082144
      4.409687,    0.000334,    0.191171,   0.000009787,   0.011687809,   0.000004257,   0.011687814
     -3.002330,    0.003424,    1.961913,  -0.000006386,   0.007677482,   0.000010591,   0.007677492
     -2.401108,   -0.000001,   -0.000754,  -0.000007844,   0.002009762,   0.000005645,   0.002009785
      5.612042,   -0.000714,   -0.409337,  -0.000006094,   0.019336565,  -0.000002388,   0.019336566
      1.400249,    0.005831,    3.341116,   0.000005083,   0.010293688,   0.000002824,   0.010293690
      4.411555,    0.000679,    0.389299,   0.000011394,   0.011457597,   0.000004696,   0.011457604
     -3.201456,    0.003431,    1.965957,   0.000000052,   0.009462819,   0.000003865,   0.009462820
     -6.016147,    0.007564,    4.333919,   0.000042252,   0.027479386,   0.000016061,   0.027479423
     -2.402448,   -0.000342,   -0.195753,  -0.000008973,   0.001812095,   0.000005167,   0.001812125
      5.608012,   -0.000367,   -0.210345,   0.000000000,   0.020030200,   0.000000000,   0.020030200
      1.199897,    0.005828,    3.339261,   0.000005949,   0.009308278,   0.000004759,   0.009308281
      4.412665,    0.001024,    0.586652,   0.000013287,   0.011216094,   0.000006454,   0.011216104
     -3.399563,    0.003442,    1.972093,   0.000000000,   0.010478500,   0.000000000,   0.010478500
     -6.014340,    0.007222,    4.138098,   0.000035730,   0.027857527,   0.000014218,   0.027857554
     -2.403755,   -0.000684,   -0.391773,  -0.000011270,   0.001407015,   0.000005158,   0.001407070
      5.603053,   -0.000020,   -0.011706,   0.000000000,   0.020030200,   0.000000000,   0.020030200
      0.998919,    0.005825,    3.337443,   0.000005301,   0.008428983,   0.000007028,   0.008428988
      4.411495,    0.001367,    0.783485,   0.000014750,   0.011103200,   0.000009200,   0.011103214
     -6.013345,    0.006880,    3.941901,   0.000034455,   0.027753791,   0.000012211,   0.027753815
      3.606954,   -0.001381,   -0.791326,   0.000018641,   0.006087655,   0.000003186,   0.006087684
     -2.405347,   -0.001026,   -0.588056,  -0.000013945,   0.000947103,   0.000005008,   0.000947219
      5.608407,    0.000322,    0.184371,   0.000000000,   0.020030200,   0.000000000,   0.020030200
      3.606352,   -0.001035,   -0.593261,   0.000013397,   0.006731240,   0.000002142,   0.006731253
      0.799555,    0.005824,    3.337172,   0.000003067,   0.008031778,   0.000007624,   0.008031783
      4.410796,    0.001712,    0.980660,   0.000015233,   0.011260848,   0.000012101,   0.011260865
     -6.014233,    0.006537,    3.745158,   0.000041165,   0.026884433,   0.000013902,   0.026884468
     -2.406051,   -0.001369,   -0.784421,  -0.000016014,   0.000651699,   0.000003915,   0.000651908
      5.612420,    0.000665,    0.381099,  -0.000005868,   0.019390004,   0.000005713,   0.019390005
      3.605544,   -0.000691,   -0.395632,   0.000005997,   0.007625068,  -0.000000621,   0.007625071
      0.599492,    0.005825,    3.337226,   0.000000668,   0.008144971,   0.000006436,   0.008144973
      4.410500,    0.002054,    1.176884,   0.000014814,   0.011687368,   0.000014206,   0.011687386
     -6.015445,    0.006192,    3.548026,   0.000048866,   0.025557805,   0.000018538,   0.025557859
      5.615071,    0.001011,    0.579484,  -0.000014873,   0.018384803,   0.000007728,   0.018384811
      3.595200,    0.000000,    0.000000,   0.000000000,   0.008043550,   0.000000000,   0.008043550
      0.398874,    0.005831,    3.340803,  -0.000000535,   0.008557784,   0.000004759,   0.008557785
      4.408528,    0.002398,    1.373811,   0.000013539,   0.012315627,   0.000015000,   0.012315644
      2.406720,    0.001357,    0.777719,   0.000014963,   0.001019510,   0.000013344,   0.001019707
     -6.016792,    0.005848,    3.350681,   0.000055956,   0.023904150,   0.000025758,   0.023904229
      3.601234,    0.000338,    0.193609,   0.000000000,   0.008043550,   0.000000000,   0.008043550
      5.616082,    0.001353,    0.775388,  -0.000019951,   0.017837267,   0.000009435,   0.017837281
      0.197599,    0.005837,    3.344107,  -0.000000583,   0.008979457,   0.000003371,   0.008979458
      4.406240,    0.002742,    1.571334,   0.000011904,   0.013006214,   0.000014777,   0.013006228
      2.206796,    0.001358,    0.777933,   0.000012851,   0.000748221,   0.000012020,   0.000748428
     -6.017445,    0.005506,    3.154436,   0.000060873,   0.022181510,   0.000032940,   0.022181618
      3.602701,    0.000677,    0.388030,   0.000006358,   0.007713898,   0.000004068,   0.007713902
      5.615397,    0.001704,    0.976406,  -0.000021942,   0.017766178,   0.000010746,   0.017766195
     -0.002800,    0.005840,    3.345891,   0.000000044,   0.009194311,   0.000002344,   0.009194312
      4.405888,    0.003088,    1.769348,   0.000010395,   0.013644532,   0.000014243,   0.013644544
      2.005686,    0.001356,    0.777102,   0.000011071,   0.000571658,   0.000010761,   0.000571866
     -6.016939,    0.005161,    2.956825,   0.000060839,   0.020733829,   0.000037225,   0.020733952
      3.604869,    0.001021,    0.584792,   0.000012845,   0.006971598,   0.000006964,   0.006971613
      5.615518,    0.002050,    1.174585,  -0.000020392,   0.018318676,   0.000010235,   0.018318690
     -0.203206,    0.005836,    3.343690,   0.000000695,   0.008962156,   0.000003376,   0.008962157
      4.403777,    0.003432,    1.966477,   0.000009587,   0.014149923,   0.000013815,   0.014149933
      1.803940,    0.001358,    0.777911,   0.000009781,   0.000291671,   0.000010266,   0.000292016
     -6.016617,    0.004817,    2.759680,   0.000057679,   0.019577117,   0.000038970,   0.019577240
      3.605695,    0.001363,    0.780891,   0.000017482,   0.006442056,   0.000009774,   0.006442087
      5.614397,    0.002396,    1.372805,  -0.000015351,   0.019393636,   0.000007019,   0.019393644
     -0.402683,    0.005831,    3.341031,   0.000000696,   0.008534018,   0.000004743,   0.008534020
      4.404849,    0.003777,    2.164127,   0.000009634,   0.014635466,   0.000013947,   0.014635476
      1.605250,    0.001358,    0.778169,   0.000009018,  -0.000150079,   0.000010710,   0.000150730
     -6.016274,    0.004473,    2.562932,   0.000051672,   0.018767867,   0.000038198,   0.018767977
      3.605560,    0.001707,    0.978003,   0.000018999,   0.006446758,   0.000011934,   0.006446797
      5.612418,    0.002744,    1.572427,  -0.000005702,   0.020968358,   0.000000580,   0.020968359
     -0.603034,    0.005828,    3.339197,  -0.000000429,   0.008110976,   0.000006414,   0.008110979
      4.404911,    0.004122,    2.361753,   0.000009946,   0.015241142,   0.000014374,   0.015241152
      1.404972,    0.001358,    0.778349,   0.000008814,  -0.000825925,   0.000011965,   0.000826059
     -6.015593,    0.004130,    2.366157,   0.000044833,   0.018207517,   0.000035683,   0.018207607
      3.605544,    0.002053,    1.176448,   0.000017002,   0.007035364,   0.000011864,   0.007035395
      5.608656,    0.003094,    1.772527,   0.000000000,   0.022094500,   0.000000000,   0.022094500
     -0.804045,    0.005825,    3.337403,  -0.000002810,   0.007950670,   0.000007766,   0.007950674
      4.406542,    0.004467,    2.559320,   0.000010094,   0.016100870,   0.000014811,   0.016100880
      1.205853,    0.001358,    0.778334,   0.000008573,  -0.001561466,   0.000013473,   0.001561548
     -6.014175,    0.003786,    2.169296,   0.000038664,   0.017811170,   0.000031839,   0.017811240
      3.603108,    0.002400,    1.375312,   0.000011704,   0.008206118,   0.000007774,   0.008206130
      5.602714,    0.003438,    1.969998,   0.000000000,   0.022094500,   0.000000000,   0.022094500
     -1.003408,    0.005824,    3.337143,  -0.000005086,   0.008314256,   0.000007283,   0.008314261
      1.008767,    0.001357,    0.777460,   0.000007688,  -0.002170300,   0.000014550,   0.002170363
     -6.013452,    0.003442,    1.972286,   0.000036378,   0.017329044,   0.000028539,   0.017329106
      4.408734,   -0.004821,   -2.761999,   0.000014465,   0.016205653,  -0.000007560,   0.016205661
      3.601152,    0.002750,    1.575570,   0.000004576,   0.009600674,   0.000001109,   0.009600675
      5.607294,    0.003780,    2.165533,   0.000000000,   0.022094500,   0.000000000,   0.022094500
     -1.203453,    0.005825,    3.337202,  -0.000005848,   0.009145040,   0.000005174,   0.009145043
      0.810762,    0.001357,    0.777605,   0.000006012,  -0.002506558,   0.000014687,   0.002506608
     -6.014565,    0.003098,    1.775097,   0.000040690,   0.016493621,   0.000027900,   0.016493695
      4.407828,   -0.004478,   -2.565921,   0.000014369,   0.015223324,  -0.000005842,   0.015223332
      3.597261,    0.003103,    1.777811,   0.000000000,   0.010375800,   0.000000000,   0.010375800
      5.610446,    0.004123,    2.362465,  -0.000012186,   0.022441653,   0.000005441,   0.022441657
     -1.404043,    0.005831,    3.340769,  -0.000005073,   0.010127511,   0.000003186,   0.010127513
      0.611436,    0.001357,    0.777480,   0.000004086,  -0.002530334,   0.000013769,   0.002530375
     -6.015986,    0.002754,    1.577817,   0.000046351,   0.015506860,   0.000028842,   0.015506956
      4.407095,   -0.004138,   -2.370906,   0.000013159,   0.014569897,  -0.000004172,   0.014569904
      5.611834,    0.004466,    2.558820,  -0.000019724,   0.023018037,   0.000007481,   0.023018046
      3.595200,   -0.003464,   -1.984497,   0.000000000,   0.010096200,   0.000000000,   0.010096200
     -1.605352,    0.005837,    3.344075,  -0.000003952,   0.010919253,   0.000002411,   0.010919254
      0.410528,    0.001359,    0.778486,   0.000002444,  -0.002342503,   0.000012269,   0.002342536
     -6.017205,    0.002409,    1.380529,   0.000052294,   0.014464732,   0.000030057,   0.014464858
      4.406078,   -0.003797,   -2.175456,   0.000011491,   0.014135577,  -0.000003440,   0.014135582
      5.612407,    0.004810,    2.755833,  -0.000024593,   0.023985939,   0.000007265,   0.023985953
     -1.805646,    0.005840,    3.345901,  -0.000003120,   0.011386855,   0.000002299,   0.011386856
      3.600854,   -0.003116,   -1.785209,   0.000000000,   0.010096200,   0.000000000,   0.010096200
      0.208919,    0.001357,    0.777757,   0.000001178,  -0.002107618,   0.000010892,   0.002107646
     -6.017980,    0.002066,    1.183622,   0.000056978,   0.013592202,   0.000030086,   0.013592355
      4.405756,   -0.003457,   -1.980824,   0.000010218,   0.013782612,  -0.000003520,   0.013782616
      5.612299,    0.005155,    2.953730,  -0.000026730,   0.025278421,   0.000005665,   0.025278436
     -2.006051,    0.005836,    3.343741,  -0.000003359,   0.011415312,   0.000004019,   0.011415313
      3.602325,   -0.002766,   -1.584638,   0.000005205,   0.009362036,   0.000002231,   0.009362038
      0.009142,    0.001359,    0.778863,   0.000000038,  -0.002024061,   0.000010351,   0.002024087
     -6.017403,    0.001720,    0.985672,   0.000057955,   0.013151888,   0.000028075,   0.013152045
      4.407109,   -0.003115,   -1.784908,   0.000010312,   0.013331426,  -0.000003792,   0.013331431
      5.612157,    0.005501,    3.151635,  -0.000025544,   0.026965590,   0.000001991,   0.026965602
     -2.205550,    0.005831,    3.341086,  -0.000004762,   0.011354570,   0.000005591,   0.011354573
      3.604913,   -0.002418,   -1.385228,   0.000012302,   0.007938708,   0.000000929,   0.007938718
     -0.191232,    0.001359,    0.778838,  -0.000001105,  -0.002092843,   0.000010813,   0.002092871
     -6.017038,    0.001376,    0.788252,   0.000056583,   0.013094616,   0.000025007,   0.013094763
      4.407713,   -0.002769,   -1.586250,   0.000011762,   0.012700130,  -0.000003620,   0.012700136
      5.610229,    0.005848,    3.350884,  -0.000020475,   0.028963856,  -0.000002947,   0.028963863
     -2.405911,    0.005828,    3.339244,  -0.000007140,   0.011454274,   0.000006696,   0.011454279
      3.606520,   -0.002072,   -1.187412,   0.000017980,   0.006704305,   0.000000648,   0.006704330
     -0.396291,    0.001359,    0.778798,  -0.000002373,  -0.002324595,   0.000012154,   0.002324628
     -6.016756,    0.001032,    0.591130,   0.000052403,   0.013410402,   0.000021534,   0.013410522
      4.407577,   -0.002425,   -1.389675,   0.000013878,   0.011976403,  -0.000002614,   0.011976411
     -2.606972,    0.005825,    3.337450,  -0.000009848,   0.011888918,   0.000007229,   0.011888925
      5.608868,    0.006197,    3.550713,  -0.000009048,   0.031341638,  -0.000009840,   0.031341641
      3.606151,   -0.001726,   -0.988910,   0.000020263,   0.006068245,   0.000002031,   0.006068280
     -0.596193,    0.001359,    0.778595,  -0.000003985,  -0.002519161,   0.000013672,   0.002519201
     -6.015867,    0.000688,    0.394007,   0.000048022,   0.013844739,   0.000018195,   0.013844835
      4.408596,   -0.002080,   -1.191945,   0.000015750,   0.011334900,  -0.000000569,   0.011334911
     -2.806340,    0.005824,    3.337182,  -0.000011118,   0.012808031,   0.000006229,   0.012808037
      5.606654,    0.006546,    3.750462,   0.000000000,   0.032855800,   0.000000000,   0.032855800
     -0.797760,    0.001357,    0.777768,  -0.000005921,  -0.002511208,   0.000014651,   0.002511257
     -6.014424,    0.000344,    0.196831,   0.000044246,   0.014225941,   0.000014931,   0.014226018
      4.409334,   -0.001735,   -0.993806,   0.000016567,   0.010945647,   0.000002250,   0.010945659
     -3.395044,   -0.003446,   -1.974149,   0.000000000,   0.010429600,   0.000000000,   0.010429600
     -3.007049,    0.005830,    3.340541,  -0.000010082,   0.014146425,   0.000003934,   0.014146429
     -0.998716,    0.001358,    0.778309,  -0.000007654,  -0.002186030,   0.000014592,   0.002186092
      5.602739,   -0.006904,   -3.955895,   0.000000000,   0.032451700,   0.000000000,   0.032451700
     -6.013615,   -0.000001,   -0.000351,   0.000041818,   0.014408986,   0.000011886,   0.014409051
     -3.200069,   -0.003438,   -1.969695,   0.000000136,   0.009411883,  -0.000000938,   0.009411883
     -3.207740,    0.005841,    3.346384,  -0.000007699,   0.015533729,   0.000002209,   0.015533731
     -4.205957,   -0.004823,   -2.763488,  -0.000018046,   0.014898165,  -0.000008111,   0.014898178
     -1.199331,    0.001360,    0.779066,  -0.000008575,  -0.001571396,   0.000013529,   0.001571478
      5.607804,   -0.006561,   -3.759078,   0.000000000,   0.032451700,   0.000000000,   0.032451700
     -6.014762,   -0.000345,   -0.197559,   0.000044709,   0.014154640,   0.000009768,   0.014154714
     -3.000207,   -0.003435,   -1.968052,  -0.000006586,   0.007542661,  -0.000002475,   0.007542665
     -3.408022,    0.005847,    3.349970,  -0.000005954,   0.016597950,   0.000002387,   0.016597951
     -4.005705,   -0.004822,   -2.762581,  -0.000019264,   0.013563021,  -0.000008393,   0.013563038
     -1.399498,    0.001361,    0.779726,  -0.000008814,  -0.000830702,   0.000012032,   0.000830836
      5.611353,   -0.006217,   -3.561809,  -0.000005092,   0.030844064,   0.000007447,   0.030844066
     -6.016139,   -0.000689,   -0.394933,   0.000048845,   0.013709865,   0.000008409,   0.013709955
     -2.802231,   -0.003428,   -1.964178,  -0.000010961,   0.005892113,  -0.000003714,   0.005892125
     -3.607587,    0.005853,    3.353619,  -0.000005185,   0.017378062,   0.000003022,   0.017378063
     -3.804250,   -0.004821,   -2.762255,  -0.000019097,   0.012498541,  -0.000008600,   0.012498558
     -1.600136,    0.001363,    0.780719,  -0.000008999,  -0.000148452,   0.000010790,   0.000149116
      5.613815,   -0.005870,   -3.363253,  -0.000016260,   0.028268941,   0.000001739,   0.028268946
     -6.017390,   -0.001034,   -0.592520,   0.000053612,   0.013204670,   0.000007303,   0.013204781
     -2.602887,   -0.003431,   -1.965867,  -0.000010943,   0.004875191,  -0.000004125,   0.004875205
     -3.807597,    0.005851,    3.352441,  -0.000006231,   0.017943004,   0.000004283,   0.017943006
     -3.603610,   -0.004815,   -2.758948,  -0.000018420,   0.011567293,  -0.000008939,   0.011567311
     -1.800963,    0.001363,    0.781158,  -0.000009746,   0.000302018,   0.000010351,   0.000302352
      5.614353,   -0.005526,   -3.166058,  -0.000021887,   0.026082095,  -0.000002467,   0.026082104
     -6.018188,   -0.001380,   -0.790791,   0.000058005,   0.012832375,   0.000005667,   0.012832507
     -2.402955,   -0.003429,   -1.964739,  -0.000008157,   0.004511703,  -0.000003511,   0.004511712
     -4.007609,    0.005853,    3.353317,  -0.000007817,   0.018739503,   0.000004595,   0.018739505
     -3.403815,   -0.004814,   -2.757961,  -0.000018011,   0.010658530,  -0.000009429,   0.010658550
     -2.001163,    0.001364,    0.781298,  -0.000011010,   0.000577171,   0.000010880,   0.000577379
      5.613720,   -0.005181,   -2.968577,  -0.000023712,   0.024302340,  -0.000004747,   0.024302352
     -6.017497,   -0.001726,   -0.988896,   0.000058995,   0.012892484,   0.000003080,   0.012892620
     -2.202699,   -0.003430,   -1.965522,  -0.000004291,   0.004561872,  -0.000002102,   0.004561875
     -4.207764,    0.005850,    3.351957,  -0.000008007,   0.019973129,   0.000003546,   0.019973131
     -3.202861,   -0.004805,   -2.753329,  -0.000018182,   0.009601732,  -0.000010041,   0.009601755
     -2.201409,    0.001362,    0.780162,  -0.000012736,   0.000741830,   0.000012159,   0.000742039
      5.613968,   -0.004838,   -2.771750,  -0.000022087,   0.023070501,  -0.000004958,   0.023070512
     -6.017356,   -0.002070,   -1.186148,   0.000057523,   0.013351010,   0.000000316,   0.013351134
     -2.000977,   -0.003438,   -1.969941,   0.000000000,   0.004543100,   0.000000000,   0.004543100
     -4.408154,    0.005849,    3.351499,  -0.000005786,   0.021650681,   0.000001625,   0.021650681
     -3.003026,   -0.004801,   -2.750625,  -0.000018478,   0.008512566,  -0.000010532,   0.008512592
      5.612764,   -0.004496,   -2.576001,  -0.000017571,   0.022308375,  -0.000004288,   0.022308382
     -6.017179,   -0.002414,   -1.383386,   0.000052603,   0.014227698,  -0.000001843,   0.014227795
     -1.797600,   -0.003464,   -1.984497,   0.000000000,   0.004543100,   0.000000000,   0.004543100
      2.402170,   -0.001376,   -0.788583,   0.000015942,   0.000651576,   0.000004430,   0.000651787
     -4.608478,    0.005851,    3.352629,  -0.000000582,   0.023698179,  -0.000001051,   0.023698179
      2.402009,   -0.001036,   -0.593354,   0.000013949,   0.000969526,   0.000005396,   0.000969642
     -2.803105,   -0.004799,   -2.749442,  -0.000018251,   0.007484666,  -0.000010863,   0.007484696
      5.611116,   -0.004153,   -2.379646,  -0.000010163,   0.022016980,  -0.000003007,   0.022016983
     -6.015956,   -0.002759,   -1.580541,   0.000046697,   0.015264183,  -0.000003333,   0.015264255
     -1.599828,   -0.003426,   -1.963223,   0.000000000,   0.004543100,   0.000000000,   0.004543100
     -4.808732,    0.005852,    3.352870,   0.000006861,   0.025932034,  -0.000004165,   0.025932035
     -2.601872,   -0.004798,   -2.749269,  -0.000016940,   0.006657963,  -0.000010800,   0.006657994
      2.401254,   -0.000695,   -0.398396,   0.000011327,   0.001448366,   0.000005395,   0.001448420
      5.607794,   -0.003810,   -2.182874,   0.000000000,   0.021855300,   0.000000000,   0.021855300
     -6.014480,   -0.003103,   -1.777611,   0.000041248,   0.016222342,  -0.000004755,   0.016222395
     -1.402647,   -0.003412,   -1.954922,   0.000000803,   0.003823965,  -0.000001157,   0.003823965
     -2.401300,   -0.004799,   -2.749431,  -0.000014907,   0.006090510,  -0.000010347,   0.006090537
      2.400933,   -0.000354,   -0.203063,   0.000009032,   0.001870884,   0.000005252,   0.001870913
      5.009753,   -0.001399,   -0.801761,  -0.000007518,   0.016512455,   0.000003193,   0.016512458
      5.602861,   -0.003469,   -1.987660,   0.000000000,   0.021855300,   0.000000000,   0.021855300
     -6.013710,   -0.003446,   -1.974652,   0.000036929,   0.016994645,  -0.000006948,   0.016994686
     -1.202455,   -0.003406,   -1.951315,  -0.000003019,   0.002382031,  -0.000002611,   0.002382035
      5.012393,   -0.001052,   -0.602920,  -0.000008133,   0.017073805,   0.000003684,   0.017073808
     -2.201316,   -0.004798,   -2.749206,  -0.000012807,   0.005738128,  -0.000009674,   0.005738151
      2.401935,   -0.000014,   -0.007742,   0.000007887,   0.002082075,   0.000005619,   0.002082098
      5.608624,   -0.003125,   -1.790766,   0.000000000,   0.021855300,   0.000000000,   0.021855300
     -6.014837,   -0.003790,   -2.171724,   0.000038793,   0.017378983,  -0.000010293,   0.017379029
     -1.002407,   -0.003403,   -1.949598,  -0.000004977,   0.001205803,  -0.000003778,   0.001205819
      5.009772,   -0.000706,   -0.404377,  -0.000008922,   0.018022024,   0.000002049,   0.018022026
     -2.000273,   -0.004801,   -2.750749,  -0.000011191,   0.005501605,  -0.000009128,   0.005501624
      2.402014,    0.000329,    0.188412,   0.000008432,   0.001958411,   0.000006664,   0.001958440
      5.612438,   -0.002781,   -1.593588,  -0.000004631,   0.020774607,   0.000002605,   0.020774608
     -6.016304,   -0.004134,   -2.368843,   0.000043954,   0.017659535,  -0.000013719,   0.017659595
     -0.803665,   -0.003403,   -1.949748,  -0.000004062,   0.000766101,  -0.000003986,   0.000766122
      5.007683,   -0.000360,   -0.206029,  -0.000008766,   0.018774063,  -0.000000148,   0.018774065
     -1.799995,   -0.004802,   -2.751272,  -0.000010130,   0.005198479,  -0.000009067,   0.005198497
      2.404066,    0.000672,    0.385005,   0.000010379,   0.001638031,   0.000008419,   0.001638086
      5.614517,   -0.002439,   -1.397402,  -0.000014378,   0.019220643,   0.000000752,   0.019220649
     -6.016191,   -0.004478,   -2.565626,   0.000049647,   0.018103544,  -0.000016544,   0.018103620
     -0.603458,   -0.003405,   -1.951011,  -0.000002715,   0.001075616,  -0.000003162,   0.001075625
      5.006200,   -0.000013,   -0.007575,  -0.000007506,   0.018953146,  -0.000000648,   0.018953148
     -1.600418,   -0.004797,   -2.748659,  -0.000009523,   0.004758025,  -0.000009395,   0.004758043
      2.405506,    0.001015,    0.581661,   0.000012852,   0.001264812,   0.000010625,   0.001264922
      5.614925,   -0.002098,   -1.201806,  -0.000019824,   0.018141819,   0.000000259,   0.018141830
     -6.015581,   -0.004821,   -2.762228,   0.000054533,   0.018836293,  -0.000018498,   0.018836381
     -0.402257,   -0.003412,   -1.954848,  -0.000002134,   0.001780658,  -0.000001716,   0.001780660
      5.008996,    0.000332,    0.190292,  -0.000008943,   0.018779931,  -0.000000732,   0.018779933
     -1.399600,   -0.004792,   -2.745548,  -0.000009258,   0.004117726,  -0.000010163,   0.004117749
      5.615172,   -0.001752,   -1.003701,  -0.000021848,   0.017576616,   0.000000833,   0.017576630
     -6.016262,   -0.005164,   -2.959026,   0.000056378,   0.019997293,  -0.000018893,   0.019997381
     -0.201135,   -0.003426,   -1.962743,   0.000000000,   0.002122040,   0.000000000,   0.002122040
      5.011854,    0.000675,    0.386983,  -0.000009205,   0.018052966,  -0.000000294,   0.018052968
     -1.199883,   -0.004787,   -2.742664,  -0.000008774,   0.003434479,  -0.000010960,   0.003434508
     -2.205910,   -0.001368,   -0.783645,  -0.000013786,   0.000389984,   0.000003593,   0.000390244
     -6.016004,   -0.005508,   -3.155881,   0.000054661,   0.021579259,  -0.000016983,   0.021579334
      0.000000,   -0.003464,   -1.984497,   0.000000000,   0.002122040,   0.000000000,   0.002122040
      5.013599,    0.001021,    0.585254,  -0.000008388,   0.017147153,   0.000001368,   0.017147155
     -5.392800,   -0.006927,   -3.968994,   0.000000000,   0.032648500,   0.000000000,   0.032648500
     -1.000329,   -0.004785,   -2.741771,  -0.000007620,   0.002859951,  -0.000011543,   0.002859984
     -2.005149,   -0.001366,   -0.782601,  -0.000011816,   0.000222677,   0.000003146,   0.000223012
     -6.016133,   -0.005852,   -3.352680,   0.000048351,   0.023505892,  -0.000012420,   0.023505945
      0.199937,   -0.003422,   -1.960698,   0.000000000,   0.002122040,   0.000000000,   0.002122040
      5.013957,    0.001365,    0.782223,  -0.000008145,   0.016697331,   0.000003986,   0.016697333
     -5.199504,   -0.006897,   -3.951905,   0.000000000,   0.032648500,   0.000000000,   0.032648500
     -0.799502,   -0.004786,   -2.742418,  -0.000005721,   0.002528091,  -0.000011634,   0.002528124
     -1.804198,   -0.001365,   -0.782337,  -0.000010292,  -0.000051045,   0.000002924,   0.000052154
     -6.015292,   -0.006195,   -3.549637,   0.000040562,   0.025385301,  -0.000007579,   0.025385335
      0.398041,   -0.003408,   -1.952360,   0.000002126,   0.001771441,  -0.000001692,   0.001771444
      5.014019,    0.001711,    0.980238,  -0.000008505,   0.016760864,   0.000006682,   0.016760868
     -5.000817,   -0.006888,   -3.946476,   0.000009699,   0.031505564,   0.000005534,   0.031505566
     -0.599251,   -0.004788,   -2.743575,  -0.000003663,   0.002468277,  -0.000011192,   0.002468305
     -1.606105,   -0.001366,   -0.782660,  -0.000009372,  -0.000489326,   0.000002979,   0.000489425
     -6.013751,   -0.006538,   -3.746025,   0.000033179,   0.026911450,  -0.000004705,   0.026911471
      0.597094,   -0.003402,   -1.949027,   0.000002701,   0.001070064,  -0.000003171,   0.001070073
     -0.399362,   -0.004793,   -2.746222,  -0.000001984,   0.002596353,  -0.000010467,   0.002596375
      5.014206,    0.002058,    1.179256,  -0.000008819,   0.017337217,   0.000007955,   0.017337221
     -4.803318,   -0.006883,   -3.943813,   0.000006520,   0.029007470,   0.000008124,   0.029007472
     -1.406037,   -0.001367,   -0.783359,  -0.000009112,  -0.001166933,   0.000003488,   0.001166974
     -6.013309,   -0.006880,   -3.942168,   0.000027738,   0.027918843,  -0.000004278,   0.027918857
      0.795979,   -0.003399,   -1.947576,   0.000004038,   0.000754377,  -0.000004019,   0.000754398
     -0.198239,   -0.004796,   -2.748127,  -0.000000832,   0.002774290,  -0.000009774,   0.002774307
      5.013044,    0.002402,    1.376314,  -0.000009349,   0.018348989,   0.000006719,   0.018348992
     -4.603620,   -0.006884,   -3.944286,   0.000000489,   0.026450732,   0.000008272,   0.026450734
     -1.207411,   -0.001366,   -0.782937,  -0.000008881,  -0.001902179,   0.000004065,   0.001902204
     -6.014422,   -0.007223,   -4.138452,   0.000029672,   0.028164760,  -0.000005714,   0.028164777
      0.996485,   -0.003401,   -1.948344,   0.000004992,   0.001189936,  -0.000003827,   0.001189953
      0.002201,   -0.004798,   -2.748801,   0.000000056,   0.002834704,  -0.000009570,   0.002834720
      5.008932,    0.002745,    1.572800,  -0.000009805,   0.019688782,   0.000003100,   0.019688784
     -4.404289,   -0.006881,   -3.942450,  -0.000003474,   0.024237559,   0.000007285,   0.024237560
     -1.009386,   -0.001363,   -0.780802,  -0.000008017,  -0.002516544,   0.000004494,   0.002516561
     -6.016117,   -0.007564,   -4.334135,   0.000035980,   0.027964878,  -0.000006351,   0.027964902
      1.196784,   -0.003404,   -1.950329,   0.000003063,   0.002366315,  -0.000002623,   0.002366319
      0.202017,   -0.004795,   -2.747191,   0.000000944,   0.002777370,  -0.000009812,   0.002777387
      5.005885,    0.003090,    1.770384,  -0.000009242,   0.020731183,  -0.000000425,   0.020731185
     -4.204018,   -0.006883,   -3.943930,  -0.000005014,   0.022381322,   0.000005640,   0.022381323
     -0.810936,   -0.001363,   -0.780936,  -0.000006360,  -0.002855822,   0.000004616,   0.002855833
      1.396384,   -0.003411,   -1.954115,  -0.000000811,   0.003817497,  -0.000001160,   0.003817497
      0.403142,   -0.004791,   -2.744856,   0.000002102,   0.002607714,  -0.000010543,   0.002607736
      5.002222,    0.003436,    1.968629,  -0.000006207,   0.020988407,  -0.000000611,   0.020988408
     -4.002304,   -0.006888,   -3.946415,  -0.000003613,   0.020898307,   0.000002947,   0.020898307
      6.016110,    0.007562,    4.332482,  -0.000042015,   0.027474403,   0.000015954,   0.027474440
     -0.611308,   -0.001364,   -0.781756,  -0.000004429,  -0.002876376,   0.000004414,   0.002876383
      1.598006,   -0.003429,   -1.964825,   0.000000000,   0.004560740,   0.000000000,   0.004560740
      0.603230,   -0.004786,   -2.742278,   0.000003781,   0.002494167,  -0.000011298,   0.002494195
      5.004793,    0.003782,    2.166849,  -0.000006084,   0.021063487,  -0.000000289,   0.021063488
     -3.799612,   -0.006898,   -3.952175,   0.000000000,   0.020025100,   0.000000000,   0.020025100
      5.814271,    0.007565,    4.334167,  -0.000016073,   0.030686955,   0.000008860,   0.030686961
     -0.410216,   -0.001363,   -0.781138,  -0.000002742,  -0.002676907,   0.000003981,   0.002676911
      1.797600,   -0.003464,   -1.984497,   0.000000000,   0.004560740,   0.000000000,   0.004560740
      0.802829,   -0.004785,   -2.741473,   0.000005794,   0.002572523,  -0.000011748,   0.002572557
      5.006402,    0.004125,    2.363570,  -0.000007570,   0.021211806,   0.000001145,   0.021211807
     -3.595200,   -0.006927,   -3.968994,   0.000000000,   0.020025100,   0.000000000,   0.020025100
      5.612646,    0.007571,    4.337603,  -0.000008993,   0.032405760,   0.000003542,   0.032405761
     -0.208557,   -0.001363,   -0.781008,  -0.000001376,  -0.002431602,   0.000003479,   0.002431605
      1.999671,   -0.003437,   -1.969464,   0.000000000,   0.004560740,   0.000000000,   0.004560740
      1.003737,   -0.004786,   -2.742395,   0.000007609,   0.002929949,  -0.000011657,   0.002929983
      5.008026,    0.004469,    2.560489,  -0.000009431,   0.021690431,   0.000003336,   0.021690433
     -3.399672,   -0.006891,   -3.948170,   0.000000000,   0.020025100,   0.000000000,   0.020025100
      5.411361,    0.007574,    4.339722,  -0.000010678,   0.032679433,  -0.000000116,   0.032679435
     -0.008755,   -0.001364,   -0.781617,  -0.000000063,  -0.002344268,   0.000003319,   0.002344271
      2.201285,   -0.003431,   -1.965864,   0.000004218,   0.004540756,  -0.000001990,   0.004540758
      1.204136,   -0.004789,   -2.743706,   0.000008647,   0.003522473,  -0.000011056,   0.003522501
      5.009133,    0.004814,    2.758098,  -0.000011276,   0.022712369,   0.000003723,   0.022712372
     -3.200971,   -0.006877,   -3.940005,   0.000001536,   0.019076927,   0.000002858,   0.019076928
      5.210924,    0.007571,    4.337760,  -0.000016211,   0.032165697,  -0.000005197,   0.032165702
      0.191750,   -0.001365,   -0.781978,   0.000001252,  -0.002419026,   0.000003443,   0.002419028
      2.401570,   -0.003429,   -1.964824,   0.000007913,   0.004413499,  -0.000003372,   0.004413507
      1.404072,   -0.004792,   -2.745639,   0.000008989,   0.004208808,  -0.000010234,   0.004208830
      5.008079,    0.005159,    2.955794,  -0.000012584,   0.024133090,   0.000002222,   0.024133094
     -3.001443,   -0.006871,   -3.936736,  -0.000003310,   0.017296511,   0.000004649,   0.017296512
      5.008689,    0.007563,    4.333001,  -0.000014343,   0.030576980,  -0.000013067,   0.030576986
      0.396454,   -0.001366,   -0.782452,   0.000002629,  -0.002663732,   0.000003937,   0.002663736
      2.602658,   -0.003431,   -1.965753,   0.000010689,   0.004700861,  -0.000004002,   0.004700875
      1.605209,   -0.004796,   -2.748082,   0.000009127,   0.004842405,  -0.000009453,   0.004842423
      5.009888,    0.005505,    3.153965,  -0.000012963,   0.025886724,  -0.000001122,   0.025886727
     -2.803040,   -0.006868,   -3.935147,  -0.000006906,   0.015684566,   0.000005329,   0.015684569
      4.809601,    0.007560,    4.331515,  -0.000005372,   0.028136835,  -0.000018237,   0.028136841
      0.595549,   -0.001365,   -0.781844,   0.000004266,  -0.002868176,   0.000004382,   0.002868182
      2.802243,   -0.003432,   -1.966117,   0.000010853,   0.005657526,  -0.000003648,   0.005657538
      1.805624,   -0.004798,   -2.748995,   0.000009615,   0.005258489,  -0.000009127,   0.005258506
     -2.601962,   -0.006867,   -3.934521,  -0.000006928,   0.014671846,   0.000005266,   0.014671848
      4.607988,    0.007562,    4.332697,   0.000003378,   0.025711908,  -0.000018789,   0.025711915
      0.797542,   -0.001363,   -0.780956,   0.000006204,  -0.002866978,   0.000004608,   0.002866989
      5.009754,   -0.005861,   -3.358228,  -0.000012452,   0.027073068,   0.000000635,   0.027073071
      3.001796,   -0.003437,   -1.969378,   0.000006635,   0.007267820,  -0.000002452,   0.007267824
      2.005369,   -0.004795,   -2.747294,   0.000010561,   0.005523602,  -0.000009211,   0.005523620
     -2.401074,   -0.006869,   -3.935893,  -0.000004817,   0.014317737,   0.000004507,   0.014317739
      4.407540,    0.007560,    4.331511,   0.000009144,   0.023612568,  -0.000016491,   0.023612576
      0.997966,   -0.001365,   -0.782016,   0.000007910,  -0.002545250,   0.000004499,   0.002545266
      5.010030,   -0.005515,   -3.159970,  -0.000010924,   0.024911546,  -0.000002912,   0.024911549
      3.200858,   -0.003443,   -1.972895,   0.000000045,   0.009090979,  -0.000001010,   0.009090979
      2.206438,   -0.004791,   -2.744826,   0.000012076,   0.005710321,  -0.000009792,   0.005710343
     -2.200914,   -0.006875,   -3.939103,  -0.000002324,   0.014304832,   0.000002553,   0.014304832
      4.207381,    0.007562,    4.332483,   0.000011523,   0.021918507,  -0.000012792,   0.021918514
      1.199253,   -0.001369,   -0.784227,   0.000008812,  -0.001930257,   0.000004087,   0.001930282
      5.010296,   -0.005173,   -2.964067,  -0.000009697,   0.023120124,  -0.000004109,   0.023120127
      3.399032,   -0.003450,   -1.976644,   0.000000000,   0.010096200,   0.000000000,   0.010096200
      2.406979,   -0.004791,   -2.745230,   0.000014140,   0.006010732,  -0.000010506,   0.006010757
     -1.999792,   -0.006889,   -3.947090,   0.000000000,   0.014192100,   0.000000000,   0.014192100
      4.007018,    0.007565,    4.334185,   0.000010644,   0.020756044,  -0.000008276,   0.020756048
      1.399533,   -0.001370,   -0.784963,   0.000009045,  -0.001190367,   0.000003528,   0.001190407
      5.010895,   -0.004828,   -2.766326,  -0.000008272,   0.021764561,  -0.000003237,   0.021764562
      2.606400,   -0.004793,   -2.746153,   0.000016209,   0.006523780,  -0.000010980,   0.006523809
      3.601330,   -0.000346,   -0.198440,   0.000000000,   0.008043550,   0.000000000,   0.008043550
     -1.797600,   -0.006927,   -3.968994,   0.000000000,   0.014192100,   0.000000000,   0.014192100
      3.806545,    0.007569,    4.336886,   0.000008286,   0.020118478,  -0.000003500,   0.020118480
      1.600467,   -0.001372,   -0.786223,   0.000009306,  -0.000510079,   0.000003045,   0.000510173
      3.401213,   -0.000349,   -0.199764,   0.000000000,   0.008043550,   0.000000000,   0.008043550
      5.010284,   -0.004483,   -2.568507,  -0.000007162,   0.020950054,  -0.000001200,   0.020950055
      2.806718,   -0.004795,   -2.747105,   0.000017656,   0.007295601,  -0.000011042,   0.007295631
      3.399014,   -0.000008,   -0.004397,   0.000000000,   0.008043550,   0.000000000,   0.008043550
     -1.599640,   -0.006887,   -3.946002,   0.000000000,   0.014192100,   0.000000000,   0.014192100
      3.606184,    0.007574,    4.339704,   0.000004212,   0.019904286,  -0.000000124,   0.019904286
      1.800850,   -0.001375,   -0.787879,   0.000010240,  -0.000066124,   0.000003045,   0.000066981
      5.009139,   -0.004140,   -2.371959,  -0.000006512,   0.020744697,   0.000000702,   0.020744698
      3.007116,   -0.004801,   -2.750664,   0.000018089,   0.008290298,  -0.000010702,   0.008290325
     -1.399477,   -0.006872,   -3.937619,   0.000001235,   0.013590521,   0.000002905,   0.013590521
      3.406145,    0.007568,    4.336068,   0.000000726,   0.019477572,  -0.000000074,   0.019477572
     -3.402231,    0.003091,    1.770911,   0.000000000,   0.010478500,   0.000000000,   0.010478500
      2.001271,   -0.001376,   -0.788248,   0.000011756,   0.000211569,   0.000003359,   0.000211922
      5.006621,   -0.003800,   -2.177355,  -0.000005972,   0.020786458,   0.000000872,   0.020786459
      3.207125,   -0.004807,   -2.754419,   0.000017975,   0.009349508,  -0.000010182,   0.009349530
     -1.199359,   -0.006867,   -3.934669,  -0.000001514,   0.012286539,   0.000005013,   0.012286540
      3.204456,    0.007561,    4.332287,   0.000002650,   0.018117017,  -0.000004380,   0.018117017
     -3.404169,    0.002741,    1.570687,  -0.000002506,   0.009264897,   0.000000040,   0.009264897
      2.201721,   -0.001378,   -0.789535,   0.000013721,   0.000383508,   0.000003934,   0.000383773
      5.004562,   -0.003457,   -1.980663,  -0.000006397,   0.020782464,   0.000000050,   0.020782465
      3.406701,   -0.004812,   -2.757296,   0.000017934,   0.010366834,  -0.000009517,   0.010366854
     -1.000677,   -0.006865,   -3.933541,  -0.000003019,   0.011193374,   0.000005841,   0.011193376
      3.005392,    0.007558,    4.330314,   0.000007765,   0.016328464,  -0.000008486,   0.016328468
     -3.404946,    0.002393,    1.371117,  -0.000010789,   0.007442194,   0.000008166,   0.007442207
      5.007212,   -0.003117,   -1.786028,  -0.000009570,   0.020512411,  -0.000000612,   0.020512413
     -2.200756,    0.001022,    0.585489,  -0.000010496,   0.001081043,   0.000009169,   0.001081133
      3.606846,   -0.004818,   -2.760517,   0.000018435,   0.011273249,  -0.000009018,   0.011273268
     -0.799720,   -0.006865,   -3.933361,  -0.000002217,   0.010796018,   0.000005803,   0.010796020
      2.805400,    0.007557,    4.330069,   0.000010529,   0.014870589,  -0.000009939,   0.014870596
     -3.406745,    0.002048,    1.173433,  -0.000016460,   0.006153401,   0.000012480,   0.006153436
      5.010068,   -0.002773,   -1.588673,  -0.000009981,   0.019440153,  -0.000001741,   0.019440156
     -2.200819,    0.000681,    0.390306,  -0.000007291,   0.001653307,   0.000006279,   0.001653335
      3.807115,   -0.004820,   -2.761576,   0.000019140,   0.012184905,  -0.000008646,   0.012184923
     -0.599103,   -0.006868,   -3.935087,  -0.000001295,   0.011127614,   0.000004925,   0.011127615
      2.604350,    0.007557,    4.329962,   0.000010456,   0.013933294,  -0.000009609,   0.013933301
     -3.405176,    0.001700,    0.974041,  -0.000018885,   0.005427258,   0.000012988,   0.005427306
      5.011435,   -0.002431,   -1.392734,  -0.000008759,   0.018038228,  -0.000002465,   0.018038230
     -2.200735,    0.000341,    0.195302,  -0.000004971,   0.002068527,   0.000004551,   0.002068538
      4.007453,   -0.004822,   -2.762514,   0.000019314,   0.013245463,  -0.000008451,   0.013245479
     -0.399670,   -0.006874,   -3.938563,  -0.000001206,   0.011757902,   0.000002803,   0.011757902
      2.404025,    0.007559,    4.330928,   0.000008686,   0.013584604,  -0.000008017,   0.013584609
     -3.406839,    0.001354,    0.775802,  -0.000017528,   0.005413461,   0.000010858,   0.005413501
      5.012222,   -0.002088,   -1.196096,  -0.000007899,   0.017023100,  -0.000001440,   0.017023102
     -2.200687,   -0.000000,   -0.000206,  -0.000004214,   0.002170804,   0.000003001,   0.002170810
      4.207795,   -0.004821,   -2.762072,   0.000018095,   0.014573410,  -0.000008182,   0.014573423
     -0.199696,   -0.006888,   -3.946728,   0.000000000,   0.012001800,   0.000000000,   0.012001800
      2.203743,    0.007562,    4.332836,   0.000006702,   0.013763570,  -0.000004966,   0.013763572
     -3.406073,    0.001010,    0.578692,  -0.000012864,   0.005969292,   0.000008146,   0.005969312
      5.010697,   -0.001743,   -0.998949,  -0.000007609,   0.016496383,   0.000000959,   0.016496385
     -2.201671,   -0.000341,   -0.195636,  -0.000005580,   0.002035985,   0.000002552,   0.002035994
      0.000000,   -0.006927,   -3.968994,   0.000000000,   0.012001800,   0.000000000,   0.012001800
      2.003367,    0.007568,    4.336296,   0.000004863,   0.014012708,  -0.000001574,   0.014012708
     -3.405013,    0.000666,    0.381849,  -0.000005246,   0.007063043,   0.000005740,   0.007063048
     -4.207046,    0.004476,    2.564317,  -0.000013329,   0.014501955,   0.000015490,   0.014501969
     -2.202408,   -0.000683,   -0.391195,  -0.000008372,   0.001515260,   0.000003249,   0.001515287
     -4.807703,   -0.005858,   -3.356402,   0.000006216,   0.025404718,  -0.000000571,   0.025404719
      0.200449,   -0.006887,   -3.946071,   0.000000000,   0.012001800,   0.000000000,   0.012001800
      1.802961,    0.007574,    4.339407,   0.000002029,   0.014060771,   0.000000386,   0.014060771
     -3.403547,    0.000323,    0.185260,   0.000000000,   0.007761710,   0.000000000,   0.007761710
     -4.206119,    0.004132,    2.367428,  -0.000012140,   0.013609283,   0.000014990,   0.013609296
     -2.204264,   -0.001026,   -0.587610,  -0.000011585,   0.000810751,   0.000004111,   0.000810844
     -4.605473,   -0.005855,   -3.354611,  -0.000001792,   0.023135949,  -0.000002039,   0.023135949
      0.401934,   -0.006873,   -3.937654,   0.000001183,   0.011781874,   0.000002841,   0.011781875
      1.602595,    0.007567,    4.335776,  -0.000000698,   0.013771037,  -0.000000297,   0.013771037
     -3.395977,   -0.000009,   -0.004919,   0.000000000,   0.007761710,   0.000000000,   0.007761710
     -4.205397,    0.003788,    2.170301,  -0.000010493,   0.013021206,   0.000014023,   0.013021218
     -4.405446,   -0.005853,   -3.353740,  -0.000007413,   0.021104072,  -0.000002868,   0.021104073
      0.602571,   -0.006867,   -3.934682,   0.000001330,   0.011180352,   0.000005008,   0.011180353
      1.400863,    0.007561,    4.332087,   0.000000195,   0.012722038,  -0.000004307,   0.012722038
     -3.396686,   -0.000348,   -0.199454,   0.000000000,   0.007761710,   0.000000000,   0.007761710
      2.204629,    0.001015,    0.581601,   0.000010560,   0.001098164,   0.000009027,   0.001098252
     -4.204861,    0.003445,    1.973623,  -0.000009994,   0.012600167,   0.000013889,   0.012600179
     -4.205796,   -0.005851,   -3.352207,  -0.000010041,   0.019432213,  -0.000003311,   0.019432216
      0.801524,   -0.006865,   -3.933545,   0.000002284,   0.010885920,   0.000005903,   0.010885922
      1.201534,    0.007558,    4.330176,   0.000003390,   0.011320279,  -0.000008301,   0.011320283
     -3.400574,   -0.000693,   -0.397155,  -0.000004607,   0.006985242,  -0.000001963,   0.006985243
      2.002778,    0.001016,    0.582190,   0.000008577,   0.001053589,   0.000007676,   0.001053652
     -4.205748,    0.003097,    1.774707,  -0.000011318,   0.012159033,   0.000013817,   0.012159046
     -4.005395,   -0.005853,   -3.353395,  -0.000010102,   0.018205941,  -0.000003318,   0.018205944
      1.002477,   -0.006865,   -3.933345,   0.000003050,   0.011312496,   0.000005958,   0.011312498
      1.001645,    0.007557,    4.329934,   0.000004595,   0.010312556,  -0.000009853,   0.010312562
     -3.403906,   -0.001036,   -0.593720,  -0.000012865,   0.005772652,   0.000001440,   0.005772667
      1.802587,    0.001017,    0.582614,   0.000007239,   0.000931400,   0.000007306,   0.000931457
     -4.207428,    0.002751,    1.576022,  -0.000013733,   0.011572476,   0.000014282,   0.011572493
     -3.803982,   -0.005853,   -3.353720,  -0.000008459,   0.017408099,  -0.000002598,   0.017408102
      1.202808,   -0.006868,   -3.935059,   0.000001452,   0.012443254,   0.000005129,   0.012443255
      0.800714,    0.007557,    4.329838,   0.000003865,   0.009908580,  -0.000009649,   0.009908585
     -3.404387,   -0.001379,   -0.790277,  -0.000018242,   0.005130764,   0.000002231,   0.005130797
      1.602311,    0.001018,    0.583551,   0.000006650,   0.000461166,   0.000007925,   0.000461282
     -4.207946,    0.002401,    1.375853,  -0.000016592,   0.010834642,   0.000014761,   0.010834665
     -3.603043,   -0.005853,   -3.353687,  -0.000007051,   0.016785925,  -0.000001700,   0.016785926
      1.401648,   -0.006874,   -3.938513,  -0.000001316,   0.013761704,   0.000002989,   0.013761704
      0.600471,    0.007559,    4.330821,   0.000002883,   0.010142986,  -0.000007954,   0.010142989
     -3.405538,   -0.001723,   -0.987265,  -0.000019916,   0.005149720,   0.000001004,   0.005149758
      1.405060,    0.001019,    0.583984,   0.000006838,  -0.000275318,   0.000009276,   0.000275559
     -4.209235,    0.002056,    1.177737,  -0.000018639,   0.010160514,   0.000014442,   0.010160542
     -3.402509,   -0.005847,   -3.350068,  -0.000007477,   0.015916499,  -0.000001677,   0.015916500
      1.600412,   -0.006888,   -3.946640,   0.000000000,   0.014372200,   0.000000000,   0.014372200
      0.400380,    0.007562,    4.332726,   0.000002923,   0.010887143,  -0.000004388,   0.010887144
     -3.404455,   -0.002067,   -1.184258,  -0.000017430,   0.005921376,  -0.000000149,   0.005921402
      1.208515,    0.001018,    0.583357,   0.000007339,  -0.001166323,   0.000010853,   0.001166397
     -4.210158,    0.001708,    0.978516,  -0.000019320,   0.009696756,   0.000012761,   0.009696783
     -3.203090,   -0.005840,   -3.346170,  -0.000009160,   0.014774206,  -0.000001861,   0.014774209
      1.797600,   -0.006927,   -3.968994,   0.000000000,   0.014372200,   0.000000000,   0.014372200
      0.200112,    0.007568,    4.336232,   0.000002385,   0.011513835,  -0.000000815,   0.011513836
     -3.404772,   -0.002411,   -1.381612,  -0.000011489,   0.007320677,   0.000000602,   0.007320687
      1.009315,    0.001017,    0.582585,   0.000006964,  -0.001940212,   0.000012054,   0.001940262
     -4.209728,    0.001360,    0.779334,  -0.000018540,   0.009492584,   0.000010082,   0.009492607
     -3.002811,   -0.005835,   -3.343411,  -0.000011655,   0.013379988,  -0.000002899,   0.013379994
      2.000513,   -0.006887,   -3.946189,   0.000000000,   0.014372200,   0.000000000,   0.014372200
     -0.000313,    0.007574,    4.339389,   0.000000062,   0.011680093,   0.000000466,   0.011680093
     -3.402703,   -0.002757,   -1.579383,  -0.000002853,   0.009213908,   0.000003466,   0.009213909
      0.809360,    0.001017,    0.582857,   0.000005303,  -0.002295557,   0.000012197,   0.002295595
     -4.208941,    0.001016,    0.581912,  -0.000016337,   0.009516787,   0.000007256,   0.009516803
     -2.801952,   -0.005831,   -3.340955,  -0.000012928,   0.012047301,  -0.000004076,   0.012047309
      2.203319,   -0.006873,   -3.937732,   0.000002259,   0.014445305,   0.000002575,   0.014445305
     -0.200886,    0.007567,    4.335790,  -0.000002254,   0.011511405,  -0.000000744,   0.011511406
     -3.400839,   -0.003102,   -1.777425,   0.000000000,   0.010429600,   0.000000000,   0.010429600
      0.609327,    0.001018,    0.583399,   0.000003360,  -0.002197600,   0.000011138,   0.002197631
     -4.207641,    0.000669,    0.383171,  -0.000013402,   0.009661523,   0.000005315,   0.009661533
     -2.602613,   -0.005830,   -3.340109,  -0.000011851,   0.011149001,  -0.000004409,   0.011149008
      2.404479,   -0.006867,   -3.934727,   0.000004569,   0.014357290,   0.000004530,   0.014357292
     -0.402568,    0.007561,    4.332124,  -0.000002740,   0.010864653,  -0.000004289,   0.010864654
      0.408285,    0.001018,    0.583114,   0.000001969,  -0.001854570,   0.000009428,   0.001854595
     -4.206660,    0.000322,    0.184774,  -0.000010805,   0.009816883,   0.000004536,   0.009816890
      3.399680,    0.003091,    1.771169,   0.000000000,   0.010375800,   0.000000000,   0.010375800
     -2.402557,   -0.005829,   -3.339551,  -0.000009387,   0.010732567,  -0.000003942,   0.010732571
      2.603699,   -0.006865,   -3.933580,   0.000006640,   0.014599792,   0.000005239,   0.014599795
     -0.602114,    0.007558,    4.330194,  -0.000002585,   0.010092461,  -0.000007805,   0.010092464
      0.207522,    0.001019,    0.583603,   0.000000934,  -0.001511645,   0.000007960,   0.001511666
     -4.206505,   -0.000021,   -0.012279,  -0.000009973,   0.009884393,   0.000005066,   0.009884400
      3.201026,    0.003084,    1.766848,   0.000000102,   0.009021471,   0.000001754,   0.009021471
     -2.201913,   -0.005834,   -3.342522,  -0.000007028,   0.010669199,  -0.000003192,   0.010669202
      2.804661,   -0.006865,   -3.933350,   0.000006824,   0.015514389,   0.000005262,   0.015514392
     -0.801927,    0.007557,    4.329937,  -0.000003518,   0.009816452,  -0.000009455,   0.009816457
      0.006552,    0.001018,    0.583541,   0.000000021,  -0.001331954,   0.000007405,   0.001331974
     -4.208368,   -0.000367,   -0.210504,  -0.000011564,   0.009813280,   0.000005872,   0.009813289
      3.002721,    0.003079,    1.764291,   0.000007181,   0.007012962,   0.000010009,   0.007012973
     -2.000656,   -0.005839,   -3.345295,  -0.000005307,   0.010740203,  -0.000002139,   0.010740205
      3.004714,   -0.006868,   -3.935055,   0.000003481,   0.017063988,   0.000004566,   0.017063989
     -1.002836,    0.007557,    4.329834,  -0.000004313,   0.010181371,  -0.000009623,   0.010181377
     -0.196555,    0.001020,    0.584461,  -0.000000904,  -0.001499468,   0.000007905,   0.001499490
     -4.210494,   -0.000715,   -0.409640,  -0.000014710,   0.009620487,   0.000006318,   0.009620500
      2.803416,    0.003074,    1.761228,   0.000011111,   0.005439468,   0.000015180,   0.005439500
     -1.800127,   -0.005841,   -3.346617,  -0.000004409,   0.010684445,  -0.000001017,   0.010684446
      3.202965,   -0.006874,   -3.938476,  -0.000001245,   0.018779716,   0.000002810,   0.018779716
     -1.203031,    0.007559,    4.330810,  -0.000003272,   0.011150373,  -0.000008089,   0.011150376
     -0.397027,    0.001020,    0.584603,  -0.000001934,  -0.001835528,   0.000009349,   0.001835553
     -4.211948,   -0.001062,   -0.608755,  -0.000017958,   0.009410626,   0.000005722,   0.009410645
      2.603945,    0.003077,    1.762727,   0.000011266,   0.004480214,   0.000016606,   0.004480259
     -1.599717,   -0.005837,   -3.344099,  -0.000004628,   0.010161280,  -0.000001416,   0.010161281
      3.400531,   -0.006888,   -3.946565,   0.000000000,   0.019704600,   0.000000000,   0.019704600
     -1.403026,    0.007562,    4.332698,  -0.000000237,   0.012528898,  -0.000004160,   0.012528898
     -0.598403,    0.001019,    0.583597,  -0.000003290,  -0.002180461,   0.000011047,   0.002180491
     -4.209911,   -0.001403,   -0.803835,  -0.000020051,   0.009317850,   0.000004000,   0.009317872
      2.403654,    0.003075,    1.761569,   0.000009106,   0.004151965,   0.000013988,   0.004151998
     -1.400250,   -0.005832,   -3.341273,  -0.000005456,   0.009338091,  -0.000002033,   0.009338093
      3.595200,   -0.006927,   -3.968994,   0.000000000,   0.019704600,   0.000000000,   0.019704600
     -1.603204,    0.007568,    4.336204,   0.000000616,   0.013559943,  -0.000000258,   0.013559943
     -0.798904,    0.001018,    0.583156,  -0.000005226,  -0.002296811,   0.000012167,   0.002296849
     -4.208297,   -0.001744,   -0.999447,  -0.000020420,   0.009495991,   0.000001585,   0.009496013
      2.203354,    0.003078,    1.763749,   0.000005966,   0.004458604,   0.000007430,   0.004458614
     -1.199896,   -0.005828,   -3.339347,  -0.000006266,   0.008349143,  -0.000003182,   0.008349146
      3.800416,   -0.006896,   -3.950938,   0.000000000,   0.019704600,   0.000000000,   0.019704600
     -1.803633,    0.007574,    4.339381,  -0.000002062,   0.013852268,   0.000000404,   0.013852268
     -0.998700,    0.001019,    0.583862,  -0.000006928,  -0.001963850,   0.000012102,   0.001963899
      2.002139,    0.003084,    1.766818,   0.000000000,   0.004695680,   0.000000000,   0.004695680
     -4.208342,   -0.002082,   -1.193020,  -0.000019058,   0.009983299,  -0.000000776,   0.009983317
     -0.998918,   -0.005825,   -3.337489,  -0.000005769,   0.007495722,  -0.000004419,   0.007495726
      4.003998,   -0.006885,   -3.944675,   0.000003679,   0.020591388,   0.000002916,   0.020591388
     -2.004384,    0.007567,    4.335816,  -0.000004881,   0.013807824,  -0.000001538,   0.013807825
     -1.199494,    0.001020,    0.584273,  -0.000007359,  -0.001195736,   0.000010932,   0.001195809
      1.800880,    0.003092,    1.771419,   0.000000000,   0.004695680,   0.000000000,   0.004695680
     -4.206727,   -0.002425,   -1.389359,  -0.000016249,   0.010697229,  -0.000002519,   0.010697242
     -0.799554,   -0.005825,   -3.337196,  -0.000003758,   0.007142129,  -0.000004609,   0.007142131
      4.205556,   -0.006883,   -3.943841,   0.000005084,   0.022094997,   0.000005634,   0.022094998
     -2.206016,    0.007561,    4.332168,  -0.000006760,   0.013572293,  -0.000004878,   0.013572296
     -1.400041,    0.001021,    0.585057,  -0.000006855,  -0.000286116,   0.000009324,   0.000286350
      1.601076,    0.003074,    1.761553,   0.000000000,   0.004695680,   0.000000000,   0.004695680
     -4.205314,   -0.002767,   -1.585434,  -0.000013055,   0.011443510,  -0.000003477,   0.011443518
     -0.599490,   -0.005825,   -3.337238,  -0.000001642,   0.007302971,  -0.000003790,   0.007302973
      4.406227,   -0.006882,   -3.943092,   0.000003475,   0.023978268,   0.000007320,   0.023978270
     -2.405753,    0.007558,    4.330215,  -0.000008796,   0.013416124,  -0.000007841,   0.013416129
     -1.600235,    0.001022,    0.585451,  -0.000006649,   0.000465181,   0.000007968,   0.000465297
      1.402490,    0.003064,    1.755721,  -0.000001075,   0.003642063,   0.000002813,   0.003642064
     -4.203950,   -0.003109,   -1.781509,  -0.000010775,   0.012024385,  -0.000003891,   0.012024390
     -0.398872,   -0.005831,   -3.340809,  -0.000000505,   0.007761784,  -0.000002757,   0.007761785
      4.606347,   -0.006883,   -3.943420,  -0.000000581,   0.026215895,   0.000008318,   0.026215896
     -2.605490,    0.007557,    4.329948,  -0.000010592,   0.013778020,  -0.000009399,   0.013778027
     -1.800516,    0.001023,    0.586258,  -0.000007246,   0.000933376,   0.000007381,   0.000933433
      1.203519,    0.003059,    1.752890,   0.000003361,   0.001999581,   0.000011209,   0.001999615
     -4.203116,   -0.003452,   -1.977723,  -0.000010324,   0.012419150,  -0.000003798,   0.012419155
     -0.197597,   -0.005837,   -3.344109,  -0.000000117,   0.008218321,  -0.000001841,   0.008218322
      4.805773,   -0.006886,   -3.945185,  -0.000006617,   0.028788329,   0.000008245,   0.028788331
     -2.806378,    0.007557,    4.329839,  -0.000010658,   0.014728047,  -0.000009733,   0.014728054
     -2.000676,    0.001023,    0.586215,  -0.000008567,   0.001052034,   0.000007775,   0.001052098
      1.004687,    0.003058,    1.751858,   0.000005150,   0.000877480,   0.000016153,   0.000877644
     -4.203394,   -0.003794,   -2.173816,  -0.000012156,   0.012736663,  -0.000003688,   0.012736669
      0.002803,   -0.005840,   -3.345893,  -0.000000018,   0.008453198,  -0.000001052,   0.008453198
      5.004194,   -0.006891,   -3.948532,  -0.000009775,   0.031311947,   0.000005606,   0.031311949
     -3.006527,    0.007559,    4.330807,  -0.000007896,   0.016191084,  -0.000008332,   0.016191088
      0.804801,    0.003058,    1.751882,   0.000004488,   0.000428999,   0.000016963,   0.000429357
     -4.204531,   -0.004137,   -2.370363,  -0.000015122,   0.013173552,  -0.000004592,   0.013173561
      2.201143,   -0.001037,   -0.594007,   0.000011594,   0.000812387,   0.000004377,   0.000812482
      0.203208,   -0.005836,   -3.343690,   0.000000098,   0.008221189,  -0.000001870,   0.008221189
      5.200785,   -0.006901,   -3.954230,   0.000000000,   0.032451700,   0.000000000,   0.032451700
     -3.206428,    0.007562,    4.332673,  -0.000002751,   0.017992960,  -0.000004283,   0.017992961
      0.605257,    0.003060,    1.753471,   0.000003374,   0.000698720,   0.000013391,   0.000698856
     -4.205114,   -0.004480,   -2.566844,  -0.000017389,   0.013879694,  -0.000006330,   0.013879706
      2.200714,   -0.000695,   -0.397960,   0.000008411,   0.001524427,   0.000003417,   0.001524454
      5.392800,   -0.006927,   -3.968994,   0.000000000,   0.032451700,   0.000000000,   0.032451700
      0.402685,   -0.005831,   -3.341031,   0.000000525,   0.007790911,  -0.000002770,   0.007790912
     -3.406521,    0.007568,    4.336176,  -0.000000777,   0.019355558,  -0.000000057,   0.019355558
      0.405566,    0.003067,    1.757125,   0.000003244,   0.001600512,   0.000005839,   0.001600526
      2.200438,   -0.000352,   -0.201902,   0.000005572,   0.002054041,   0.000002632,   0.002054051
      4.205490,    0.004467,    2.559301,   0.000013008,   0.014412124,   0.000015930,   0.014412138
      0.603036,   -0.005828,   -3.339197,   0.000001706,   0.007373407,  -0.000003743,   0.007373408
     -3.606956,    0.007574,    4.339365,  -0.000004252,   0.019797477,  -0.000000108,   0.019797477
     -5.404858,    0.006564,    3.760963,   0.000000000,   0.032869300,   0.000000000,   0.032869300
      0.204598,    0.003077,    1.762990,   0.000000000,   0.002226330,   0.000000000,   0.002226330
      2.200455,   -0.000010,   -0.005972,   0.000004186,   0.002191308,   0.000003005,   0.002191314
      4.004968,    0.004468,    2.559691,   0.000014087,   0.013071019,   0.000015074,   0.013071035
      0.804047,   -0.005825,   -3.337403,   0.000003855,   0.007223222,  -0.000004603,   0.007223224
     -3.807885,    0.007567,    4.335837,  -0.000008351,   0.020022059,  -0.000003467,   0.020022061
      0.002558,    0.003091,    1.770907,   0.000000000,   0.002226330,   0.000000000,   0.002226330
     -5.409791,    0.006210,    3.557879,   0.000010443,   0.031894877,  -0.000009453,   0.031894880
      2.201076,    0.000331,    0.189685,   0.000004923,   0.002092198,   0.000004483,   0.002092208
      3.803692,    0.004468,    2.560213,   0.000013728,   0.012147097,   0.000013083,   0.012147112
      1.003410,   -0.005824,   -3.337143,   0.000005804,   0.007602805,  -0.000004409,   0.007602808
     -4.008364,    0.007565,    4.334486,  -0.000010733,   0.020677666,  -0.000008196,   0.020677670
     -0.196510,    0.003073,    1.760908,   0.000000000,   0.002226330,   0.000000000,   0.002226330
     -5.412216,    0.005860,    3.357784,   0.000017790,   0.029775372,  -0.000006982,   0.029775379
      2.202263,    0.000674,    0.386031,   0.000007288,   0.001675578,   0.000006173,   0.001675605
      3.603600,    0.004466,    2.558712,   0.000013395,   0.011476272,   0.000012011,   0.011476286
      1.203454,   -0.005825,   -3.337202,   0.000006203,   0.008458007,  -0.000003199,   0.008458009
     -4.209089,    0.007566,    4.335204,  -0.000011593,   0.021866110,  -0.000012662,   0.021866117
     -0.395402,    0.003063,    1.754763,  -0.000003223,   0.001602818,   0.000005613,   0.001602831
     -5.413092,    0.005514,    3.159552,   0.000021482,   0.027686395,  -0.000002442,   0.027686403
      3.403000,    0.004463,    2.556925,   0.000013016,   0.010766609,   0.000013155,   0.010766625
      1.404045,   -0.005831,   -3.340769,   0.000005272,   0.009479631,  -0.000001978,   0.009479633
     -4.409060,    0.007565,    4.334387,  -0.000009100,   0.023584702,  -0.000016327,   0.023584709
     -2.002872,   -0.001024,   -0.586961,  -0.000009273,   0.000800998,   0.000002845,   0.000801057
     -0.593973,    0.003058,    1.751828,  -0.000003349,   0.000697263,   0.000013176,   0.000697396
     -5.412581,    0.005168,    2.961016,   0.000022372,   0.026021370,  -0.000000094,   0.026021380
      3.203697,    0.004455,    2.552400,   0.000013087,   0.009862567,   0.000015562,   0.009862588
      1.605353,   -0.005837,   -3.344075,   0.000004366,   0.010319903,  -0.000001320,   0.010319904
     -4.609381,    0.007564,    4.333778,  -0.000003207,   0.025711821,  -0.000018608,   0.025711828
     -1.803867,   -0.001024,   -0.586930,  -0.000007500,   0.000701103,   0.000001789,   0.000701145
     -0.794123,    0.003056,    1.750963,  -0.000004464,   0.000408733,   0.000016896,   0.000409106
     -5.412992,    0.004824,    2.763963,   0.000020688,   0.024648578,   0.000001507,   0.024648587
      3.002064,    0.004450,    2.549461,   0.000013750,   0.008732371,   0.000018685,   0.008732401
      1.805647,   -0.005840,   -3.345901,   0.000004109,   0.010824220,  -0.000000913,   0.010824221
     -4.809615,    0.007565,    4.334540,   0.000005500,   0.028125189,  -0.000018146,   0.028125196
     -1.603608,   -0.001026,   -0.588062,  -0.000006599,   0.000228314,   0.000002085,   0.000228419
     -0.993145,    0.003057,    1.751703,  -0.000005201,   0.000835514,   0.000016261,   0.000835688
     -5.411672,    0.004481,    2.567653,   0.000016735,   0.023699603,   0.000001189,   0.023699609
      2.800803,    0.004449,    2.549025,   0.000013808,   0.007650768,   0.000020933,   0.007650809
      2.006052,   -0.005836,   -3.343741,   0.000004920,   0.010841701,  -0.000002070,   0.010841703
     -5.009731,    0.007568,    4.336390,   0.000014537,   0.030585352,  -0.000013049,   0.030585358
     -1.406012,   -0.001027,   -0.588256,  -0.000006769,  -0.000519264,   0.000003130,   0.000519317
     -1.193002,    0.003061,    1.753703,  -0.000003517,   0.001951710,   0.000011476,   0.001951747
     -5.410031,    0.004140,    2.371766,   0.000009326,   0.022906055,   0.000000785,   0.022906057
      2.601421,    0.004448,    2.548504,   0.000012545,   0.006812460,   0.000021311,   0.006812505
      2.205551,   -0.005831,   -3.341086,   0.000006491,   0.010724403,  -0.000003136,   0.010724405
     -5.210184,    0.007572,    4.338671,   0.000016383,   0.032187226,  -0.000005195,   0.032187230
     -1.207840,   -0.001025,   -0.587104,  -0.000007415,  -0.001431973,   0.000004522,   0.001431999
     -1.396901,    0.003069,    1.758217,   0.000001098,   0.003648777,   0.000002903,   0.003648779
     -5.405730,    0.003799,    2.176908,   0.000000000,   0.022352500,   0.000000000,   0.022352500
      2.401686,    0.004447,    2.548002,   0.000010347,   0.006239317,   0.000019611,   0.006239357
      2.405911,   -0.005828,   -3.339244,   0.000008741,   0.010727113,  -0.000003915,   0.010727117
     -5.411116,    0.007577,    4.341282,   0.000010763,   0.032698608,  -0.000000099,   0.032698610
     -1.008869,   -0.001023,   -0.586044,  -0.000007222,  -0.002221740,   0.000005587,   0.002221759
     -1.599642,    0.003080,    1.764829,   0.000000000,   0.004736660,   0.000000000,   0.004736660
     -5.392800,    0.003464,    1.984497,   0.000000000,   0.022352500,   0.000000000,   0.022352500
      2.201530,    0.004453,    2.551140,   0.000008456,   0.005894345,   0.000016593,   0.005894375
      2.606972,   -0.005825,   -3.337450,   0.000011306,   0.011041546,  -0.000004515,   0.011041552
     -5.612050,    0.007572,    4.338695,   0.000009082,   0.032423600,   0.000003547,   0.032423602
     -0.808702,   -0.001025,   -0.587209,  -0.000005687,  -0.002586937,   0.000005782,   0.002586950
     -1.799709,    0.003098,    1.775112,   0.000000000,   0.004736660,   0.000000000,   0.004736660
     -5.406276,    0.003112,    1.782804,   0.000000000,   0.022352500,   0.000000000,   0.022352500
     -5.814299,    0.007568,    4.335967,   0.000016240,   0.030695430,   0.000008933,   0.030695435
      2.000219,    0.004456,    2.552880,   0.000007274,   0.005691709,   0.000013502,   0.005691730
      2.806340,   -0.005824,   -3.337182,   0.000012618,   0.011855672,  -0.000004243,   0.011855680
     -0.608737,   -0.001023,   -0.586304,  -0.000003855,  -0.002476985,   0.000005126,   0.002476993
     -1.999831,    0.003085,    1.767665,   0.000000000,   0.004736660,   0.000000000,   0.004736660
     -5.411502,    0.002761,    1.581883,   0.000008034,   0.021718500,  -0.000001329,   0.021718502
      1.800328,    0.004456,    2.553243,   0.000007029,   0.005511445,   0.000011975,   0.005511463
      3.007051,   -0.005829,   -3.339796,   0.000011649,   0.013124137,  -0.000003073,   0.013124143
     -0.407896,   -0.001024,   -0.586435,  -0.000002508,  -0.002113600,   0.000003966,   0.002113605
     -2.201508,    0.003075,    1.762109,  -0.000006008,   0.004493008,   0.000007284,   0.004493018
     -5.414028,    0.002413,    1.382829,   0.000013864,   0.020402965,   0.000002937,   0.020402970
      6.017037,   -0.001420,   -0.813713,  -0.000057548,   0.012699902,   0.000005925,   0.012700034
      1.600142,    0.004452,    2.550527,   0.000007041,   0.005131051,   0.000013122,   0.005131073
      3.207780,   -0.005838,   -3.345097,   0.000009305,   0.014505613,  -0.000001951,   0.014505616
      6.016484,   -0.001075,   -0.616101,  -0.000053501,   0.013074181,   0.000007512,   0.013074293
     -0.206934,   -0.001023,   -0.586183,  -0.000001326,  -0.001741327,   0.000002747,   0.001741330
     -2.401626,    0.003071,    1.759755,  -0.000009159,   0.004180453,   0.000013800,   0.004180486
     -5.414636,    0.002069,    1.185608,   0.000017104,   0.019199943,   0.000006409,   0.019199952
      1.401216,    0.004445,    2.546818,   0.000007039,   0.004557515,   0.000015920,   0.004557548
      3.408077,   -0.005845,   -3.348793,   0.000007707,   0.015624660,  -0.000001738,   0.015624662
      6.015675,   -0.000730,   -0.418384,  -0.000049020,   0.013585533,   0.000008535,   0.013585624
     -0.005844,   -0.001024,   -0.586525,  -0.000000047,  -0.001550923,   0.000002008,   0.001550924
     -2.602440,    0.003071,    1.759701,  -0.000011380,   0.004502316,   0.000016415,   0.004502360
     -5.414229,    0.001723,    0.986959,   0.000018019,   0.018624968,   0.000006540,   0.018624978
      1.200372,    0.004440,    2.543795,   0.000006888,   0.003827565,   0.000019362,   0.003827620
      3.607636,   -0.005852,   -3.353155,   0.000007298,   0.016484590,  -0.000001748,   0.016484592
      6.014296,   -0.000385,   -0.220740,  -0.000044917,   0.014052429,   0.000009735,   0.014052504
      0.195895,   -0.001026,   -0.587897,   0.000001248,  -0.001733922,   0.000002706,   0.001733925
     -2.802783,    0.003073,    1.760723,  -0.000011254,   0.005476317,   0.000014996,   0.005476349
     -5.414361,    0.001376,    0.788498,   0.000016711,   0.018575117,   0.000005174,   0.018575125
      0.999537,    0.004439,    2.543407,   0.000006008,   0.003178797,   0.000021844,   0.003178877
      3.807627,   -0.005851,   -3.352360,   0.000008690,   0.017096319,  -0.000002673,   0.017096322
      6.013586,   -0.000040,   -0.023186,  -0.000041923,   0.014321642,   0.000011686,   0.014321709
      0.396319,   -0.001025,   -0.587561,   0.000002430,  -0.002093558,   0.000003884,   0.002093563
     -3.002726,    0.003077,    1.763249,  -0.000007326,   0.007060778,   0.000009836,   0.007060789
     -5.412990,    0.001031,    0.590740,   0.000013323,   0.019161828,   0.000003416,   0.019161833
      0.800374,    0.004440,    2.543671,   0.000004277,   0.002809798,   0.000022201,   0.002809889
      4.007631,   -0.005853,   -3.353252,   0.000010249,   0.017907309,  -0.000003367,   0.017907312
      6.014865,    0.000304,    0.174296,  -0.000044169,   0.014144766,   0.000014668,   0.014144843
      0.597789,   -0.001024,   -0.586662,   0.000003745,  -0.002462473,   0.000005067,   0.002462482
     -3.202391,    0.003083,    1.766436,  -0.000000106,   0.009101491,   0.000001531,   0.009101492
     -5.410927,    0.000687,    0.393421,   0.000007334,   0.019866984,   0.000002162,   0.019866986
      0.600516,    0.004444,    2.546011,   0.000002222,   0.002739385,   0.000020315,   0.002739461
      4.207768,   -0.005851,   -3.352481,   0.000010125,   0.019143607,  -0.000003349,   0.019143610
      6.016395,    0.000649,    0.371809,  -0.000047706,   0.013763660,   0.000017871,   0.013763755
      0.798521,   -0.001024,   -0.586640,   0.000005560,  -0.002591108,   0.000005769,   0.002591120
     -5.406049,    0.000341,    0.195658,   0.000000000,   0.020090600,   0.000000000,   0.020090600
      3.407221,   -0.001377,   -0.788712,   0.000017877,   0.005194659,   0.000003165,   0.005194691
      0.400115,    0.004447,    2.548195,   0.000000741,   0.002841989,   0.000017066,   0.002842040
      4.408139,   -0.005851,   -3.352454,   0.000007453,   0.020818359,  -0.000002920,   0.020818361
      6.017659,    0.000994,    0.569418,  -0.000051987,   0.013304716,   0.000021166,   0.013304834
      0.998843,   -0.001027,   -0.588420,   0.000007139,  -0.002253124,   0.000005608,   0.002253143
      3.406561,   -0.001030,   -0.590208,   0.000012339,   0.005946161,   0.000001946,   0.005946174
     -5.392800,    0.000000,    0.000000,   0.000000000,   0.020090600,   0.000000000,   0.020090600
      0.198471,    0.004452,    2.551070,   0.000000063,   0.002977629,   0.000014013,   0.002977662
      4.608444,   -0.005853,   -3.353400,   0.000001769,   0.022859076,  -0.000002071,   0.022859076
      6.018437,    0.001340,    0.767495,  -0.000056220,   0.012941828,   0.000024659,   0.012941974
      1.199650,   -0.001027,   -0.588651,   0.000007378,  -0.001467302,   0.000004573,   0.001467328
      3.405040,   -0.000689,   -0.394674,   0.000004139,   0.007242907,  -0.000001943,   0.007242908
     -5.406661,   -0.000350,   -0.200669,   0.000000000,   0.020090600,   0.000000000,   0.020090600
      4.808654,   -0.005857,   -3.355681,  -0.000006169,   0.025110955,  -0.000000575,   0.025110956
     -0.001868,    0.004455,    2.552421,   0.000000109,   0.003054707,   0.000012655,   0.003054733
      6.017754,    0.001688,    0.967434,  -0.000057407,   0.012976895,   0.000027780,   0.012977052
      1.399857,   -0.001030,   -0.589960,   0.000006727,  -0.000546124,   0.000003196,   0.000546174
     -5.412019,   -0.000700,   -0.400913,   0.000007663,   0.019850380,  -0.000001404,   0.019850381
      3.400471,    0.000334,    0.191442,   0.000000000,   0.008043550,   0.000000000,   0.008043550
     -0.202494,    0.004451,    2.550030,   0.000000144,   0.002962735,   0.000014048,   0.002962768
      6.017362,    0.002035,    1.165808,  -0.000056273,   0.013396748,   0.000029871,   0.013396900
      1.600553,   -0.001030,   -0.590338,   0.000006533,   0.000216590,   0.000002144,   0.000216699
     -4.809324,    0.005510,    3.157203,   0.000005765,   0.024114796,   0.000001895,   0.024114797
     -5.414650,   -0.001046,   -0.599467,   0.000013544,   0.019092521,   0.000000228,   0.019092526
      3.402919,    0.000676,    0.387242,   0.000004657,   0.007324695,   0.000005635,   0.007324698
     -0.401811,    0.004445,    2.546739,  -0.000000539,   0.002815216,   0.000017077,   0.002815268
      6.016789,    0.002381,    1.364370,  -0.000051640,   0.014242338,   0.000030043,   0.014242463
      1.800752,   -0.001033,   -0.591871,   0.000007468,   0.000682104,   0.000001908,   0.000682147
     -4.810106,    0.005163,    2.958449,   0.000004872,   0.022462395,   0.000005758,   0.022462396
     -5.415297,   -0.001393,   -0.798231,   0.000016752,   0.018448254,   0.000001230,   0.018448262
      3.404439,    0.001018,    0.583319,   0.000012243,   0.006167575,   0.000007748,   0.006167592
     -0.602421,    0.004440,    2.544006,  -0.000002031,   0.002697991,   0.000020315,   0.002698069
      6.015877,    0.002728,    1.563271,  -0.000045737,   0.015273554,   0.000028974,   0.015273650
      2.000873,   -0.001034,   -0.592301,   0.000009260,   0.000791687,   0.000003024,   0.000791747
     -4.810530,    0.004819,    2.761258,   0.000003740,   0.021090493,   0.000007412,   0.021090494
     -5.415142,   -0.001738,   -0.995755,   0.000017714,   0.018463934,   0.000000472,   0.018463943
      3.406542,    0.001362,    0.780484,   0.000016977,   0.005549097,   0.000010343,   0.005549132
     -0.803356,    0.004440,    2.543770,  -0.000004119,   0.002769150,   0.000022179,   0.002769242
      6.014456,    0.003076,    1.762163,  -0.000040040,   0.016267703,   0.000028061,   0.016267777
     -4.810205,    0.004476,    2.564467,   0.000002773,   0.020117020,   0.000006731,   0.020117022
     -5.415134,   -0.002084,   -1.193985,   0.000016447,   0.019037856,  -0.000000389,   0.019037863
     -2.000698,    0.000682,    0.390677,  -0.000005534,   0.001793486,   0.000004596,   0.001793501
      3.405516,    0.001706,    0.977576,   0.000018452,   0.005500951,   0.000012504,   0.005500996
     -1.002762,    0.004440,    2.543908,  -0.000005878,   0.003139550,   0.000021754,   0.003139631
      6.013726,    0.003422,    1.960715,  -0.000035775,   0.017107144,   0.000028752,   0.017107205
     -4.808373,    0.004132,    2.367510,   0.000001537,   0.019474624,   0.000005301,   0.019474625
     -5.413785,   -0.002430,   -1.392168,   0.000012918,   0.020286897,   0.000000359,   0.020286901
     -2.000139,    0.000342,    0.195709,   0.000000000,   0.002194520,   0.000000000,   0.002194520
      3.405324,    0.002052,    1.175601,   0.000016165,   0.006159987,   0.000012188,   0.006160020
     -1.202348,    0.004443,    2.545668,  -0.000006779,   0.003792203,   0.000019253,   0.003792258
      6.014894,    0.003768,    2.158834,  -0.000038146,   0.017593927,   0.000032144,   0.017593998
     -4.807123,    0.003788,    2.170613,   0.000000947,   0.019125371,   0.000004116,   0.019125372
     -5.411363,   -0.002775,   -1.589843,   0.000007072,   0.021620272,   0.000001870,   0.021620273
     -1.999503,    0.000000,    0.000257,   0.000000000,   0.002194520,   0.000000000,   0.002194520
      3.405058,    0.002398,    1.374202,   0.000010577,   0.007420427,   0.000008048,   0.007420439
     -1.402503,    0.004448,    2.548755,  -0.000006960,   0.004522986,   0.000015837,   0.004523019
      6.015107,    0.004110,    2.355072,  -0.000044091,   0.018025842,   0.000035892,   0.018025932
     -4.806022,    0.003445,    1.974071,   0.000001383,   0.018855721,   0.000004094,   0.018855721
     -5.406411,   -0.003119,   -1.787125,   0.000000000,   0.022220900,   0.000000000,   0.022220900
     -2.001770,   -0.000341,   -0.195502,   0.000000000,   0.002194520,   0.000000000,   0.002194520
      3.403241,    0.002746,    1.573291,   0.000002461,   0.009197314,   0.000000174,   0.009197314
     -1.604028,    0.004452,    2.551042,  -0.000006995,   0.005102725,   0.000013011,   0.005102746
      6.015439,    0.004453,    2.551231,  -0.000050879,   0.018608688,   0.000038388,   0.018608797
     -4.807375,    0.003101,    1.776610,   0.000001745,   0.018354731,   0.000005748,   0.018354732
     -5.392800,   -0.003464,   -1.984497,   0.000000000,   0.022220900,   0.000000000,   0.022220900
     -2.002705,   -0.000683,   -0.391285,  -0.000006221,   0.001690807,   0.000000715,   0.001690818
     -1.804287,    0.004455,    2.552280,  -0.000007042,   0.005480507,   0.000011867,   0.005480525
      6.016325,    0.004797,    2.748714,  -0.000057066,   0.019430614,   0.000039234,   0.019430737
      3.400837,   -0.003108,   -1.780868,   0.000000000,   0.010096200,   0.000000000,   0.010096200
     -4.809642,    0.002755,    1.578554,   0.000002646,   0.017614620,   0.000007725,   0.017614622
     -5.403805,   -0.003801,   -2.177790,   0.000000000,   0.022220900,   0.000000000,   0.022220900
     -2.004900,    0.004451,    2.550010,  -0.000007374,   0.005655458,   0.000013358,   0.005655479
      6.016763,    0.005144,    2.947187,  -0.000060407,   0.020610768,   0.000037472,   0.020610891
      2.001038,    0.000675,    0.387000,   0.000005499,   0.001793345,   0.000004533,   0.001793359
      3.402523,   -0.002760,   -1.581515,   0.000003174,   0.008915363,   0.000003487,   0.008915364
     -4.811181,    0.002410,    1.380733,   0.000002238,   0.016629253,   0.000009771,   0.016629256
     -5.407273,   -0.004142,   -2.373226,   0.000008349,   0.022624180,  -0.000000391,   0.022624182
     -2.204838,    0.004449,    2.548957,  -0.000008646,   0.005860313,   0.000016408,   0.005860342
      6.016735,    0.005490,    3.145642,  -0.000060553,   0.022088805,   0.000033082,   0.022088913
      1.802384,    0.000677,    0.388135,   0.000003664,   0.001805793,   0.000004316,   0.001805802
      3.404812,   -0.002413,   -1.382612,   0.000011721,   0.007085352,   0.000001063,   0.007085362
     -4.811826,    0.002066,    1.183934,   0.000000921,   0.015676967,   0.000010363,   0.015676970
     -5.409751,   -0.004484,   -2.569093,   0.000014689,   0.023145723,  -0.000001174,   0.023145728
     -2.405150,    0.004448,    2.548722,  -0.000010619,   0.006218343,   0.000019404,   0.006218382
      6.016262,    0.005836,    3.343762,  -0.000055827,   0.023837903,   0.000025818,   0.023837983
      1.604107,    0.000679,    0.389267,   0.000002563,   0.001548266,   0.000005493,   0.001548278
      3.404993,   -0.002068,   -1.184707,   0.000017477,   0.005772424,   0.000000711,   0.005772450
     -4.812231,    0.001717,    0.983775,   0.000000249,   0.015100147,   0.000008594,   0.015100150
     -5.410030,   -0.004827,   -2.765550,   0.000018099,   0.023879440,  -0.000002291,   0.023879447
     -2.605688,    0.004447,    2.548035,  -0.000012837,   0.006793718,   0.000021057,   0.006793763
      6.015396,    0.006182,    3.542162,  -0.000048939,   0.025503340,   0.000018569,   0.025503394
      1.405399,    0.000679,    0.389115,   0.000003515,   0.000629646,   0.000006989,   0.000629695
      3.406386,   -0.001721,   -0.986056,   0.000019752,   0.005097270,   0.000002080,   0.005097308
     -4.812481,    0.001369,    0.784105,   0.000000121,   0.014956508,   0.000005521,   0.014956509
     -5.410538,   -0.005171,   -2.962808,   0.000019468,   0.025184333,  -0.000002301,   0.025184341
     -2.805383,    0.004451,    2.549988,  -0.000014085,   0.007650102,   0.000020653,   0.007650143
      6.013937,    0.006527,    3.739749,  -0.000041234,   0.026850832,   0.000013832,   0.026850867
      1.207133,    0.000677,    0.387606,   0.000005577,  -0.000620288,   0.000008671,   0.000620373
     -4.812217,    0.001019,    0.583671,   0.000001097,   0.015292227,   0.000002405,   0.015292227
     -5.409537,   -0.005516,   -3.160647,   0.000018493,   0.026932855,  -0.000000962,   0.026932861
     -3.202164,   -0.003096,   -1.774083,  -0.000000158,   0.009054345,   0.000001752,   0.009054346
     -3.005260,    0.004455,    2.552335,  -0.000013989,   0.008745339,   0.000018436,   0.008745370
      6.013247,    0.006873,    3.937875,  -0.000034413,   0.027737105,   0.000012079,   0.027737129
      1.006324,    0.000678,    0.388216,   0.000005970,  -0.001559690,   0.000009897,   0.001559733
     -4.809610,    0.000673,    0.385871,   0.000001693,   0.015788439,   0.000000704,   0.015788439
     -5.409132,   -0.005863,   -3.359110,   0.000015057,   0.029244255,   0.000003343,   0.029244259
     -3.004121,   -0.003091,   -1.771282,  -0.000007475,   0.006991180,  -0.000000957,   0.006991184
      6.014559,    0.007217,    4.135313,  -0.000035608,   0.027845638,   0.000014114,   0.027845665
     -3.205698,    0.004462,    2.556314,  -0.000013282,   0.009888751,   0.000015380,   0.009888772
      0.806370,    0.000677,    0.388115,   0.000004493,  -0.001934359,   0.000010032,   0.001934390
     -4.808360,    0.000326,    0.186927,   0.000001988,   0.016244533,   0.000000506,   0.016244534
     -5.406716,   -0.006211,   -3.558841,   0.000008551,   0.031573705,   0.000006773,   0.031573707
     -2.805126,   -0.003088,   -1.769102,  -0.000011482,   0.005356458,  -0.000002533,   0.005356471
     -3.405912,    0.004468,    2.559960,  -0.000013175,   0.010810341,   0.000012974,   0.010810356
      0.606654,    0.000678,    0.388607,   0.000002723,  -0.001727140,   0.000008927,   0.001727165
      6.016141,   -0.007569,   -4.336989,  -0.000035770,   0.027797534,  -0.000006365,   0.027797558
     -5.402134,   -0.006564,   -3.761137,   0.000000000,   0.032648500,   0.000000000,   0.032648500
     -4.807599,   -0.000019,   -0.010992,   0.000002611,   0.016473035,   0.000001477,   0.016473035
