x,y,z,ux,uy,uz,usum
     -4.205906,   -3.191340,    1.963326,  -0.000004161,   0.011895140,   0.019399042,   0.022755598
     -0.198621,    2.172829,   -1.336733,   0.000000000,   0.001108763,   0.001809337,   0.002122040
      0.002047,   -0.166125,    0.102201,   0.000000000,   0.000000000,   0.000000000,   0.000000000
      3.005812,   -1.334730,    0.821131,   0.000002696,   0.004105515,   0.006709577,   0.007865983
     -1.605526,   -2.678285,    1.647692,  -0.000003612,   0.005473342,   0.008929280,   0.010473276
      0.402565,    3.689792,   -2.269975,   0.000000694,   0.006205915,   0.010130289,   0.011880073
     -6.420000,   -4.024410,    2.475833,   0.000038543,   0.013321744,   0.021758284,   0.025512610
     -6.219375,   -4.024410,    2.475833,   0.000026212,   0.014483427,   0.023648694,   0.027731410
     -4.406515,   -3.190109,    1.962568,  -0.000002615,   0.012884969,   0.021008151,   0.024644773
      0.001706,    2.173954,   -1.337425,  -0.000000021,   0.001112333,   0.001804544,   0.002119826
     -0.199787,   -0.166461,    0.102408,   0.000000000,   0.000000000,   0.000000000,   0.000000000
      2.805738,   -1.333014,    0.820076,   0.000005218,   0.003409949,   0.005580481,   0.006539843
     -1.805866,   -2.679125,    1.648209,  -0.000001450,   0.005614411,   0.009160663,   0.010744271
      0.602111,    3.688148,   -2.268964,   0.000001342,   0.006119032,   0.009991910,   0.011716690
     -6.218877,   -3.857269,    2.373008,   0.000024314,   0.014630169,   0.023887520,   0.028011713
     -6.420000,   -3.856726,    2.372674,   0.000036777,   0.013457495,   0.021979379,   0.025772051
     -4.606731,   -3.190114,    1.962571,   0.000000560,   0.014028904,   0.022869688,   0.026829700
      0.202333,    2.171917,   -1.336172,   0.000000000,   0.001108763,   0.001809337,   0.002122040
     -0.399728,   -0.165419,    0.101767,  -0.000000977,  -0.000079743,  -0.000125336,   0.000148557
      2.605224,   -1.331724,    0.819282,   0.000006157,   0.002882645,   0.004722311,   0.005532622
     -2.005610,   -2.677998,    1.647515,   0.000000097,   0.005608526,   0.009155560,   0.010736845
      0.801925,    3.687929,   -2.268829,   0.000001958,   0.006162240,   0.010064478,   0.011801140
     -6.218179,   -3.690135,    2.270186,   0.000022537,   0.014761670,   0.024101314,   0.028262709
     -4.806650,   -3.191146,    1.963206,   0.000005159,   0.015303233,   0.024945551,   0.029265500
      0.401653,    2.169121,   -1.334452,   0.000000685,   0.001250428,   0.002026538,   0.002381266
     -0.600949,   -0.165000,    0.101509,  -0.000001567,  -0.000202623,  -0.000322010,   0.000380458
      2.404895,   -1.332258,    0.819611,   0.000005478,   0.002568533,   0.004207555,   0.004929595
     -2.206821,   -2.676275,    1.646456,  -0.000000054,   0.005659108,   0.009240776,   0.010835933
      1.002834,    3.687842,   -2.268776,   0.000002047,   0.006398086,   0.010449428,   0.012252594
     -6.420000,   -3.689042,    2.269514,   0.000035381,   0.013569647,   0.022162362,   0.025986667
     -5.006132,   -3.193776,    1.964824,   0.000008684,   0.016566420,   0.027010728,   0.031686366
      0.602264,    2.166804,   -1.333027,   0.000001494,   0.001480513,   0.002400603,   0.002820428
     -0.800638,   -0.165490,    0.101810,  -0.000002243,  -0.000188906,  -0.000297850,   0.000352711
      2.204897,   -1.331929,    0.819408,   0.000003559,   0.002472315,   0.004044196,   0.004740029
     -2.406975,   -2.674630,    1.645444,  -0.000001960,   0.005850601,   0.009554564,   0.011203536
      1.203030,    3.688673,   -2.269287,   0.000001167,   0.006795170,   0.011095358,   0.013010815
     -6.217314,   -3.522857,    2.167276,   0.000021540,   0.014835981,   0.024221615,   0.028404109
     -6.420000,   -3.521359,    2.166354,   0.000034792,   0.013623794,   0.022251498,   0.026090959
     -5.205310,   -3.197815,    1.967309,   0.000000000,   0.017174162,   0.028025685,   0.032869300
      0.803200,    2.166607,   -1.332905,   0.000002269,   0.001693473,   0.002747609,   0.003227571
     -1.000822,   -0.165307,    0.101698,  -0.000002389,   0.000032149,   0.000062432,   0.000070264
      1.403025,    3.690281,   -2.270276,  -0.000000100,   0.007245492,   0.011826584,   0.013869580
     -2.606259,   -2.673003,    1.644442,  -0.000004258,   0.006223564,   0.010162861,   0.011917068
      2.003439,   -1.333676,    0.820483,   0.000000000,   0.002453486,   0.004003725,   0.004695680
     -6.217100,   -3.355379,    2.064243,   0.000022096,   0.014803589,   0.024168176,   0.028341621
      1.603204,    3.693267,   -2.272113,   0.000000000,   0.007509454,   0.012254315,   0.014372200
     -2.808031,   -2.675179,    1.645781,  -0.000005270,   0.006835628,   0.011157644,   0.013085063
      1.002606,    2.166715,   -1.332972,   0.000002687,   0.001932285,   0.003137987,   0.003685200
      1.801634,   -1.334733,    0.821133,   0.000000000,   0.002453486,   0.004003725,   0.004695680
     -1.200653,   -0.165416,    0.101765,  -0.000001420,   0.000437043,   0.000720716,   0.000842876
     -6.420000,   -3.353675,    2.063195,   0.000035473,   0.013576681,   0.022177192,   0.026002988
      5.414431,    0.684101,   -0.420862,  -0.000008216,   0.010355764,   0.016899304,   0.019819899
      5.413066,    0.515046,   -0.316858,  -0.000005287,   0.010441478,   0.017038353,   0.019983242
      1.803633,    3.695974,   -2.273778,   0.000000000,   0.007509454,   0.012254315,   0.014372200
     -3.008845,   -2.678245,    1.647667,  -0.000004907,   0.007565040,   0.012342404,   0.014476352
      1.202194,    2.168204,   -1.333888,   0.000002648,   0.002173238,   0.003532699,   0.004147641
      1.603690,   -1.331434,    0.819104,   0.000000000,   0.002453486,   0.004003725,   0.004695680
     -1.400551,   -0.165886,    0.102054,   0.000000122,   0.000897461,   0.001468085,   0.001720671
     -6.217150,   -3.187738,    1.961109,   0.000024493,   0.014612631,   0.023857987,   0.027977368
     -6.420000,   -3.185991,    1.960035,   0.000037250,   0.013401976,   0.021897505,   0.025673237
      2.004384,    3.692937,   -2.271910,   0.000000000,   0.007509454,   0.012254315,   0.014372200
      5.408966,    0.345351,   -0.212461,   0.000000000,   0.010465751,   0.017078553,   0.020030200
     -3.208451,   -2.680897,    1.649299,  -0.000003960,   0.008237694,   0.013436324,   0.015760533
      1.402354,    2.170827,   -1.335502,   0.000002283,   0.002317395,   0.003769551,   0.004424911
      1.405610,   -1.328396,    0.817234,  -0.000000740,   0.002107272,   0.003441639,   0.004035527
     -1.600206,   -0.165867,    0.102042,   0.000000000,   0.001146634,   0.001871136,   0.002194520
     -6.217847,   -3.019981,    1.857905,   0.000027629,   0.014257016,   0.023281824,   0.027300304
      2.206015,    3.689829,   -2.269998,   0.000001910,   0.007589252,   0.012388488,   0.014528296
      5.404399,    0.174208,   -0.107174,   0.000000000,   0.010465751,   0.017078553,   0.020030200
     -3.408025,   -2.684534,    1.651537,  -0.000003438,   0.008721160,   0.014225839,   0.016686316
      1.603887,    2.172773,   -1.336699,   0.000000000,   0.002382980,   0.003888670,   0.004560740
      1.206052,   -1.326144,    0.815849,   0.000001168,   0.001525947,   0.002500759,   0.002929558
     -6.420000,   -3.018307,    1.856875,   0.000039487,   0.013075749,   0.021374443,   0.025056807
      1.799792,    0.168825,   -0.103862,   0.000000000,   0.001145400,   0.001869124,   0.002192160
      2.405752,    3.688166,   -2.268975,   0.000003735,   0.007753965,   0.012660946,   0.014846668
      5.392800,    0.000000,    0.000000,   0.000000000,   0.010465751,   0.017078553,   0.020030200
     -3.607547,   -2.686063,    1.652477,  -0.000003222,   0.009034806,   0.014740285,   0.017288833
      1.804160,    2.173834,   -1.337351,   0.000001249,   0.002389148,   0.003888418,   0.004563751
      1.006585,   -1.325535,    0.815474,   0.000002392,   0.001072237,   0.001765545,   0.002065635
     -6.218412,   -2.852153,    1.754656,   0.000030500,   0.013725479,   0.022422488,   0.026289877
      1.797600,    0.000000,    0.000000,   0.000000000,   0.001145400,   0.001869124,   0.002192160
     -6.420000,   -2.850624,    1.753715,   0.000040793,   0.012617864,   0.020639474,   0.024190908
      2.605490,    3.687939,   -2.268835,   0.000004620,   0.008080805,   0.013196266,   0.015473877
      5.407373,   -0.162368,    0.099889,   0.000000000,   0.010465751,   0.017078553,   0.020030200
     -3.807849,   -2.687794,    1.653542,  -0.000004066,   0.009297121,   0.015171854,   0.017793865
      2.004792,    2.171909,   -1.336167,   0.000000000,   0.002382980,   0.003888670,   0.004560740
      0.807387,   -1.326009,    0.815766,   0.000002529,   0.000829979,   0.001371387,   0.001602989
     -6.218860,   -2.684288,    1.651385,   0.000031494,   0.013071121,   0.021364968,   0.025046298
      2.806378,    3.687846,   -2.268778,   0.000004058,   0.008587204,   0.014022646,   0.016443074
      5.412571,   -0.328665,    0.202196,   0.000000000,   0.010465751,   0.017078553,   0.020030200
     -4.008278,   -2.686875,    1.652976,  -0.000005577,   0.009695970,   0.015824834,   0.018559020
      2.204802,    2.171516,   -1.335926,   0.000004383,   0.002702016,   0.004395002,   0.005159162
      0.607353,   -1.327506,    0.816687,   0.000002077,   0.000827949,   0.001364774,   0.001596281
     -1.601825,    0.167965,   -0.103333,   0.000000000,   0.001146634,   0.001871136,   0.002194520
     -6.420000,   -2.682940,    1.650556,   0.000040236,   0.012060481,   0.019743123,   0.023135422
      3.006527,    3.688670,   -2.269285,   0.000002104,   0.009221763,   0.015055910,   0.017655633
      5.414953,   -0.495596,    0.304893,  -0.000005006,   0.010454927,   0.017062949,   0.020011240
     -4.208439,   -2.687657,    1.653458,  -0.000005612,   0.010376910,   0.016934922,   0.019861316
      2.405116,    2.171891,   -1.336157,   0.000006079,   0.003215163,   0.005231293,   0.006140337
      0.407597,   -1.328904,    0.817547,   0.000001597,   0.001021555,   0.001673916,   0.001961013
     -1.403837,    0.167548,   -0.103077,   0.000000156,   0.000897533,   0.001466271,   0.001719162
     -6.218793,   -2.516990,    1.548463,   0.000029952,   0.012373422,   0.020236467,   0.023719550
     -6.420000,   -2.515256,    1.547396,   0.000037477,   0.011455467,   0.018766991,   0.021987020
      3.206428,    3.690260,   -2.270263,  -0.000000022,   0.009871623,   0.016112112,   0.018895742
      5.415390,   -0.665423,    0.409371,  -0.000008269,   0.010408511,   0.016988701,   0.019923682
     -4.408598,   -2.686932,    1.653012,  -0.000003437,   0.011287876,   0.018418256,   0.021602044
      2.605749,    2.172401,   -1.336470,   0.000007099,   0.003727187,   0.006066654,   0.007120131
      0.206083,   -1.331612,    0.819213,   0.000000000,   0.001163254,   0.001898258,   0.002226330
     -1.203151,    0.167545,   -0.103074,  -0.000001351,   0.000424070,   0.000696595,   0.000815526
     -6.218142,   -2.349284,    1.445289,   0.000026336,   0.011693203,   0.019133992,   0.022424124
      3.406521,    3.693244,   -2.272099,   0.000000000,   0.010295625,   0.016800933,   0.019704600
      5.414904,   -0.833125,    0.512542,  -0.000009080,   0.010482944,   0.017111580,   0.020067346
     -4.608963,   -2.687148,    1.653144,   0.000001071,   0.012370708,   0.020180219,   0.023670143
      2.805496,    2.174853,   -1.337979,   0.000007180,   0.004280456,   0.006970450,   0.008179824
      0.005533,   -1.333720,    0.820510,   0.000000000,   0.001163254,   0.001898258,   0.002226330
     -1.004224,    0.167751,   -0.103201,  -0.000002422,   0.000009832,   0.000022872,   0.000025013
     -6.420000,   -2.347572,    1.444236,   0.000033068,   0.010859836,   0.017801530,   0.020852616
      3.606956,    3.695960,   -2.273770,   0.000000000,   0.010295625,   0.016800933,   0.019704600
      5.415039,   -1.001930,    0.616392,  -0.000008693,   0.010854915,   0.017716274,   0.020777286
      3.005297,    2.177107,   -1.339365,   0.000006726,   0.004819017,   0.007850528,   0.009211611
     -0.193816,   -1.330692,    0.818647,   0.000000000,   0.001163254,   0.001898258,   0.002226330
     -0.804342,    0.167396,   -0.102983,  -0.000002360,  -0.000213374,  -0.000340881,   0.000402161
     -6.218364,   -2.181417,    1.342017,   0.000021604,   0.011101686,   0.018171815,   0.021294665
      4.811730,    0.680771,   -0.418813,  -0.000002644,   0.008674890,   0.014159667,   0.016605719
     -6.420000,   -2.179889,    1.341076,   0.000028305,   0.010304220,   0.016896002,   0.019790216
      4.811656,    0.512775,   -0.315461,  -0.000002728,   0.008726512,   0.014245578,   0.016705943
      3.807885,    3.692955,   -2.271921,   0.000000000,   0.010295625,   0.016800933,   0.019704600
      5.413422,   -1.171874,    0.720941,  -0.000005905,   0.011307751,   0.018451099,   0.021640433
      3.205758,    2.180389,   -1.341384,   0.000006478,   0.005279017,   0.008603014,   0.010093558
     -0.392090,   -1.328379,    0.817225,  -0.000001582,   0.001022988,   0.001675837,   0.001963399
     -0.603849,    0.167527,   -0.103063,  -0.000001725,  -0.000218958,  -0.000351415,   0.000414051
     -6.217677,   -2.013618,    1.238786,   0.000017269,   0.010621915,   0.017387894,   0.020375579
      4.008428,    3.692048,   -2.271363,   0.000006160,   0.010809470,   0.017648025,   0.020695349
      5.411429,   -1.342785,    0.826087,   0.000000000,   0.011544345,   0.018838658,   0.022094500
      4.810504,    0.343680,   -0.211433,  -0.000002666,   0.008807829,   0.014377877,   0.016861234
      3.406015,    2.182988,   -1.342983,   0.000007189,   0.005575425,   0.009088989,   0.010662792
     -0.590955,   -1.326726,    0.816208,  -0.000002083,   0.000825308,   0.001360006,   0.001590834
     -0.402809,    0.167286,   -0.102915,  -0.000001013,  -0.000083229,  -0.000132883,   0.000156800
     -6.420000,   -2.012205,    1.237917,   0.000024502,   0.009809028,   0.016084218,   0.018839313
      4.209186,    3.692567,   -2.271682,   0.000007646,   0.011735233,   0.019165303,   0.022472752
      5.406174,   -1.514436,    0.931687,   0.000000000,   0.011544345,   0.018838658,   0.022094500
      4.808675,    0.174621,   -0.107427,  -0.000002742,   0.008864642,   0.014468977,   0.016968594
      3.606069,    2.185291,   -1.344400,   0.000008649,   0.005671084,   0.009244574,   0.010845433
     -0.790172,   -1.325985,    0.815751,  -0.000002567,   0.000818558,   0.001352456,   0.001580880
     -0.201833,    0.166685,   -0.102545,   0.000000000,   0.000000000,   0.000000000,   0.000000000
     -6.217120,   -1.845889,    1.135599,   0.000014482,   0.010244754,   0.016768528,   0.019650413
     -6.420000,   -1.844521,    1.134757,   0.000022833,   0.009360256,   0.015345694,   0.017975129
      4.409103,    3.691936,   -2.271294,   0.000005628,   0.012808498,   0.020920340,   0.024529947
      5.392800,   -1.690252,    1.039850,   0.000000000,   0.011544345,   0.018838658,   0.022094500
      4.807517,    0.005816,   -0.003578,  -0.000002568,   0.008864838,   0.014467758,   0.016967657
      3.806087,    2.186338,   -1.345044,   0.000012693,   0.005875907,   0.009576986,   0.011235885
     -0.991180,   -1.326091,    0.815817,  -0.000002489,   0.001053710,   0.001735268,   0.002030139
     -0.001646,    0.167268,   -0.102904,   0.000000000,   0.000000000,   0.000000000,   0.000000000
     -6.216965,   -1.678183,    1.032425,   0.000014038,   0.009912725,   0.016222423,   0.019011295
      4.609378,    3.691488,   -2.271018,   0.000001268,   0.013981470,   0.022835699,   0.026775934
      5.404075,   -1.850139,    1.138213,   0.000000000,   0.011544345,   0.018838658,   0.022094500
      4.809071,   -0.161158,    0.099145,  -0.000002653,   0.008849266,   0.014441016,   0.016936719
      4.006424,    2.186748,   -1.345296,   0.000013114,   0.006534531,   0.010652136,   0.012496730
     -1.196195,   -1.326842,    0.816279,  -0.000001258,   0.001517759,   0.002487394,   0.002913884
      0.200091,    0.167863,   -0.103270,   0.000000000,   0.000000000,   0.000000000,   0.000000000
     -6.420000,   -1.676837,    1.031597,   0.000023639,   0.008938527,   0.014651241,   0.017162654
      4.809597,    3.692393,   -2.271576,  -0.000003939,   0.015190258,   0.024805797,   0.029087309
      5.408579,   -2.015270,    1.239802,   0.000000000,   0.011544345,   0.018838658,   0.022094500
      4.811432,   -0.330273,    0.203186,  -0.000002480,   0.008785824,   0.014337048,   0.016814923
     -1.397936,   -1.331236,    0.818982,   0.000000715,   0.002111941,   0.003449288,   0.004044488
      0.399657,    0.167711,   -0.103177,   0.000001015,  -0.000085019,  -0.000135797,   0.000160219
     -6.217381,   -1.510454,    0.929237,   0.000015848,   0.009571793,   0.015662962,   0.018356139
     -4.005288,   -2.016588,    1.240613,  -0.000009592,   0.006181780,   0.010115485,   0.011854852
     -6.420000,   -1.509154,    0.928438,   0.000026485,   0.008522983,   0.013968815,   0.016363671
      5.009708,    3.694180,   -2.272675,  -0.000007604,   0.016342812,   0.026679633,   0.031287224
      5.409593,   -2.180812,    1.341644,  -0.000006262,   0.012029759,   0.019639357,   0.023030838
      4.813010,   -0.497814,    0.306257,  -0.000002540,   0.008717779,   0.014227211,   0.016685719
     -1.599163,   -1.335538,    0.821629,   0.000000000,   0.002474898,   0.004038667,   0.004736660
      0.600216,    0.167867,   -0.103272,   0.000001725,  -0.000221734,  -0.000355931,   0.000419352
     -4.003972,   -1.848955,    1.137485,  -0.000007825,   0.005998450,   0.009809166,   0.011497879
     -6.218036,   -1.342682,    0.826023,   0.000018988,   0.009205904,   0.015064484,   0.017654680
      5.210166,    3.696158,   -2.273892,   0.000000000,   0.016955967,   0.027669623,   0.032451700
      5.410447,   -2.348950,    1.445084,  -0.000011678,   0.013033357,   0.021272164,   0.024947414
      4.813484,   -0.667764,    0.410811,  -0.000002659,   0.008706491,   0.014211942,   0.016666802
     -1.800217,   -1.337169,    0.822632,   0.000000000,   0.002474898,   0.004038667,   0.004736660
      0.801074,    0.168493,   -0.103657,   0.000002366,  -0.000218344,  -0.000348946,   0.000411635
     -6.420000,   -1.341470,    0.825278,   0.000030417,   0.008103489,   0.013282344,   0.015559181
     -4.002953,   -1.681553,    1.034498,  -0.000006610,   0.005964610,   0.009749237,   0.011429096
      5.411113,    3.698388,   -2.275264,   0.000000000,   0.016955967,   0.027669623,   0.032451700
      5.410924,   -2.516792,    1.548341,  -0.000014124,   0.014140231,   0.023070161,   0.027058800
      4.813971,   -0.836491,    0.514613,  -0.000002808,   0.008826344,   0.014411103,   0.016899238
     -2.000335,   -1.335459,    0.821580,   0.000000000,   0.002474898,   0.004038667,   0.004736660
      1.001058,    0.168477,   -0.103647,   0.000002438,   0.000002925,   0.000011685,   0.000012290
     -6.218638,   -1.174865,    0.722782,   0.000022645,   0.008811571,   0.014421050,   0.016900029
     -4.004631,   -1.511499,    0.929880,  -0.000006014,   0.005933718,   0.009696565,   0.011368044
     -6.420000,   -1.173786,    0.722118,   0.000034158,   0.007702916,   0.012627999,   0.014791972
      5.612036,    3.696910,   -2.274354,   0.000000000,   0.016955967,   0.027669623,   0.032451700
      5.410105,   -2.686049,    1.652468,  -0.000014278,   0.015383610,   0.025088429,   0.029429320
      4.813245,   -1.003344,    0.617261,  -0.000003740,   0.009128644,   0.014905805,   0.017478993
     -2.201672,   -1.332488,    0.819752,  -0.000003461,   0.002514962,   0.004112946,   0.004820931
      1.201149,    0.168992,   -0.103965,   0.000001370,   0.000418312,   0.000687307,   0.000804598
     -4.005678,   -1.341137,    0.825073,  -0.000007164,   0.005892165,   0.009629042,   0.011288761
     -6.219077,   -1.007020,    0.619523,   0.000025518,   0.008450148,   0.013831192,   0.016208255
      5.814304,    3.695214,   -2.273311,  -0.000002584,   0.016670920,   0.027201913,   0.031903975
      5.409187,   -2.855956,    1.756996,  -0.000010034,   0.016594429,   0.027059550,   0.031742628
      4.810744,   -1.170284,    0.719963,  -0.000004135,   0.009464800,   0.015453960,   0.018122012
     -2.402111,   -1.330860,    0.818751,  -0.000005412,   0.002610534,   0.004274971,   0.005009021
      1.400924,    0.169246,   -0.104121,  -0.000000138,   0.000890907,   0.001455574,   0.001706579
     -6.420000,   -1.006102,    0.618958,   0.000036978,   0.007348212,   0.012048140,   0.014112238
     -4.007944,   -1.171421,    0.720663,  -0.000009718,   0.005782940,   0.009449873,   0.011078925
      5.405923,   -3.027515,    1.862539,   0.000000000,   0.017167108,   0.028014175,   0.032855800
      4.808324,   -1.338996,    0.823756,  -0.000003769,   0.009738295,   0.015899398,   0.018644711
     -2.602447,   -1.330313,    0.818414,  -0.000006196,   0.002913719,   0.004772025,   0.005591245
      1.599901,    0.168634,   -0.103744,   0.000000000,   0.001145400,   0.001869124,   0.002192160
     -6.218971,   -0.839270,    0.516323,   0.000026907,   0.008180632,   0.013389937,   0.015691204
     -5.811389,   -3.527102,    2.169887,   0.000001063,   0.016883039,   0.027549935,   0.032311545
     -4.008404,   -1.001753,    0.616283,  -0.000011686,   0.005588883,   0.009132106,   0.010706592
     -6.420000,   -0.838419,    0.515799,   0.000038635,   0.007069651,   0.011591029,   0.013576944
      4.804812,   -1.507801,    0.927606,  -0.000003428,   0.009918819,   0.016193265,   0.018989597
     -2.802777,   -1.331216,    0.818969,  -0.000005318,   0.003437677,   0.005624916,   0.006592218
     -5.808990,   -3.360508,    2.067398,   0.000000977,   0.016877555,   0.027537735,   0.032298278
      5.404924,    3.205793,   -1.972217,   0.000000000,   0.016955967,   0.027669623,   0.032451700
     -4.008491,   -0.833506,    0.512776,  -0.000012541,   0.005337807,   0.008721294,   0.010225131
     -6.218216,   -0.671312,    0.412994,   0.000026987,   0.008019729,   0.013124491,   0.015380801
      4.805496,   -1.675674,    1.030881,  -0.000002522,   0.010017371,   0.016354820,   0.019178839
     -3.002955,   -1.332284,    0.819627,  -0.000002838,   0.004131606,   0.006751579,   0.007915428
     -6.420000,   -0.670735,    0.412639,   0.000039179,   0.006885773,   0.011286794,   0.013221465
     -5.811157,   -3.192742,    1.964188,   0.000000600,   0.016852531,   0.027491229,   0.032245549
      5.409870,    3.034119,   -1.866602,   0.000000000,   0.016955967,   0.027669623,   0.032451700
     -4.008509,   -0.663708,    0.408316,  -0.000012834,   0.005040816,   0.008235215,   0.009655504
      1.600902,    0.001571,   -0.000966,   0.000000000,   0.001145400,   0.001869124,   0.002192160
      4.803739,   -1.843971,    1.134418,  -0.000001757,   0.010124543,   0.016531660,   0.019385617
     -6.218478,   -0.503306,    0.309636,   0.000025911,   0.007962074,   0.013026531,   0.015267148
     -5.813475,   -3.024364,    1.860601,   0.000004085,   0.016620905,   0.027102439,   0.031793030
      5.412267,    2.864733,   -1.762395,  -0.000008303,   0.016388398,   0.026757884,   0.031377763
     -4.007970,   -0.495236,    0.304671,  -0.000011066,   0.004754620,   0.007765729,   0.009105662
      3.205218,    0.668496,   -0.411261,   0.000006601,   0.003466223,   0.005657328,   0.006634765
     -1.599908,    0.000689,   -0.000424,   0.000000000,   0.001146634,   0.001871136,   0.002194520
     -6.420000,   -0.503051,    0.309479,   0.000039052,   0.006782150,   0.011112654,   0.013018839
      3.206369,    0.500678,   -0.308019,   0.000003793,   0.003589987,   0.005858808,   0.006871219
      4.806929,   -2.011874,    1.237713,  -0.000001805,   0.010395931,   0.016976093,   0.019906359
     -5.815011,   -2.856938,    1.757600,   0.000012114,   0.015886610,   0.025908668,   0.030391505
      5.413002,    2.694675,   -1.657775,  -0.000011763,   0.015137277,   0.024710508,   0.028978380
     -4.006791,   -0.326709,    0.200993,  -0.000008491,   0.004571009,   0.007465758,   0.008753955
     -6.217868,   -0.335404,    0.206342,   0.000024355,   0.007968467,   0.013032714,   0.015275756
      4.806457,   -2.179949,    1.341113,  -0.000002498,   0.010865187,   0.017741871,   0.020804478
      3.202144,    0.338134,   -0.208022,   0.000001046,   0.003722564,   0.006074714,   0.007124579
     -6.420000,   -0.335367,    0.206319,   0.000038573,   0.006735723,   0.011031672,   0.012925527
     -5.816163,   -2.687598,    1.653422,   0.000018069,   0.014828143,   0.024194052,   0.028376510
      5.412368,    2.527659,   -1.555026,  -0.000011243,   0.013851604,   0.022602931,   0.026509612
     -4.005266,   -0.158611,    0.097578,  -0.000006830,   0.004523724,   0.007388119,   0.008663049
      1.402369,    0.002385,   -0.001467,  -0.000000169,   0.000896600,   0.001465639,   0.001718135
      4.807983,   -2.348333,    1.444704,  -0.000003848,   0.011592788,   0.018924742,   0.022193211
      3.200938,    0.172345,   -0.106027,  -0.000000263,   0.003782067,   0.006172773,   0.007239279
     -6.217292,   -0.167553,    0.103080,   0.000023138,   0.007985284,   0.013055922,   0.015304326
     -5.815477,   -2.519797,    1.550189,   0.000019375,   0.013808644,   0.022542461,   0.026435611
      5.413004,    2.360089,   -1.451937,  -0.000009219,   0.012756315,   0.020810743,   0.024409233
     -4.004578,    0.009205,   -0.005663,  -0.000006554,   0.004529410,   0.007396664,   0.008673306
      1.201889,    0.002164,   -0.001331,   0.000001176,   0.000439276,   0.000722736,   0.000845761
     -6.420000,   -0.167684,    0.103160,   0.000038155,   0.006714148,   0.010991518,   0.012880012
      4.808520,   -2.516732,    1.548304,  -0.000005320,   0.012499048,   0.020395102,   0.023920418
      3.199829,    0.005420,   -0.003334,  -0.000000382,   0.003786029,   0.006180069,   0.007247570
     -5.815375,   -2.352429,    1.447224,   0.000017691,   0.012865341,   0.021013009,   0.024638666
      5.411589,    2.192340,   -1.348736,  -0.000005096,   0.011848286,   0.019328697,   0.022671137
     -4.007301,    0.178590,   -0.109869,  -0.000006855,   0.004535497,   0.007406698,   0.008685042
      1.002378,    0.002074,   -0.001276,   0.000002272,   0.000027328,   0.000052910,   0.000059595
     -6.217072,    0.000277,   -0.000171,   0.000022684,   0.007984376,   0.013050476,   0.015299205
      3.202034,   -0.161745,    0.099506,  -0.000000286,   0.003788384,   0.006184965,   0.007252975
     -6.420000,    0.000000,   -0.000000,   0.000038197,   0.006689722,   0.010947081,   0.012829357
     -5.814657,   -2.184690,    1.344030,   0.000013236,   0.012097789,   0.019765367,   0.023173830
      5.409952,    2.024700,   -1.245603,   0.000000000,   0.011419363,   0.018634707,   0.021855300
      4.809222,    2.690395,   -1.655142,  -0.000007173,   0.013207750,   0.021556298,   0.025280797
     -4.009961,    0.349840,   -0.215223,  -0.000009360,   0.004595045,   0.007505781,   0.008800641
      0.802482,    0.001862,   -0.001146,   0.000002218,  -0.000197000,  -0.000312687,   0.000369577
      3.204590,   -0.329419,    0.202660,   0.000001190,   0.003743649,   0.006114536,   0.007169551
     -6.217455,    0.168092,   -0.103411,   0.000023406,   0.007942713,   0.012978971,   0.015216469
     -5.813558,   -2.016975,    1.240851,   0.000006955,   0.011656676,   0.019044136,   0.022328396
      5.405682,    1.857522,   -1.142755,   0.000000000,   0.011419363,   0.018634707,   0.021855300
      4.810087,    2.521493,   -1.551233,  -0.000004421,   0.012162387,   0.019843946,   0.023274575
     -4.008066,    0.514999,   -0.316830,  -0.000012134,   0.004768218,   0.007787486,   0.009131319
      0.602284,    0.001674,   -0.001030,   0.000001616,  -0.000206779,  -0.000330349,   0.000389732
     -6.420000,    0.167684,   -0.103160,   0.000038722,   0.006657615,   0.010890323,   0.012764187
      3.204972,   -0.496346,    0.305354,   0.000004156,   0.003626709,   0.005926009,   0.006947706
     -5.811132,   -1.849332,    1.137717,   0.000002285,   0.011518918,   0.018811296,   0.022057885
      5.392800,    1.690252,   -1.039850,   0.000000000,   0.011419363,   0.018634707,   0.021855300
      4.810582,    2.353572,   -1.447927,  -0.000002112,   0.011256479,   0.018362539,   0.021538133
     -4.007043,    0.681187,   -0.419069,  -0.000013385,   0.005040607,   0.008229348,   0.009650392
      0.400965,    0.001405,   -0.000865,   0.000000974,  -0.000082120,  -0.000130316,   0.000154035
     -6.218110,    0.335888,   -0.206640,   0.000024891,   0.007882310,   0.012877217,   0.015098151
      3.206109,   -0.664015,    0.408505,   0.000006689,   0.003555431,   0.005811974,   0.006813235
     -6.420000,    0.335367,   -0.206319,   0.000039669,   0.006623446,   0.010830100,   0.012694986
     -5.809133,   -1.681583,    1.034516,   0.000000851,   0.011474866,   0.018735755,   0.021970459
      5.406417,    1.523734,   -0.937407,   0.000000000,   0.011419363,   0.018634707,   0.021855300
      4.810257,    2.186060,   -1.344873,  -0.000000547,   0.010576085,   0.017252612,   0.020236260
     -4.008226,    0.847629,   -0.521465,  -0.000012714,   0.005327932,   0.008695838,   0.010198266
      0.200406,    0.001083,   -0.000666,   0.000000000,   0.000000000,   0.000000000,   0.000000000
      3.205919,   -0.831831,    0.511746,   0.000007201,   0.003674427,   0.006006869,   0.007041587
     -6.218668,    0.503692,   -0.309873,   0.000026723,   0.007832462,   0.012792751,   0.015000089
     -5.811637,   -1.513501,    0.931112,   0.000000084,   0.011413519,   0.018633294,   0.021851042
      5.411560,    1.356883,   -0.834760,   0.000000000,   0.011419363,   0.018634707,   0.021855300
      4.808553,    2.019518,   -1.242416,  -0.000000067,   0.010159433,   0.016574732,   0.019440571
     -4.006956,    1.015251,   -0.624586,  -0.000011489,   0.005568066,   0.009085234,   0.010655748
      0.000001,   -0.000001,    0.000001,   0.000000000,   0.000000000,   0.000000000,   0.000000000
     -6.420000,    0.503051,   -0.309479,   0.000040614,   0.006617519,   0.010815446,   0.012679396
      3.205709,   -1.000134,    0.615287,   0.000005280,   0.004027650,   0.006580991,   0.007715662
     -5.814139,   -1.345273,    0.827618,   0.000001038,   0.011245570,   0.018357072,   0.021527772
      5.413673,    1.189575,   -0.731832,  -0.000005208,   0.011200103,   0.018278262,   0.021436819
      4.807230,    1.852900,   -1.139912,  -0.000000584,   0.009952477,   0.016238117,   0.019045425
     -4.005728,    1.181926,   -0.727126,  -0.000009125,   0.005751186,   0.009381499,   0.011004033
     -0.201699,    0.000416,   -0.000256,   0.000000000,   0.000000000,   0.000000000,   0.000000000
     -6.219090,    0.671541,   -0.413135,   0.000028113,   0.007847457,   0.012813774,   0.015025850
      3.205471,   -1.168956,    0.719147,   0.000002059,   0.004517779,   0.007376575,   0.008650098
     -6.420000,    0.670735,   -0.412639,   0.000041150,   0.006675663,   0.010904717,   0.012785892
     -5.815940,   -1.177504,    0.724405,   0.000005386,   0.010806659,   0.017644239,   0.020690652
      5.414034,    1.020464,   -0.627794,  -0.000008242,   0.010758076,   0.017555340,   0.020589469
      4.806016,    1.687417,   -1.038106,  -0.000001783,   0.009862421,   0.016090822,   0.018872782
     -4.004148,    1.349079,   -0.829959,  -0.000006672,   0.005855580,   0.009550743,   0.011202881
     -0.401546,    0.001045,   -0.000643,  -0.000000968,  -0.000080991,  -0.000128470,   0.000151872
     -6.218971,    0.839875,   -0.516695,   0.000028232,   0.007984810,   0.013034170,   0.015285535
     -5.816783,   -1.007851,    0.620034,   0.000009895,   0.010293154,   0.016811676,   0.019712472
      5.414638,    0.852324,   -0.524353,  -0.000008829,   0.010398441,   0.016968516,   0.019901211
      4.807428,    1.520062,   -0.935148,  -0.000003196,   0.009791039,   0.015973008,   0.018735032
     -4.002997,    1.516810,   -0.933148,  -0.000005799,   0.005888055,   0.009604120,   0.011265360
      3.202602,    1.343086,   -0.826272,  -0.000000345,   0.004746041,   0.007744859,   0.009083378
     -0.601430,    0.000928,   -0.000571,  -0.000001601,  -0.000203840,  -0.000325596,   0.000384144
     -6.420000,    0.838419,   -0.515799,   0.000041004,   0.006823685,   0.011140511,   0.013064277
     -5.816049,   -0.839893,    0.516706,   0.000011556,   0.009969696,   0.016285703,   0.019095002
      4.809355,    1.352843,   -0.832275,  -0.000003678,   0.009607336,   0.015672145,   0.018382520
     -4.001630,    1.684305,   -1.036191,  -0.000006500,   0.005910742,   0.009640149,   0.011307934
      3.203765,    1.174168,   -0.722353,   0.000002433,   0.004368308,   0.007129043,   0.008360944
     -0.801908,    0.000994,   -0.000612,  -0.000002207,  -0.000193892,  -0.000307667,   0.000363673
     -6.218167,    1.007998,   -0.620124,   0.000027052,   0.008241938,   0.013450302,   0.015774692
     -5.201923,    3.197717,   -1.967248,   0.000000000,   0.017058794,   0.027837422,   0.032648500
     -6.420000,    1.006102,   -0.618958,   0.000039747,   0.007075375,   0.011546193,   0.013541680
     -5.816082,   -0.671999,    0.413417,   0.000010640,   0.009850625,   0.016090366,   0.018866235
      4.810698,    1.186580,   -0.729989,  -0.000003918,   0.009333452,   0.015225233,   0.017858361
     -4.002836,    1.851441,   -1.139014,  -0.000007883,   0.005937416,   0.009681742,   0.011357337
      3.205022,    1.005407,   -0.618530,   0.000005807,   0.003884958,   0.006340030,   0.007435652
     -1.002459,    0.001110,   -0.000683,  -0.000002258,   0.000031528,   0.000059694,   0.000067546
     -5.002507,    3.194336,   -1.965169,   0.000008646,   0.016465414,   0.026879508,   0.031521705
     -6.218870,    1.175821,   -0.723370,   0.000024498,   0.008584665,   0.014006697,   0.016428166
     -5.815001,   -0.503980,    0.310050,   0.000007036,   0.009950971,   0.016251346,   0.019055921
      4.810499,    1.017776,   -0.626140,  -0.000003375,   0.008998116,   0.014679985,   0.017218248
     -4.004008,    2.018683,   -1.241902,  -0.000011016,   0.006114821,   0.009968491,   0.011694528
      3.204791,    0.837080,   -0.514975,   0.000007524,   0.003546914,   0.005788612,   0.006788864
     -1.201479,    0.000974,   -0.000599,  -0.000001161,   0.000442749,   0.000728320,   0.000852337
     -6.420000,    1.173786,   -0.722118,   0.000037324,   0.007407782,   0.012084753,   0.014174551
     -4.804206,    3.193825,   -1.964854,   0.000006444,   0.015252168,   0.024902223,   0.029201873
     -5.813935,   -0.335823,    0.206600,   0.000002883,   0.010102147,   0.016494927,   0.019342595
      4.810769,    0.848578,   -0.522049,  -0.000002509,   0.008733412,   0.014251661,   0.016714734
     -1.401154,    0.000728,   -0.000448,   0.000000179,   0.000898186,   0.001468168,   0.001721121
     -6.217820,    1.343555,   -0.826560,   0.000021033,   0.008966869,   0.014627640,   0.017157302
     -4.605204,    3.191554,   -1.963457,   0.000001965,   0.013986279,   0.022835247,   0.026778060
      4.004292,   -2.012907,    1.238349,   0.000009523,   0.006127440,   0.010027843,   0.011751734
     -3.005693,    1.340629,   -0.824760,  -0.000002860,   0.004091039,   0.006674249,   0.007828295
     -6.420000,    1.341470,   -0.825278,   0.000033864,   0.007786146,   0.012698909,   0.014895889
     -5.811437,   -0.167672,    0.103153,   0.000000941,   0.010154031,   0.016575875,   0.019438723
     -4.404691,    3.192838,   -1.964247,  -0.000001643,   0.012820692,   0.020930708,   0.024545156
     -4.607744,    2.689459,   -1.654566,   0.000001168,   0.012247446,   0.019987686,   0.023441577
      3.802579,   -2.013673,    1.238820,   0.000000000,   0.005421341,   0.008846824,   0.010375800
     -2.805584,    1.338399,   -0.823389,  -0.000005482,   0.003360856,   0.005481286,   0.006429610
     -6.217212,    1.511357,   -0.929793,   0.000017944,   0.009312806,   0.015188730,   0.017816459
     -5.809382,    0.000495,   -0.000304,   0.000000784,   0.010155419,   0.016576251,   0.019439769
     -6.420000,    1.509154,   -0.928438,   0.000029917,   0.008180450,   0.013338339,   0.015647107
     -4.203937,    3.191786,   -1.963600,  -0.000003746,   0.011787797,   0.019241922,   0.022565543
     -4.406677,    2.688615,   -1.654047,  -0.000003593,   0.011193293,   0.018266295,   0.021423056
      3.602170,   -2.014144,    1.239110,   0.000000000,   0.005421341,   0.008846824,   0.010375800
     -2.605266,    1.338061,   -0.823180,  -0.000006257,   0.002813705,   0.004587771,   0.005381879
     -5.811871,    0.169129,   -0.104049,   0.000000858,   0.010145752,   0.016558957,   0.019419973
     -6.217019,    1.679198,   -1.033049,   0.000015770,   0.009627216,   0.015697375,   0.018414427
     -4.002945,    3.193527,   -1.964671,  -0.000003746,   0.010942601,   0.017859551,   0.020945264
     -4.205504,    2.688185,   -1.653782,  -0.000006307,   0.010292798,   0.016796322,   0.019699192
      3.402858,   -2.009788,    1.236430,   0.000000000,   0.005421341,   0.008846824,   0.010375800
     -2.405393,    1.336035,   -0.821934,  -0.000005319,   0.002489260,   0.004058583,   0.004761149
     -6.420000,    1.676837,   -1.031597,   0.000026535,   0.008570837,   0.013969485,   0.016389218
     -5.814490,    0.338029,   -0.207957,   0.000002496,   0.010080690,   0.016451000,   0.019293930
     -3.801744,    3.196542,   -1.966525,   0.000000000,   0.010463086,   0.017074205,   0.020025100
     -4.005202,    2.688337,   -1.653876,  -0.000006758,   0.009621505,   0.015701128,   0.018414636
      3.200561,   -2.007018,    1.234726,   0.000003396,   0.005179698,   0.008470574,   0.009928741
     -2.205825,    1.337660,   -0.822934,  -0.000003242,   0.002398788,   0.003911977,   0.004588873
     -6.217443,    1.847037,   -1.136304,   0.000015256,   0.009932067,   0.016189578,   0.018993384
     -5.816356,    0.507131,   -0.311989,   0.000006658,   0.009893615,   0.016146047,   0.018936169
     -6.420000,    1.844521,   -1.134757,   0.000024476,   0.008976201,   0.014623103,   0.017158320
     -3.600354,    3.200858,   -1.969181,   0.000000000,   0.010463086,   0.017074205,   0.020025100
     -3.804366,    2.688689,   -1.654093,  -0.000005368,   0.009206524,   0.015025443,   0.017621693
      2.999988,   -2.003823,    1.232760,   0.000004194,   0.004805997,   0.007865446,   0.009217530
     -2.004479,    1.337119,   -0.822601,   0.000000000,   0.002373763,   0.003873630,   0.004543100
     -5.817158,    0.676382,   -0.416113,   0.000010524,   0.009755775,   0.015921798,   0.018672946
     -6.218128,    2.014848,   -1.239543,   0.000016395,   0.010295631,   0.016777573,   0.019684696
     -3.400694,    3.192672,   -1.964145,   0.000000000,   0.010463086,   0.017074205,   0.020025100
     -3.603851,    2.686267,   -1.652603,  -0.000004022,   0.008909426,   0.014541953,   0.017054216
      2.801347,   -2.003118,    1.232327,   0.000004855,   0.004311886,   0.007063523,   0.008275611
     -1.802543,    1.337159,   -0.822626,   0.000000000,   0.002373763,   0.003873630,   0.004543100
     -6.420000,    2.012205,   -1.237917,   0.000024197,   0.009430167,   0.015355374,   0.018019882
     -5.816414,    0.844386,   -0.519470,   0.000011438,   0.009858285,   0.016088427,   0.018868582
     -3.201958,    3.187156,   -1.960751,   0.000001891,   0.010047740,   0.016402678,   0.019235512
     -3.404042,    2.684283,   -1.651382,  -0.000003592,   0.008563344,   0.013977362,   0.016391996
      2.601212,   -2.002233,    1.231782,   0.000004882,   0.003797980,   0.006227033,   0.007293875
     -1.604479,    1.334035,   -0.820704,   0.000000000,   0.002373763,   0.003873630,   0.004543100
     -6.218745,    2.182631,   -1.342764,   0.000018607,   0.010789729,   0.017580280,   0.020627284
     -5.816616,    1.012619,   -0.622967,   0.000009595,   0.010185691,   0.016622257,   0.019494815
     -6.420000,    2.179889,   -1.341076,   0.000025534,   0.009969143,   0.016228007,   0.019045542
     -3.002111,    3.184555,   -1.959151,  -0.000000335,   0.009289718,   0.015167537,   0.017786316
     -3.202877,    2.681963,   -1.649955,  -0.000003893,   0.008076690,   0.013182618,   0.015460089
      2.401120,   -2.003187,    1.232369,   0.000004221,   0.003299984,   0.005413447,   0.006339978
     -1.405057,    1.331151,   -0.818929,   0.000000565,   0.002003311,   0.003268750,   0.003833795
     -5.815514,    1.180610,   -0.726316,   0.000005011,   0.010703761,   0.017468327,   0.020486897
     -6.218110,    2.350308,   -1.445919,   0.000021047,   0.011441801,   0.018644211,   0.021875142
     -2.801286,    3.182786,   -1.958063,  -0.000002677,   0.008540576,   0.013944154,   0.016351785
     -3.002789,    2.679425,   -1.648393,  -0.000005073,   0.007437905,   0.012138059,   0.014235692
      2.201421,   -2.005210,    1.233614,   0.000003070,   0.002799548,   0.004592887,   0.005378856
     -1.204885,    1.329160,   -0.817705,  -0.000001447,   0.001408610,   0.002296777,   0.002694322
     -6.420000,    2.347572,   -1.444236,   0.000027583,   0.010619579,   0.017286838,   0.020288198
     -5.814294,    1.348524,   -0.829617,   0.000000845,   0.011143193,   0.018184763,   0.021327362
     -2.602031,    3.182417,   -1.957836,  -0.000003223,   0.007988466,   0.013042131,   0.015294207
     -2.803605,    2.676950,   -1.646870,  -0.000005956,   0.006786989,   0.011073660,   0.012988041
      2.000531,   -2.007620,    1.235096,   0.000000000,   0.002453486,   0.004003725,   0.004695680
     -1.005695,    1.328255,   -0.817148,  -0.000002528,   0.000955868,   0.001557111,   0.001827098
     -6.217646,    2.518512,   -1.549399,   0.000022489,   0.012238734,   0.019949076,   0.023404118
     -5.811592,    1.516529,   -0.932975,   0.000000153,   0.011307935,   0.018451007,   0.021640450
     -6.420000,    2.515256,   -1.547396,   0.000029274,   0.011363085,   0.018503288,   0.021713871
     -2.402014,    3.182986,   -1.958186,  -0.000002321,   0.007669495,   0.012520658,   0.014682916
     -2.602541,    2.675666,   -1.646081,  -0.000005571,   0.006277502,   0.010241440,   0.012012250
      1.800505,   -2.009155,    1.236040,   0.000000000,   0.002453486,   0.004003725,   0.004695680
     -0.807032,    1.328319,   -0.817187,  -0.000002431,   0.000721126,   0.001173874,   0.001377682
     -5.809427,    1.684584,   -1.036363,   0.000000898,   0.011360429,   0.018535061,   0.021739546
     -6.218033,    2.685940,   -1.652401,   0.000022335,   0.013078843,   0.021327336,   0.025018231
     -2.201268,    3.185712,   -1.959863,  -0.000001218,   0.007519324,   0.012273634,   0.014393829
     -2.401914,    2.677459,   -1.647184,  -0.000004083,   0.005984522,   0.009764194,   0.011452249
      1.601446,   -2.005133,    1.233566,   0.000000000,   0.002453486,   0.004003725,   0.004695680
     -0.607161,    1.329758,   -0.818073,  -0.000001798,   0.000738680,   0.001203015,   0.001411699
     -6.420000,    2.682940,   -1.650556,   0.000029544,   0.012151427,   0.019798227,   0.023229891
     -5.811988,    1.852653,   -1.139760,   0.000002143,   0.011397877,   0.018594310,   0.021809630
     -2.000101,    3.190351,   -1.962717,   0.000000000,   0.007415352,   0.012100754,   0.014192100
     -2.201925,    2.678550,   -1.647855,  -0.000002582,   0.005852364,   0.009549947,   0.011200521
      1.400002,   -2.000881,    1.230950,   0.000000087,   0.002246383,   0.003681313,   0.004312575
     -0.407407,    1.332302,   -0.819638,  -0.000001328,   0.000955855,   0.001558449,   0.001828229
     -6.218089,    2.853352,   -1.755394,   0.000020426,   0.013870858,   0.022627550,   0.026540670
     -5.812854,    2.019483,   -1.242394,   0.000005419,   0.011519131,   0.018787568,   0.022037766
     -6.420000,    2.850624,   -1.753715,   0.000028275,   0.012891210,   0.021016400,   0.024655084
     -1.799072,    3.197510,   -1.967122,   0.000000000,   0.007415352,   0.012100754,   0.014192100
     -2.001053,    2.679873,   -1.648669,  -0.000001610,   0.005824591,   0.009506601,   0.011149050
      1.200010,   -1.998322,    1.229376,   0.000001442,   0.002032260,   0.003341781,   0.003911213
     -0.205951,    1.334576,   -0.821037,   0.000000000,   0.001108763,   0.001809337,   0.002122040
     -5.813377,    2.186050,   -1.344867,   0.000009731,   0.011902677,   0.019410610,   0.022769401
     -6.217509,    3.020717,   -1.858357,   0.000017723,   0.014505397,   0.023668616,   0.027759868
     -1.599171,    3.189641,   -1.962280,   0.000000000,   0.007415352,   0.012100754,   0.014192100
     -1.800488,    2.680190,   -1.648864,  -0.000001323,   0.005780345,   0.009436141,   0.011065856
      1.001462,   -1.997498,    1.228869,   0.000001756,   0.001808416,   0.002980432,   0.003486165
     -0.005544,    1.336717,   -0.822354,   0.000000000,   0.001108763,   0.001809337,   0.002122040
     -6.420000,    3.018307,   -1.856875,   0.000026211,   0.013489189,   0.022002345,   0.025808179
     -5.814290,    2.354227,   -1.448330,   0.000012901,   0.012632109,   0.020602045,   0.024166394
     -1.400120,    3.184499,   -1.959117,   0.000001022,   0.007166523,   0.011700460,   0.013720780
     -1.600616,    2.678479,   -1.647811,  -0.000001651,   0.005569892,   0.009092277,   0.010662701
      0.800952,   -1.997996,    1.229175,   0.000001695,   0.001580266,   0.002609319,   0.003050539
      0.193657,    1.333084,   -0.820119,   0.000000000,   0.001108763,   0.001809337,   0.002122040
     -6.217173,    3.188308,   -1.961460,   0.000015656,   0.014908989,   0.024329862,   0.028534547
     -5.814144,    2.521622,   -1.551313,   0.000013599,   0.013606231,   0.022197817,   0.026035990
     -6.420000,    3.185991,   -1.960035,   0.000024419,   0.013888589,   0.022661737,   0.026579086
     -1.199976,    3.182331,   -1.957783,  -0.000000251,   0.006648761,   0.010857582,   0.012731579
     -1.399409,    2.676282,   -1.646460,  -0.000002140,   0.005212345,   0.008507518,   0.009977294
      0.600234,   -1.999735,    1.230245,   0.000001426,   0.001361145,   0.002249776,   0.002629488
      0.391857,    1.329982,   -0.818210,   0.000001265,   0.000957615,   0.001561563,   0.001831804
     -5.813854,    2.689862,   -1.654814,   0.000011731,   0.014704051,   0.023998372,   0.028144824
     -6.216630,    3.355679,   -2.064427,   0.000014670,   0.015106122,   0.024652747,   0.028912853
     -0.998965,    3.181009,   -1.956970,  -0.000001097,   0.006184521,   0.010099602,   0.011842731
     -1.199305,    2.674401,   -1.645303,  -0.000002609,   0.004755431,   0.007759495,   0.009100763
      0.399906,   -2.002411,    1.231891,   0.000001546,   0.001199839,   0.001976904,   0.002312524
      0.590699,    1.327979,   -0.816978,   0.000001710,   0.000738094,   0.001202380,   0.001410852
     -6.420000,    3.353675,   -2.063195,   0.000023850,   0.014075703,   0.022972184,   0.026941552
     -5.813151,    2.857703,   -1.758071,   0.000006590,   0.015809016,   0.025809940,   0.030266781
     -0.799767,    3.181045,   -1.956992,  -0.000000722,   0.005965150,   0.009741364,   0.011422661
     -1.000083,    2.672726,   -1.644272,  -0.000002340,   0.004324084,   0.007053157,   0.008273134
      0.198655,   -2.005594,    1.233849,   0.000000000,   0.001163254,   0.001898258,   0.002226330
      0.789928,    1.327574,   -0.816729,   0.000002344,   0.000714709,   0.001163718,   0.001365670
     -6.217207,    3.522629,   -2.167136,   0.000015337,   0.015121460,   0.024678578,   0.028942892
     -5.812441,    3.025752,   -1.861455,   0.000001160,   0.016564057,   0.027042629,   0.031712328
     -6.420000,    3.521359,   -2.166354,   0.000024600,   0.014100784,   0.023016621,   0.026992547
     -0.599795,    3.181985,   -1.957570,  -0.000000161,   0.006015590,   0.009823802,   0.011519306
     -0.799037,    2.672117,   -1.643897,  -0.000001040,   0.004054064,   0.006611601,   0.007755559
     -0.001584,   -2.008257,    1.235488,   0.000000000,   0.001163254,   0.001898258,   0.002226330
      0.990967,    1.328056,   -0.817025,   0.000002492,   0.000943956,   0.001537906,   0.001804499
     -5.810242,    3.193782,   -1.964828,  -0.000000208,   0.016802599,   0.027424071,   0.032162198
     -6.218013,    3.689923,   -2.270055,   0.000017200,   0.015036289,   0.024540700,   0.028780832
     -0.399427,    3.185025,   -1.959441,  -0.000000369,   0.006199303,   0.010121526,   0.011869147
     -0.598456,    2.674561,   -1.645401,   0.000000641,   0.004012962,   0.006545936,   0.007678095
     -0.200779,   -2.004538,    1.233200,   0.000000000,   0.001163254,   0.001898258,   0.002226330
      1.195635,    1.329396,   -0.817850,   0.000001380,   0.001412637,   0.002303477,   0.002702139
     -6.420000,    3.689042,   -2.269514,   0.000026494,   0.014020387,   0.022887879,   0.026840770
     -5.808846,    3.360842,   -2.067604,   0.000000521,   0.016825472,   0.027457984,   0.032203064
     -0.198701,    3.189911,   -1.962446,   0.000000000,   0.006270923,   0.010233217,   0.012001800
     -0.398524,    2.676260,   -1.646446,   0.000001541,   0.004086891,   0.006668333,   0.007821083
     -0.401768,   -2.000492,    1.230711,  -0.000001525,   0.001196362,   0.001970900,   0.002305586
      1.397545,    1.334681,   -0.821101,  -0.000000632,   0.002016023,   0.003289424,   0.003858064
     -6.218801,    3.857335,   -2.373048,   0.000019761,   0.014906816,   0.024330736,   0.028534160
     -5.811436,    3.527453,   -2.170104,   0.000000924,   0.016827446,   0.027459197,   0.032205130
     -6.420000,    3.856726,   -2.372674,   0.000029079,   0.013894456,   0.022684105,   0.026601228
      0.001866,    3.197342,   -1.967018,   0.000000000,   0.006270923,   0.010233217,   0.012001800
     -0.197679,    2.678150,   -1.647609,   0.000001204,   0.004193675,   0.006844063,   0.008026713
     -0.602110,   -1.998228,    1.229318,  -0.000001356,   0.001360516,   0.002248204,   0.002627817
      1.599184,    1.339545,   -0.824093,   0.000000000,   0.002382980,   0.003888670,   0.004560740
     -6.420000,    4.024410,   -2.475833,   0.000031990,   0.013757728,   0.022462297,   0.026340670
      5.811499,   -3.525103,    2.168658,  -0.000000925,   0.016867550,   0.027523537,   0.032280944
      0.202161,    3.189598,   -1.962254,   0.000000000,   0.006270923,   0.010233217,   0.012001800
      0.002743,    2.678963,   -1.648109,  -0.000000042,   0.004263315,   0.006959223,   0.008161289
     -0.801295,   -1.997576,    1.228917,  -0.000001547,   0.001588937,   0.002622585,   0.003066379
      1.800324,    1.342338,   -0.825812,   0.000000000,   0.002382980,   0.003888670,   0.004560740
     -6.219375,    4.024410,   -2.475833,   0.000022625,   0.014770551,   0.024109586,   0.028274402
      5.608412,   -3.529598,    2.171423,   0.000000000,   0.017167108,   0.028014175,   0.032855800
      0.401641,    3.184487,   -1.959109,   0.000000408,   0.006204561,   0.010130398,   0.011879459
      0.202534,    2.677861,   -1.647431,  -0.000001267,   0.004187040,   0.006833175,   0.008013961
     -1.001015,   -1.997950,    1.229147,  -0.000001532,   0.001834407,   0.003021569,   0.003534817
      2.000301,    1.341018,   -0.825000,   0.000000000,   0.002382980,   0.003888670,   0.004560740
      6.420000,   -4.024410,    2.475833,  -0.000035513,   0.013385410,   0.021858694,   0.025631484
      6.420000,   -3.855578,    2.371967,  -0.000034734,   0.013484449,   0.022019954,   0.025820727
      5.406184,   -3.535634,    2.175136,   0.000000000,   0.017167108,   0.028014175,   0.032855800
      0.602121,    3.182318,   -1.957775,   0.000000273,   0.006034945,   0.009855961,   0.011556839
      0.403720,    2.676199,   -1.646408,  -0.000001562,   0.004077593,   0.006653100,   0.007803237
     -1.201045,   -1.999868,    1.230327,  -0.000001198,   0.002077604,   0.003414176,   0.003996629
      2.201472,    1.337844,   -0.823047,   0.000003083,   0.002405325,   0.003922993,   0.004601682
      6.218836,   -3.855500,    2.371919,  -0.000022055,   0.014666589,   0.023943874,   0.028078790
      6.219375,   -4.024410,    2.475833,  -0.000022881,   0.014561483,   0.023772886,   0.027878081
      5.204887,   -3.528087,    2.170494,   0.000000000,   0.017167108,   0.028014175,   0.032855800
      0.803267,    3.181008,   -1.956969,   0.000000909,   0.006002442,   0.009803114,   0.011494797
      0.603828,    2.674609,   -1.645430,  -0.000000615,   0.003998195,   0.006521770,   0.007649775
     -1.401052,   -2.002161,    1.231737,   0.000000056,   0.002305369,   0.003776282,   0.004424368
      2.401786,    1.337590,   -0.822891,   0.000005067,   0.002468867,   0.004025764,   0.004722510
      6.017551,   -3.856955,    2.372815,  -0.000010881,   0.015773744,   0.025745859,   0.030193714
      5.006478,   -3.524650,    2.168379,  -0.000006503,   0.016617042,   0.027100571,   0.031789417
      1.002458,    3.181032,   -1.956984,   0.000001279,   0.006242082,   0.010194788,   0.011953966
      0.803064,    2.673009,   -1.644446,   0.000001112,   0.004032425,   0.006576259,   0.007714119
     -1.602280,   -2.005809,    1.233982,   0.000000000,   0.002474898,   0.004038667,   0.004736660
      2.602195,    1.337876,   -0.823067,   0.000006096,   0.002747117,   0.004479537,   0.005254802
      6.018750,   -4.024410,    2.475833,  -0.000011805,   0.015657217,   0.025556455,   0.029971336
      4.804297,   -3.523000,    2.167364,  -0.000003222,   0.015457040,   0.025200085,   0.029562889
      1.202280,    3.181959,   -1.957554,   0.000000332,   0.006725642,   0.010984710,   0.012880144
      1.004137,    2.672357,   -1.644045,   0.000002622,   0.004265113,   0.006956646,   0.008160032
     -1.802766,   -2.008369,    1.235557,   0.000000000,   0.002474898,   0.004038667,   0.004736660
      2.802483,    1.339191,   -0.823876,   0.000005470,   0.003257443,   0.005312769,   0.006231892
      5.816286,   -3.858450,    2.373734,  -0.000003605,   0.016669874,   0.027205118,   0.031906162
      5.818125,   -4.024410,    2.475833,  -0.000004976,   0.016523524,   0.026967012,   0.031626676
      4.605511,   -3.522600,    2.167118,   0.000001574,   0.014249109,   0.023227938,   0.027250215
      1.402336,    3.184993,   -1.959421,  -0.000001120,   0.007260064,   0.011854466,   0.013900968
      1.204718,    2.674691,   -1.645481,   0.000003202,   0.004668592,   0.007617718,   0.008934506
     -2.003340,   -2.006246,    1.234251,   0.000000000,   0.002474898,   0.004038667,   0.004736660
      3.002697,    1.340003,   -0.824375,   0.000003074,   0.003948969,   0.006442387,   0.007556369
      5.615142,   -3.858906,    2.374015,  -0.000002136,   0.017146586,   0.027981781,   0.032817458
      4.405531,   -3.521790,    2.166620,   0.000005207,   0.013099540,   0.021355606,   0.025053141
      1.602643,    3.189875,   -1.962424,   0.000000000,   0.007509454,   0.012254315,   0.014372200
      1.404644,    2.676346,   -1.646499,   0.000003046,   0.005067916,   0.008271560,   0.009700643
     -2.203751,   -2.004630,    1.233257,  -0.000003967,   0.002686573,   0.004404702,   0.005159369
      5.617500,   -4.024410,    2.475833,  -0.000002556,   0.017095176,   0.027897875,   0.032719054
     -3.003560,   -1.164155,    0.716193,  -0.000004633,   0.003821783,   0.006246768,   0.007323124
      4.205165,   -3.523496,    2.167669,   0.000007030,   0.012045651,   0.019642159,   0.023041531
      1.802777,    3.197356,   -1.967027,   0.000000000,   0.007509454,   0.012254315,   0.014372200
      1.605525,    2.678285,   -1.647692,   0.000002468,   0.005359901,   0.008748812,   0.010260129
     -2.403832,   -2.002730,    1.232088,  -0.000004939,   0.003144072,   0.005159901,   0.006042334
      5.414294,   -3.860330,    2.374891,  -0.000002345,   0.017294325,   0.028222723,   0.033100087
     -3.004142,   -0.994129,    0.611592,  -0.000006642,   0.003444176,   0.005632753,   0.006602295
      5.416875,   -4.024410,    2.475833,  -0.000004551,   0.017308413,   0.028247243,   0.033128355
      4.004573,   -3.525761,    2.169062,   0.000005648,   0.011166872,   0.018216302,   0.021366627
      2.003473,    3.189666,   -1.962295,   0.000000000,   0.007509454,   0.012254315,   0.014372200
      1.805866,    2.679125,   -1.648209,   0.000001444,   0.005523199,   0.009015744,   0.010573049
     -2.604028,   -2.002694,    1.232066,  -0.000005240,   0.003694779,   0.006059008,   0.007096689
     -3.004090,   -0.826196,    0.508279,  -0.000007842,   0.003119171,   0.005103751,   0.005981435
      5.213696,   -3.858392,    2.373699,   0.000000000,   0.017167108,   0.028014175,   0.032855800
      3.803579,   -3.529806,    2.171551,   0.000000000,   0.010685043,   0.017436406,   0.020449900
      2.203383,    3.184544,   -1.959145,   0.000000897,   0.007582885,   0.012378766,   0.014516680
      2.005610,    2.677998,   -1.647515,   0.000001008,   0.005525807,   0.009017604,   0.010575997
     -2.804653,   -2.003863,    1.232785,  -0.000005010,   0.004246364,   0.006956886,   0.008150453
      5.216250,   -4.024410,    2.475833,  -0.000012580,   0.017048524,   0.027815421,   0.032624377
     -3.005064,   -0.656992,    0.404184,  -0.000007610,   0.002943451,   0.004816437,   0.005644646
      3.602822,   -3.535258,    2.174905,   0.000000000,   0.010685043,   0.017436406,   0.020449900
      2.404203,    3.182349,   -1.957794,   0.000001619,   0.007666224,   0.012517138,   0.014678207
      2.206822,    2.676275,   -1.646456,   0.000001529,   0.005553863,   0.009061686,   0.010628243
     -3.004700,   -2.006285,    1.234275,  -0.000004093,   0.004794066,   0.007845748,   0.009194501
      5.013300,   -3.857359,    2.373063,  -0.000007882,   0.016490198,   0.026891510,   0.031544888
     -3.003744,   -0.487805,    0.300099,  -0.000006158,   0.002894510,   0.004734845,   0.005549503
      5.015625,   -4.024410,    2.475833,  -0.000012337,   0.016336295,   0.026638158,   0.031248459
      3.401848,   -3.527933,    2.170399,   0.000000000,   0.010685043,   0.017436406,   0.020449900
      2.605498,    3.181041,   -1.956990,   0.000002545,   0.007919395,   0.012930946,   0.015163317
      2.406976,    2.674631,   -1.645444,   0.000003109,   0.005697696,   0.009295157,   0.010902462
     -3.204261,   -2.009285,    1.236120,  -0.000003175,   0.005206927,   0.008514338,   0.009980283
     -3.000903,   -0.325074,    0.199987,  -0.000004375,   0.002913053,   0.004762913,   0.005583121
      4.811296,   -3.856619,    2.372608,  -0.000004687,   0.015372862,   0.025060464,   0.029399860
      3.203466,   -3.522835,    2.167263,  -0.000001315,   0.010277625,   0.016762741,   0.019662631
      2.804682,    3.181044,   -1.956991,   0.000002201,   0.008427060,   0.013760246,   0.016135666
      2.606259,    2.673003,   -1.644442,   0.000004828,   0.006007753,   0.009800406,   0.011495264
     -3.404047,   -2.013377,    1.238638,   0.000000000,   0.005475001,   0.008934390,   0.010478500
      4.815000,   -4.024410,    2.475833,  -0.000007957,   0.015299543,   0.024938859,   0.029257867
     -3.000686,   -0.161298,    0.099231,  -0.000002946,   0.002952527,   0.004825242,   0.005656888
      3.003190,   -3.520425,    2.165780,   0.000000862,   0.009569721,   0.015603235,   0.018304111
      3.004351,    3.181955,   -1.957552,   0.000000153,   0.009140806,   0.014925666,   0.017502281
      2.808033,    2.674875,   -1.645594,   0.000005372,   0.006551521,   0.010689016,   0.012537046
     -3.604122,   -2.016931,    1.240824,   0.000000000,   0.005475001,   0.008934390,   0.010478500
      4.611452,   -3.857015,    2.372852,   0.000000911,   0.014204777,   0.023152074,   0.027162368
     -3.000052,    0.003894,   -0.002396,  -0.000002422,   0.002965664,   0.004844834,   0.005680457
      4.614375,   -4.024410,    2.475833,  -0.000000731,   0.014144903,   0.023052590,   0.027046260
      2.802197,   -3.519700,    2.165334,   0.000003238,   0.008871618,   0.014463406,   0.016967491
      3.204097,    3.184981,   -1.959413,  -0.000001908,   0.009883518,   0.016135457,   0.018921863
      3.008847,    2.677788,   -1.647386,   0.000004618,   0.007228972,   0.011796971,   0.013835699
     -3.804442,   -2.017092,    1.240923,   0.000000000,   0.005475001,   0.008934390,   0.010478500
     -3.001057,    0.170087,   -0.104638,  -0.000002874,   0.002952393,   0.004821786,   0.005653871
      4.410928,   -3.856269,    2.372392,   0.000005936,   0.013087228,   0.021330505,   0.025025307
      2.603237,   -3.519513,    2.165219,   0.000004057,   0.008329521,   0.013580326,   0.015931296
      3.404282,    3.191848,   -1.963638,   0.000000000,   0.010295625,   0.016800933,   0.019704600
      3.208464,    2.680414,   -1.649001,   0.000003521,   0.007882304,   0.012865428,   0.015088074
      4.413750,   -4.024410,    2.475833,   0.000005651,   0.013050614,   0.021268812,   0.024953576
      4.008249,    0.676646,   -0.416276,   0.000012953,   0.005067175,   0.008272949,   0.009701450
     -3.002825,    0.336702,   -0.207140,  -0.000004253,   0.002904420,   0.004742613,   0.005561299
      4.007135,    0.507839,   -0.312424,   0.000011492,   0.004843863,   0.007911051,   0.009276199
      2.403036,   -3.520410,    2.165771,   0.000003381,   0.007976060,   0.013006411,   0.015257269
      3.603197,    3.200347,   -1.968866,   0.000000000,   0.010295625,   0.016800933,   0.019704600
      3.408060,    2.684242,   -1.651356,   0.000003265,   0.008387267,   0.013690159,   0.016055115
      4.210213,   -3.856661,    2.372634,   0.000008936,   0.012085281,   0.019700751,   0.023112198
     -3.004258,    0.503154,   -0.309542,  -0.000006121,   0.002856037,   0.004662850,   0.005468012
      4.213125,   -4.024410,    2.475833,   0.000009784,   0.012093121,   0.019711328,   0.023125314
      2.202142,   -3.523311,    2.167555,   0.000001800,   0.007797994,   0.012720043,   0.014920061
      3.803972,    3.194993,   -1.965573,   0.000000000,   0.010295625,   0.016800933,   0.019704600
      3.607566,    2.685589,   -1.652186,   0.000003770,   0.008739408,   0.014264603,   0.016728902
      4.005896,    0.339205,   -0.208680,   0.000008576,   0.004696742,   0.007671580,   0.008995144
     -3.005396,    0.670042,   -0.412213,  -0.000007664,   0.002876925,   0.004695935,   0.005507138
      4.009565,   -3.857410,    2.373094,   0.000008954,   0.011280214,   0.018394623,   0.021577893
      2.001483,   -3.527912,    2.170386,   0.000000000,   0.007703092,   0.012570303,   0.014742800
      4.005139,    3.192991,   -1.964341,   0.000003740,   0.010777810,   0.017590044,   0.020629369
      3.807878,    2.687673,   -1.653468,   0.000005179,   0.009041069,   0.014755401,   0.017304994
      4.004987,    0.171597,   -0.105567,   0.000006416,   0.004657443,   0.007605579,   0.008918332
      4.012500,   -4.024410,    2.475833,   0.000010882,   0.011355946,   0.018516215,   0.021721138
     -3.005843,    0.837419,   -0.515183,  -0.000008042,   0.003037334,   0.004956459,   0.005813084
      1.800984,   -3.534753,    2.174595,   0.000000000,   0.007703092,   0.012570303,   0.014742800
      4.205961,    3.191659,   -1.963522,   0.000003579,   0.011631481,   0.018985628,   0.022265341
      4.008302,    2.686930,   -1.653010,   0.000006616,   0.009458224,   0.015434402,   0.018101900
      4.004617,    0.003811,   -0.002345,   0.000006225,   0.004658280,   0.007606838,   0.008919843
      3.809068,   -3.858934,    2.374032,   0.000006767,   0.010809399,   0.017634850,   0.020684078
     -3.005679,    1.005064,   -0.618320,  -0.000006831,   0.003366565,   0.005492901,   0.006442497
      3.811875,   -4.024410,    2.475833,   0.000008184,   0.010885891,   0.017757195,   0.020828362
      1.599811,   -3.527305,    2.170013,   0.000000000,   0.007703092,   0.012570303,   0.014742800
      4.406563,    3.190894,   -1.963051,   0.000001307,   0.012670862,   0.020684606,   0.024257034
      4.208445,    2.687859,   -1.653582,   0.000006178,   0.010136965,   0.016541471,   0.019400473
      4.007692,   -0.164982,    0.101497,   0.000006503,   0.004662707,   0.007614674,   0.008928838
     -3.005001,    1.172749,   -0.721480,  -0.000004755,   0.003756351,   0.006128677,   0.007188246
      3.608678,   -3.859846,    2.374593,   0.000002332,   0.010682721,   0.017432483,   0.020445341
      1.401173,   -3.522222,    2.166885,  -0.000000649,   0.007455613,   0.012158933,   0.014262742
      4.606755,    3.191061,   -1.963154,  -0.000002344,   0.013843561,   0.022600775,   0.026503570
      4.408585,    2.687503,   -1.653363,   0.000003486,   0.011030887,   0.018000485,   0.021111560
      4.007952,   -0.331102,    0.203695,   0.000008065,   0.004701613,   0.007678501,   0.009003589
      3.611250,   -4.024410,    2.475833,   0.000003787,   0.010588682,   0.017276767,   0.020263437
      1.200772,   -3.519959,    2.165493,   0.000000686,   0.006980458,   0.011379965,   0.013350296
      4.806671,    3.192626,   -1.964116,  -0.000006859,   0.015124831,   0.024693224,   0.028957138
      4.608929,    2.688201,   -1.653793,  -0.000001289,   0.012083078,   0.019718631,   0.023126287
      4.007604,   -0.497506,    0.306068,   0.000010506,   0.004855404,   0.007929894,   0.009298294
      3.005545,   -1.166263,    0.717490,   0.000004505,   0.003796707,   0.006206403,   0.007275606
      3.408364,   -3.858692,    2.373883,  -0.000000905,   0.010547818,   0.017210550,   0.020185626
      3.410625,   -4.024410,    2.475833,  -0.000000333,   0.010280627,   0.016773687,   0.019673533
      0.999678,   -3.519367,    2.165129,   0.000001751,   0.006553429,   0.010682320,   0.012532334
      5.006148,    3.195573,   -1.965929,  -0.000008952,   0.016359277,   0.026705633,   0.031317996
      4.008889,   -0.666622,    0.410109,   0.000012338,   0.005106950,   0.008342985,   0.009781947
      2.805225,   -1.164575,    0.716452,   0.000006561,   0.003133980,   0.005129888,   0.006011458
     -4.609700,   -2.519379,    1.549932,   0.000000531,   0.011519702,   0.018801347,   0.022049812
      3.208084,   -3.857264,    2.373005,  -0.000001207,   0.010068890,   0.016424011,   0.019264752
      0.800606,   -3.519265,    2.165067,   0.000001760,   0.006315596,   0.010294936,   0.012077767
      5.205337,    3.200002,   -1.968654,   0.000000000,   0.016955967,   0.027669623,   0.032451700
      4.008378,   -0.834214,    0.513212,   0.000012216,   0.005360134,   0.008757790,   0.010267915
      2.604738,   -1.164360,    0.716319,   0.000007184,   0.002633560,   0.004314988,   0.005055177
      3.210000,   -4.024410,    2.475833,  -0.000001507,   0.009818708,   0.016015686,   0.018785879
     -4.609884,   -2.351373,    1.446574,  -0.000000573,   0.010676305,   0.017433867,   0.020443170
      0.600616,   -3.520227,    2.165658,   0.000001275,   0.006290820,   0.010256275,   0.012031857
      4.007132,   -1.002254,    0.616591,   0.000011541,   0.005573631,   0.009107477,   0.010677623
      2.405058,   -1.163124,    0.715559,   0.000006454,   0.002333203,   0.003823004,   0.004478754
      3.006484,   -3.856284,    2.372402,   0.000001244,   0.009363331,   0.015268602,   0.017910952
     -5.208948,   -3.028075,    1.862884,   0.000000000,   0.017174162,   0.028025685,   0.032869300
     -4.608960,   -2.183879,    1.343532,  -0.000001456,   0.009980321,   0.016302890,   0.019115204
      3.009375,   -4.024410,    2.475833,   0.000000650,   0.009186003,   0.014979497,   0.017571795
      0.399870,   -3.523175,    2.167472,   0.000000803,   0.006406793,   0.010449107,   0.012256869
      4.005839,   -1.170959,    0.720379,   0.000009719,   0.005738844,   0.009378297,   0.010994857
      2.206005,   -1.165033,    0.716733,   0.000004933,   0.002231002,   0.003651079,   0.004278758
     -5.211072,   -2.859030,    1.758887,   0.000013108,   0.016414493,   0.026761367,   0.031394371
     -4.607760,   -2.016533,    1.240580,  -0.000002003,   0.009478201,   0.015484615,   0.018155153
      2.806580,   -3.856232,    2.372369,   0.000003699,   0.008696052,   0.014178433,   0.016632778
      0.199587,   -3.527822,    2.170331,   0.000000000,   0.006470988,   0.010559693,   0.012384700
      4.004938,   -1.339914,    0.824321,   0.000007255,   0.005839527,   0.009543657,   0.011188455
      2.004576,   -1.164059,    0.716134,   0.000003377,   0.002214548,   0.003618055,   0.004241999
      2.808750,   -4.024410,    2.475833,   0.000003775,   0.008530756,   0.013908960,   0.016316647
     -5.211496,   -2.690314,    1.655092,   0.000012873,   0.015132302,   0.024678617,   0.028948591
     -4.606546,   -1.848915,    1.137460,  -0.000002069,   0.009166435,   0.014974813,   0.017557578
     -0.000641,   -3.534737,    2.174585,   0.000000000,   0.006470988,   0.010559693,   0.012384700
      4.003160,   -1.508803,    0.928222,   0.000006018,   0.005875678,   0.009602331,   0.011257371
      1.803982,   -1.164834,    0.716611,   0.000001338,   0.002247554,   0.003667594,   0.004301482
      2.606723,   -3.856435,    2.372494,   0.000004862,   0.008172484,   0.013324959,   0.015631509
     -5.211744,   -2.521837,    1.551444,   0.000012205,   0.013980769,   0.022807846,   0.026751820
     -4.606526,   -1.681409,    1.034410,  -0.000001721,   0.008992798,   0.014689906,   0.017223930
      2.608125,   -4.024410,    2.475833,   0.000005515,   0.008020472,   0.013077138,   0.015340780
     -0.202145,   -3.527342,    2.170035,   0.000000000,   0.006470988,   0.010559693,   0.012384700
      4.002161,   -1.677449,    1.031973,   0.000006562,   0.005908574,   0.009658355,   0.011322328
      1.606901,   -1.162987,    0.715475,   0.000000113,   0.002173704,   0.003546797,   0.004159899
     -5.211463,   -2.354097,    1.448250,   0.000009177,   0.012910851,   0.021070593,   0.024711537
     -4.607669,   -1.512440,    0.930459,  -0.000001432,   0.008855521,   0.014464904,   0.016960357
      2.406211,   -3.856469,    2.372516,   0.000004526,   0.007846894,   0.012796106,   0.015010466
     -0.401197,   -3.522258,    2.166907,  -0.000000630,   0.006396038,   0.010431583,   0.012236308
      4.003000,   -1.845520,    1.135372,   0.000007769,   0.005942009,   0.009717771,   0.011390461
      1.407048,   -1.160877,    0.714176,   0.000000513,   0.001786730,   0.002920224,   0.003423465
      2.407500,   -4.024410,    2.475833,   0.000005626,   0.007719563,   0.012588465,   0.014766893
     -5.210924,   -2.186647,    1.345234,   0.000005327,   0.012084163,   0.019724636,   0.023131976
     -4.609448,   -1.343655,    0.826622,  -0.000001176,   0.008693521,   0.014199930,   0.016649784
     -0.601813,   -3.519974,    2.165503,  -0.000000851,   0.006263243,   0.010211218,   0.011979031
      1.207131,   -1.160271,    0.713803,   0.000002016,   0.001253330,   0.002056377,   0.002408221
      2.205465,   -3.857614,    2.373220,   0.000003324,   0.007720418,   0.012593133,   0.014771319
     -5.209341,   -2.019159,    1.242195,   0.000000000,   0.011679149,   0.019058639,   0.022352500
     -4.610718,   -1.176414,    0.723735,  -0.000001539,   0.008449951,   0.013802190,   0.016183390
      4.005366,    2.020547,   -1.243049,   0.000010971,   0.005941160,   0.009684796,   0.011361900
      2.206875,   -4.024410,    2.475833,   0.000004736,   0.007611200,   0.012414965,   0.014562340
     -0.803028,   -3.519377,    2.165135,  -0.000001242,   0.006266130,   0.010213850,   0.011982784
      1.007688,   -1.159935,    0.713597,   0.000002919,   0.000824951,   0.001361733,   0.001592127
     -5.206009,   -1.851771,    1.139217,   0.000000000,   0.011679149,   0.019058639,   0.022352500
     -4.611485,   -1.004805,    0.618160,  -0.000002246,   0.008152280,   0.013315519,   0.015612902
      4.003983,    1.854013,   -1.140596,   0.000007887,   0.005762169,   0.009395608,   0.011021802
      2.004745,   -3.858823,    2.373964,   0.000002069,   0.007710525,   0.012580617,   0.014755478
     -1.002096,   -3.519253,    2.165059,  -0.000001266,   0.006480965,   0.010563545,   0.012393199
      0.808024,   -1.159877,    0.713561,   0.000002805,   0.000595778,   0.000988644,   0.001154286
      2.006250,   -4.024410,    2.475833,   0.000003135,   0.007643133,   0.012470135,   0.014626064
     -5.200760,   -1.684340,    1.036213,   0.000000000,   0.011679149,   0.019058639,   0.022352500
     -4.612087,   -0.835877,    0.514235,  -0.000002811,   0.007890737,   0.012886503,   0.015110450
      4.002916,    1.687088,   -1.037904,   0.000006541,   0.005734795,   0.009353010,   0.010971177
     -1.201931,   -3.520207,    2.165646,  -0.000000318,   0.006889367,   0.011230707,   0.013175438
      0.609207,   -1.159414,    0.713276,   0.000002216,   0.000588517,   0.000974029,   0.001138020
      1.804193,   -3.859574,    2.374426,   0.000000638,   0.007749921,   0.012646683,   0.014832392
     -5.205913,   -1.515682,    0.932454,   0.000000000,   0.011679149,   0.019058639,   0.022352500
     -4.612519,   -0.666167,    0.409829,  -0.000003400,   0.007698802,   0.012570324,   0.014740577
      4.004335,    1.517334,   -0.933470,   0.000005890,   0.005711587,   0.009316236,   0.010927695
      1.805625,   -4.024410,    2.475833,   0.000001137,   0.007695530,   0.012557749,   0.014728145
     -1.402387,   -3.523145,    2.167453,   0.000000782,   0.007355237,   0.011994811,   0.014070359
      0.410070,   -1.161773,    0.714727,   0.000001753,   0.000771116,   0.001266139,   0.001482475
     -5.209976,   -1.345712,    0.827887,   0.000000000,   0.011679149,   0.019058639,   0.022352500
     -4.610704,   -0.495979,    0.305128,  -0.000003396,   0.007611523,   0.012425174,   0.014571213
      4.004391,    1.349665,   -0.830319,   0.000006842,   0.005683171,   0.009269481,   0.010872983
      1.603782,   -3.858500,    2.373765,   0.000000000,   0.007703092,   0.012570303,   0.014742800
     -1.602287,   -3.527787,    2.170309,   0.000000000,   0.007595091,   0.012394063,   0.014536100
      0.208376,   -1.163091,    0.715539,   0.000001203,   0.000961300,   0.001570648,   0.001841476
      1.605000,   -4.024410,    2.475833,  -0.000001610,   0.007593953,   0.012391022,   0.014532912
     -5.212389,   -1.178441,    0.724982,   0.000009605,   0.011267971,   0.018386067,   0.021564200
     -4.610042,   -0.327175,    0.201279,  -0.000003008,   0.007604460,   0.012412401,   0.014556631
      4.005371,    1.181444,   -0.726829,   0.000009360,   0.005604089,   0.009141530,   0.010722568
     -1.802238,   -3.534725,    2.174577,   0.000000000,   0.007595091,   0.012394063,   0.014536100
      0.006991,   -1.164927,    0.716668,  -0.000000000,   0.001019114,   0.001662793,   0.001950249
      1.403409,   -3.857160,    2.372941,  -0.000000833,   0.007380530,   0.012038519,   0.014120841
     -5.213136,   -1.007955,    0.620098,   0.000009657,   0.010677868,   0.017427727,   0.020438753
     -4.608489,   -0.158146,    0.097292,  -0.000002695,   0.007615604,   0.012431026,   0.014578335
      4.006670,    1.012813,   -0.623087,   0.000011613,   0.005467350,   0.008921033,   0.010463120
      1.404375,   -4.024410,    2.475833,  -0.000002157,   0.007265906,   0.011851886,   0.013901820
     -2.004088,   -3.527391,    2.170066,   0.000000000,   0.007595091,   0.012394063,   0.014536100
     -0.190497,   -1.163478,    0.715776,  -0.000001164,   0.000964709,   0.001576020,   0.001847838
     -5.213398,   -0.839700,    0.516587,   0.000009555,   0.010318474,   0.016841927,   0.019751494
     -4.608150,    0.010303,   -0.006338,  -0.000002379,   0.007637804,   0.012468677,   0.014622037
      4.006684,    0.844737,   -0.519686,   0.000012573,   0.005283433,   0.008623416,   0.010113265
      1.202039,   -3.856217,    2.372361,   0.000000536,   0.006882680,   0.011223125,   0.013165478
     -2.203549,   -3.522307,    2.166938,  -0.000001621,   0.007692449,   0.012547907,   0.014718143
     -0.389822,   -1.161503,    0.714562,  -0.000001725,   0.000776166,   0.001273956,   0.001491778
      1.203750,   -4.024410,    2.475833,  -0.000000521,   0.006784954,   0.011064154,   0.012978872
     -5.213592,   -0.671245,    0.412953,   0.000008664,   0.010185780,   0.016623597,   0.019496004
     -4.609389,    0.179249,   -0.110275,  -0.000002549,   0.007641701,   0.012476784,   0.014630985
     -2.404388,   -3.520003,    2.165520,  -0.000002936,   0.007879969,   0.012849694,   0.015073439
     -3.802388,    2.018293,   -1.241662,   0.000000000,   0.005449451,   0.008892696,   0.010429600
     -0.588738,   -1.160348,    0.713851,  -0.000002202,   0.000588571,   0.000973713,   0.001137777
      1.001990,   -3.856146,    2.372317,   0.000001779,   0.006454005,   0.010522420,   0.012344048
     -5.212341,   -0.502491,    0.309135,   0.000007984,   0.010336340,   0.016867022,   0.019782225
     -4.611120,    0.348266,   -0.214255,  -0.000002762,   0.007645068,   0.012483285,   0.014638288
      1.003125,   -4.024410,    2.475833,   0.000001494,   0.006333836,   0.010327008,   0.012114643
     -2.605723,   -3.519403,    2.165151,  -0.000003519,   0.008245239,   0.013442571,   0.015769803
     -3.601789,    2.017293,   -1.241047,   0.000000000,   0.005449451,   0.008892696,   0.010429600
     -0.789448,   -1.159798,    0.713513,  -0.000002829,   0.000582047,   0.000966054,   0.001127850
     -5.210667,   -0.332315,    0.204442,   0.000000000,   0.010497310,   0.017130052,   0.020090600
     -4.612330,    0.517377,   -0.318293,  -0.000003162,   0.007652826,   0.012495423,   0.014652691
      0.802045,   -3.856363,    2.372450,   0.000002133,   0.006203536,   0.010114135,   0.011865058
     -2.804781,   -3.519255,    2.165060,  -0.000002667,   0.008798863,   0.014344204,   0.016827839
     -3.402567,    2.014728,   -1.239469,   0.000000000,   0.005449451,   0.008892696,   0.010429600
     -0.994846,   -1.159245,    0.713173,  -0.000003001,   0.000808824,   0.001335397,   0.001561246
      0.802500,   -4.024410,    2.475833,   0.000002473,   0.006072930,   0.009901673,   0.011615662
     -5.207282,   -0.163356,    0.100497,   0.000000000,   0.010497310,   0.017130052,   0.020090600
     -4.613238,    0.685425,   -0.421676,  -0.000003354,   0.007713539,   0.012591978,   0.014766740
     -3.004465,   -3.520198,    2.165640,  -0.000000359,   0.009503741,   0.015494910,   0.018177275
     -3.200239,    2.009973,   -1.236544,  -0.000003390,   0.005135711,   0.008372725,   0.009822325
     -1.196891,   -1.162342,    0.715078,  -0.000002102,   0.001245970,   0.002044418,   0.002394179
      0.601518,   -3.856427,    2.372489,   0.000001907,   0.006168660,   0.010058915,   0.011799752
     -5.202104,    0.005088,   -0.003130,   0.000000000,   0.010497310,   0.017130052,   0.020090600
     -4.613578,    0.855657,   -0.526404,  -0.000002966,   0.007877697,   0.012855938,   0.015077575
      0.601875,   -4.024410,    2.475833,   0.000002731,   0.006039325,   0.009848486,   0.011552754
     -3.204637,   -3.523124,    2.167441,   0.000001600,   0.010218317,   0.016665522,   0.019548750
     -2.999732,    2.009444,   -1.236218,  -0.000005283,   0.004642742,   0.007566225,   0.008877096
     -1.398259,   -1.163866,    0.716015,  -0.000000521,   0.001792030,   0.002928919,   0.003433648
     -5.207209,    0.174128,   -0.107124,   0.000000000,   0.010497310,   0.017130052,   0.020090600
     -4.612051,    1.019764,   -0.627363,  -0.000002593,   0.008099144,   0.013213649,   0.015498279
      0.400752,   -3.857594,    2.373207,   0.000001687,   0.006303004,   0.010280920,   0.012059236
     -3.404152,   -3.527752,    2.170287,   0.000000000,   0.010627830,   0.017343042,   0.020340400
     -2.801130,    2.007300,   -1.234899,  -0.000006773,   0.004073131,   0.006635032,   0.007785505
     -1.599767,   -1.165458,    0.716994,   0.000000006,   0.002196980,   0.003584714,   0.004204390
      0.401250,   -4.024410,    2.475833,   0.000002669,   0.006156108,   0.010041618,   0.011778444
     -5.211104,    0.343631,   -0.211403,   0.000000000,   0.010497310,   0.017130052,   0.020090600
     -4.608535,    1.186021,   -0.729645,  -0.000001962,   0.008360597,   0.013637878,   0.015996603
     -3.603827,   -3.534699,    2.174562,   0.000000000,   0.010627830,   0.017343042,   0.020340400
     -2.600989,    2.006147,   -1.234190,  -0.000007180,   0.003530669,   0.005749069,   0.006746664
     -1.800640,   -1.167904,    0.718499,  -0.000001159,   0.002318712,   0.003782948,   0.004437017
      0.200038,   -3.858786,    2.373941,   0.000001237,   0.006446342,   0.010517857,   0.012336152
     -5.213369,    0.513155,   -0.315695,   0.000008077,   0.010330576,   0.016858685,   0.019772105
     -4.606915,    1.352568,   -0.832105,  -0.000001585,   0.008601061,   0.014029384,   0.016456059
      0.200625,   -4.024410,    2.475833,   0.000002042,   0.006314246,   0.010302212,   0.012083264
     -3.804854,   -3.529704,    2.171489,   0.000000000,   0.010627830,   0.017343042,   0.020340400
     -2.400924,    2.007222,   -1.234851,  -0.000006336,   0.003060897,   0.004983086,   0.005848100
     -2.000788,   -1.166076,    0.717375,  -0.000003167,   0.002317438,   0.003784554,   0.004437722
     -5.214049,    0.681280,   -0.419126,   0.000008623,   0.010154463,   0.016571849,   0.019435518
     -4.604750,    1.518976,   -0.934480,  -0.000002049,   0.008757935,   0.014285649,   0.016756527
     -0.000512,   -3.859544,    2.374407,   0.000000360,   0.006502522,   0.010611106,   0.012445013
     -4.005703,   -3.527311,    2.170016,  -0.000004812,   0.011112574,   0.018127334,   0.021262397
     -2.201271,    2.008664,   -1.235738,  -0.000004403,   0.002641429,   0.004300709,   0.005047105
     -2.201555,   -1.164345,    0.716310,  -0.000004741,   0.002302642,   0.003766775,   0.004414836
      0.000000,   -4.024410,    2.475833,   0.000000776,   0.006409050,   0.010458683,   0.012266213
     -5.214354,    0.850947,   -0.523506,   0.000009255,   0.010265911,   0.016752017,   0.019647368
     -4.604270,    1.685648,   -1.037017,  -0.000002869,   0.008883041,   0.014490478,   0.016996540
     -4.206541,   -3.525877,    2.169134,  -0.000005247,   0.011991855,   0.019553866,   0.022938140
     -2.000413,    2.010031,   -1.236579,   0.000000000,   0.002373763,   0.003873630,   0.004543100
     -2.402204,   -1.162388,    0.715106,  -0.000006319,   0.002382149,   0.003901897,   0.004571594
     -0.200957,   -3.858494,    2.373761,   0.000000000,   0.006470988,   0.010559693,   0.012384700
     -5.214346,    1.019548,   -0.627230,   0.000009250,   0.010621147,   0.017330508,   0.020326224
     -4.604498,    1.852448,   -1.139633,  -0.000004016,   0.009025878,   0.014723646,   0.017269981
     -0.200625,   -4.024410,    2.475833,  -0.000001173,   0.006357703,   0.010374162,   0.012167318
     -4.407011,   -3.525347,    2.168808,  -0.000002984,   0.013054677,   0.021281021,   0.024966107
     -1.800422,    2.010559,   -1.236904,   0.000000000,   0.002373763,   0.003873630,   0.004543100
     -2.602673,   -1.162307,    0.715056,  -0.000007131,   0.002671589,   0.004376173,   0.005127215
     -5.213135,    1.187842,   -0.730765,   0.000009389,   0.011201518,   0.018278847,   0.021438058
     -4.605561,    2.019540,   -1.242429,  -0.000004640,   0.009297463,   0.015165772,   0.017788858
     -0.401403,   -3.857171,    2.372947,  -0.000000906,   0.006317122,   0.010304391,   0.012086625
     -4.607263,   -3.524598,    2.168347,   0.000000879,   0.014218674,   0.023176311,   0.027190294
     -1.601449,    2.006263,   -1.234261,   0.000000000,   0.002373763,   0.003873630,   0.004543100
     -2.803126,   -1.162169,    0.714971,  -0.000006638,   0.003160136,   0.005171917,   0.006060959
     -0.401250,   -4.024410,    2.475833,  -0.000002005,   0.006192708,   0.010101828,   0.011848906
     -5.211207,    1.356224,   -0.834355,   0.000000000,   0.011610388,   0.018946432,   0.022220900
     -4.605872,    2.186893,   -1.345386,  -0.000004365,   0.009765861,   0.015928802,   0.018684185
     -4.807069,   -3.525574,    2.168948,   0.000005599,   0.015449689,   0.025185702,   0.029546784
     -1.400125,    2.001848,   -1.231545,  -0.000001841,   0.002224455,   0.003621579,   0.004250180
     -0.602520,   -3.856240,    2.372375,  -0.000001149,   0.006145287,   0.010020942,   0.011755161
     -5.205499,    1.519762,   -0.934964,   0.000000000,   0.011610388,   0.018946432,   0.022220900
     -4.606984,    2.354480,   -1.448486,  -0.000003063,   0.010461530,   0.017064444,   0.020015966
      3.005966,    0.667707,   -0.410776,   0.000007516,   0.002913828,   0.004757110,   0.005578579
     -0.601875,   -4.024410,    2.475833,  -0.000002040,   0.006023482,   0.009822744,   0.011522528
      3.002286,    0.503542,   -0.309781,   0.000005990,   0.002924038,   0.004774480,   0.005598722
     -5.006863,   -3.527651,    2.170225,   0.000007713,   0.016617851,   0.027100638,   0.031789898
     -1.200271,    1.999104,   -1.229857,  -0.000002604,   0.001945406,   0.003163719,   0.003713991
     -5.200031,    1.686533,   -1.037562,   0.000000000,   0.011610388,   0.018946432,   0.022220900
     -4.606707,    2.522058,   -1.551581,  -0.000000869,   0.011334544,   0.018492746,   0.021689941
     -0.802634,   -3.856150,    2.372320,  -0.000001365,   0.006131671,   0.009996666,   0.011727350
     -5.206132,   -3.531156,    2.172382,   0.000000000,   0.017174162,   0.028025685,   0.032869300
     -1.001863,    1.998066,   -1.229218,  -0.000003028,   0.001625702,   0.002640219,   0.003100592
      3.002997,    0.338227,   -0.208078,   0.000004120,   0.003003751,   0.004904993,   0.005751651
     -0.802500,   -4.024410,    2.475833,  -0.000001800,   0.005986830,   0.009761042,   0.011450768
     -5.202862,    1.853876,   -1.140512,   0.000000000,   0.011610388,   0.018946432,   0.022220900
     -5.405890,   -3.536400,    2.175608,   0.000000000,   0.017174162,   0.028025685,   0.032869300
      4.607452,   -2.515431,    1.547503,  -0.000000334,   0.011474361,   0.018728039,   0.021963615
     -0.801480,    1.998342,   -1.229388,  -0.000002783,   0.001368387,   0.002219884,   0.002607753
      3.000995,    0.172377,   -0.106047,   0.000002739,   0.003065360,   0.005006119,   0.005870065
     -1.002556,   -3.856354,    2.372445,  -0.000001113,   0.006330213,   0.010319964,   0.012106745
     -5.207216,    2.021156,   -1.243424,   0.000000000,   0.011610388,   0.018946432,   0.022220900
     -1.003125,   -4.024410,    2.475833,  -0.000001017,   0.006175570,   0.010068364,   0.011811419
     -5.608241,   -3.531072,    2.172330,   0.000000000,   0.017174162,   0.028025685,   0.032869300
      4.406962,   -2.514793,    1.547111,   0.000004629,   0.010400807,   0.016981813,   0.019913784
     -0.600871,    1.999844,   -1.230312,  -0.000002090,   0.001180714,   0.001914631,   0.002249422
      3.001576,    0.005982,   -0.003680,   0.000002225,   0.003091743,   0.005050309,   0.005921528
     -5.207191,    2.188146,   -1.346156,   0.000004571,   0.011940497,   0.019481316,   0.022849446
     -1.203023,   -3.856426,    2.372489,   0.000000035,   0.006719395,   0.010956031,   0.012852427
      4.206241,   -2.515285,    1.547413,   0.000007672,   0.009451084,   0.015435551,   0.018099152
     -0.400624,    2.002413,   -1.231893,  -0.000001361,   0.001105792,   0.001796629,   0.002109657
      3.003173,   -0.160524,    0.098755,   0.000002672,   0.003082569,   0.005036966,   0.005905359
     -1.203750,   -4.024410,    2.475833,   0.000000742,   0.006558749,   0.010694637,   0.012545615
      5.816041,    0.689357,   -0.424095,  -0.000010433,   0.009683517,   0.015804122,   0.018534856
     -5.208580,    2.355808,   -1.449303,   0.000007421,   0.012682262,   0.020690585,   0.024268089
      5.814835,    0.521077,   -0.320569,  -0.000006677,   0.009839559,   0.016057905,   0.018832771
      4.005665,   -2.515525,    1.547561,   0.000008481,   0.008716427,   0.014237381,   0.016693687
     -0.199273,    2.005690,   -1.233909,   0.000000000,   0.001108763,   0.001809337,   0.002122040
      3.003406,   -0.327769,    0.201645,   0.000004078,   0.003031790,   0.004956051,   0.005809838
     -1.403764,   -3.857599,    2.373211,   0.000001561,   0.007191126,   0.011728875,   0.013757863
     -5.209192,    2.523656,   -1.552564,   0.000010287,   0.013745327,   0.022429891,   0.026306542
     -1.404375,   -4.024410,    2.475833,   0.000002363,   0.006985642,   0.011394034,   0.013364999
      5.813878,    0.352711,   -0.216989,  -0.000002551,   0.010035843,   0.016377691,   0.019207991
      3.804416,   -2.516004,    1.547856,   0.000008254,   0.008226826,   0.013436529,   0.015755032
      0.001095,    2.008302,   -1.235515,   0.000000000,   0.001108763,   0.001809337,   0.002122040
      3.006059,   -0.494745,    0.304369,   0.000005895,   0.002989525,   0.004889255,   0.005730804
     -5.209801,    2.691807,   -1.656010,   0.000011841,   0.014952006,   0.024405909,   0.028621862
     -1.604470,   -3.858775,    2.373934,   0.000001651,   0.007516666,   0.012264077,   0.014384292
      5.811381,    0.184102,   -0.113261,  -0.000000879,   0.010105977,   0.016493940,   0.019343754
      3.604382,   -2.514485,    1.546922,   0.000007895,   0.007917349,   0.012927939,   0.015159686
      0.200370,    2.004555,   -1.233211,   0.000000000,   0.001108763,   0.001809337,   0.002122040
      3.005377,   -0.662416,    0.407521,   0.000007359,   0.003000489,   0.004909003,   0.005753373
     -1.605000,   -4.024410,    2.475833,   0.000002389,   0.007307279,   0.011922209,   0.013983398
     -5.207375,    2.860304,   -1.759671,   0.000013349,   0.016271419,   0.026567276,   0.031154123
      5.809363,    0.015607,   -0.009602,  -0.000000807,   0.010115774,   0.016511473,   0.019363822
      3.403727,   -2.512747,    1.545852,   0.000007745,   0.007643000,   0.012477619,   0.014632378
      0.401411,    2.000488,   -1.230708,   0.000001208,   0.001093907,   0.001777440,   0.002087086
      3.006612,   -0.830489,    0.510920,   0.000007621,   0.003146634,   0.005148357,   0.006033817
     -1.805042,   -3.859532,    2.374400,   0.000000423,   0.007599598,   0.012401629,   0.014544906
     -5.205769,    3.029119,   -1.863526,   0.000000000,   0.017058794,   0.027837422,   0.032648500
     -1.805625,   -4.024410,    2.475833,   0.000000911,   0.007463135,   0.012178981,   0.014283765
      5.812152,   -0.152390,    0.093751,  -0.000000930,   0.010113326,   0.016509365,   0.019360747
      3.204266,   -2.510690,    1.544586,   0.000007425,   0.007265051,   0.011861435,   0.013909517
      0.601801,    1.998209,   -1.229306,   0.000001759,   0.001155520,   0.001873789,   0.002201435
      3.004667,   -0.998645,    0.614370,   0.000006459,   0.003438255,   0.005623335,   0.006591171
     -2.005561,   -3.858495,    2.373762,   0.000000000,   0.007595091,   0.012394063,   0.014536100
      5.814843,   -0.320256,    0.197023,  -0.000002701,   0.010060553,   0.016426851,   0.019262819
      5.205447,   -3.024743,    1.860834,   0.000000000,   0.017167108,   0.028014175,   0.032855800
      3.003595,   -2.508164,    1.543033,   0.000006842,   0.006770460,   0.011056766,   0.012965002
      0.801036,    1.997552,   -1.228902,   0.000002303,   0.001324639,   0.002148850,   0.002524328
     -2.006250,   -4.024410,    2.475833,  -0.000001853,   0.007484179,   0.012212211,   0.014323094
      3.003628,    1.172202,   -0.721143,   0.000004918,   0.003649146,   0.005954074,   0.006983358
      5.816717,   -0.488721,    0.300663,  -0.000006738,   0.009898459,   0.016165462,   0.018955255
      5.005791,   -3.022643,    1.859543,  -0.000010687,   0.016352087,   0.026652964,   0.031269336
      2.802462,   -2.505896,    1.541637,   0.000006018,   0.006209344,   0.010144583,   0.011894055
      1.000808,    1.997936,   -1.229138,   0.000002374,   0.001569776,   0.002549504,   0.002994022
     -2.206124,   -3.857183,    2.372955,  -0.000002138,   0.007623367,   0.012435357,   0.014586084
      3.004557,    1.004260,   -0.617825,   0.000006908,   0.003299828,   0.005384740,   0.006315405
     -2.206875,   -4.024410,    2.475833,  -0.000003557,   0.007502434,   0.012237992,   0.014354615
      5.817512,   -0.659025,    0.405435,  -0.000010351,   0.009778120,   0.015971896,   0.018727338
      4.805564,   -3.021796,    1.859021,  -0.000004974,   0.014946164,   0.024364481,   0.028583488
      2.602823,   -2.506688,    1.542125,   0.000004547,   0.005699950,   0.009315779,   0.010921227
      1.200888,    1.999863,   -1.230324,   0.000001851,   0.001866324,   0.003035281,   0.003563159
      3.004983,    0.836654,   -0.514713,   0.000007988,   0.003022314,   0.004932958,   0.005785198
     -2.407045,   -3.856257,    2.372385,  -0.000003526,   0.007764490,   0.012661861,   0.014852948
      5.816717,   -0.826584,    0.508518,  -0.000011263,   0.009877042,   0.016134453,   0.018917628
      4.605576,   -3.019614,    1.857679,  -0.000000484,   0.013690431,   0.022320200,   0.026184331
      2.402690,   -2.507405,    1.542566,   0.000002658,   0.005288947,   0.008645960,   0.010135363
      1.400937,    2.002161,   -1.231738,   0.000000477,   0.002179495,   0.003550486,   0.004166071
     -2.407500,   -4.024410,    2.475833,  -0.000004635,   0.007635967,   0.012452209,   0.014607037
      5.816322,   -0.996642,    0.613138,  -0.000009630,   0.010186316,   0.016637449,   0.019508096
      4.405370,   -3.020366,    1.858141,   0.000003079,   0.012564772,   0.020489182,   0.024034976
      2.202037,   -2.508933,    1.543506,   0.000001013,   0.005002955,   0.008178270,   0.009587161
      1.602231,    2.005820,   -1.233989,   0.000000000,   0.002382980,   0.003888670,   0.004560740
     -2.805707,    1.171453,   -0.720683,  -0.000006822,   0.003077368,   0.005019737,   0.005887954
     -2.607250,   -3.856156,    2.372323,  -0.000003841,   0.008101174,   0.013208326,   0.015494803
     -2.608125,   -4.024410,    2.475833,  -0.000004558,   0.007949549,   0.012961144,   0.015204821
      5.815282,   -1.166650,    0.717728,  -0.000005237,   0.010684566,   0.017445320,   0.020457253
      4.204926,   -3.019797,    1.857792,   0.000004383,   0.011638208,   0.018982223,   0.022265954
      2.000412,   -2.509837,    1.544062,   0.000000583,   0.004760888,   0.007782224,   0.009122996
      1.802756,    2.008376,   -1.235561,   0.000000000,   0.002382980,   0.003888670,   0.004560740
     -2.605870,    1.170536,   -0.720119,  -0.000007316,   0.002565199,   0.004183665,   0.004907479
     -2.807157,   -3.856348,    2.372441,  -0.000002571,   0.008631857,   0.014072925,   0.016509276
      5.814348,   -1.336008,    0.821918,  -0.000000990,   0.011116140,   0.018146246,   0.021280386
      4.004496,   -3.020924,    1.858485,   0.000002902,   0.011009470,   0.017958868,   0.021064885
      1.800150,   -2.509406,    1.543797,   0.000002040,   0.004533758,   0.007410932,   0.008687743
      2.003427,    2.006990,   -1.234708,   0.000000000,   0.002382980,   0.003888670,   0.004560740
     -2.406138,    1.169770,   -0.719647,  -0.000006384,   0.002263044,   0.003690766,   0.004329337
     -2.808750,   -4.024410,    2.475833,  -0.000002687,   0.008464479,   0.013800086,   0.016189187
      5.811600,   -1.505251,    0.926037,  -0.000000068,   0.011284577,   0.018423104,   0.021604454
      3.803791,   -3.023254,    1.859918,   0.000000000,   0.010685043,   0.017436406,   0.020449900
      1.599544,   -2.508204,    1.543058,   0.000004057,   0.004329570,   0.007077149,   0.008296459
      2.203901,    2.006810,   -1.234598,   0.000003614,   0.002534573,   0.004127399,   0.004843501
     -2.206654,    1.168446,   -0.718833,  -0.000004765,   0.002154059,   0.003513577,   0.004121312
     -3.007571,   -3.856427,    2.372490,   0.000000047,   0.009303982,   0.015170635,   0.017796412
     -3.009375,   -4.024410,    2.475833,   0.000000703,   0.009114500,   0.014861737,   0.017434028
      5.809486,   -1.674268,    1.030017,  -0.000000844,   0.011345991,   0.018525662,   0.021723988
      3.602619,   -3.025028,    1.861009,   0.000000000,   0.010685043,   0.017436406,   0.020449900
      1.400208,   -2.506894,    1.542251,   0.000005540,   0.004079996,   0.006672706,   0.007821215
      2.403926,    2.006801,   -1.234592,   0.000005694,   0.002879760,   0.004686703,   0.005500749
     -2.004814,    1.169190,   -0.719291,  -0.000003387,   0.002133862,   0.003482148,   0.004083960
     -3.208292,   -3.857608,    2.373216,   0.000002606,   0.010001089,   0.016312230,   0.019134018
      5.810780,   -1.840481,    1.132271,  -0.000002276,   0.011390998,   0.018602726,   0.021813212
      3.403313,   -3.020839,    1.858433,   0.000000000,   0.010685043,   0.017436406,   0.020449900
      1.199736,   -2.505102,    1.541149,   0.000004891,   0.003835977,   0.006276897,   0.007356234
      2.604084,    2.007244,   -1.234865,   0.000006543,   0.003360051,   0.005469890,   0.006419477
     -1.804266,    1.168073,   -0.718604,  -0.000001685,   0.002129441,   0.003476303,   0.004076666
     -3.210000,   -4.024410,    2.475833,   0.000003320,   0.009723605,   0.015859522,   0.018603036
      5.812109,   -2.007075,    1.234761,  -0.000006836,   0.011529707,   0.018837054,   0.022085488
      3.202090,   -3.016992,    1.856066,  -0.000001555,   0.010034610,   0.016352024,   0.019185465
      0.998764,   -2.503237,    1.540002,   0.000002857,   0.003581693,   0.005863745,   0.006871102
      2.804643,    2.009515,   -1.236262,   0.000006310,   0.003897608,   0.006347821,   0.007448907
     -1.605281,    1.165991,   -0.717322,  -0.000000460,   0.002021459,   0.003300158,   0.003870057
     -3.408993,   -3.858764,    2.373927,   0.000002490,   0.010464637,   0.017074771,   0.020026393
     -3.410625,   -4.024410,    2.475833,   0.000002927,   0.010122849,   0.016516079,   0.019371447
      5.813273,   -2.175901,    1.338623,  -0.000013231,   0.011982105,   0.019576721,   0.022952538
      3.002332,   -3.014915,    1.854788,   0.000002103,   0.009087848,   0.014811721,   0.017377459
      0.799323,   -2.504369,    1.540698,   0.000000458,   0.003349405,   0.005486087,   0.006427726
      3.004726,    2.011725,   -1.237621,   0.000004923,   0.004473577,   0.007289569,   0.008552820
     -1.406084,    1.164502,   -0.716406,  -0.000000780,   0.001646292,   0.002686725,   0.003150995
     -3.609586,   -3.859516,    2.374390,   0.000000094,   0.010553352,   0.017222881,   0.020199031
      5.813533,   -2.344367,    1.442264,  -0.000017776,   0.012771298,   0.020859373,   0.024458532
      2.803317,   -3.013098,    1.853670,   0.000003750,   0.008328555,   0.013576483,   0.015927514
      0.599407,   -2.505384,    1.541323,  -0.000001959,   0.003154478,   0.005168638,   0.006055209
      3.204231,    2.014463,   -1.239306,   0.000003236,   0.004964419,   0.008092766,   0.009494121
     -1.206989,    1.163311,   -0.715674,  -0.000002214,   0.001121804,   0.001829671,   0.002146193
     -3.611250,   -4.024410,    2.475833,  -0.000000106,   0.010331820,   0.016861478,   0.019775134
      5.813931,   -2.513117,    1.546080,  -0.000019541,   0.013740742,   0.022431080,   0.026305166
      2.601978,   -3.012600,    1.853364,   0.000003393,   0.007792283,   0.012704039,   0.014903432
      0.398937,   -2.507211,    1.542446,  -0.000003062,   0.003046123,   0.004990505,   0.005846710
      3.403983,    2.016935,   -1.240826,   0.000000000,   0.005275250,   0.008608426,   0.010096200
     -1.007754,    1.162888,   -0.715414,  -0.000003009,   0.000697824,   0.001137291,   0.001334316
     -3.810175,   -3.858495,    2.373762,   0.000000000,   0.010627830,   0.017343042,   0.020340400
     -3.811875,   -4.024410,    2.475833,  -0.000006787,   0.010558941,   0.017227607,   0.020205982
      5.813771,   -2.681737,    1.649816,  -0.000018274,   0.014784340,   0.024121637,   0.028291879
      2.401379,   -3.013162,    1.853710,   0.000001697,   0.007540794,   0.012294050,   0.014422456
      0.197406,   -2.509117,    1.543619,  -0.000002343,   0.003007973,   0.004925930,   0.005771715
      3.604122,    2.019373,   -1.242326,   0.000000000,   0.005275250,   0.008608426,   0.010096200
     -0.808069,    1.163040,   -0.715507,  -0.000002721,   0.000483358,   0.000787295,   0.000923837
     -4.010850,   -3.857195,    2.372962,  -0.000006082,   0.011096172,   0.018095604,   0.021226774
      5.813283,   -2.850918,    1.753897,  -0.000012404,   0.015855152,   0.025856267,   0.030330390
      2.201583,   -3.014737,    1.854678,   0.000000105,   0.007615589,   0.012413309,   0.014563222
     -0.002757,   -2.509697,    1.543976,   0.000000109,   0.002973737,   0.004870153,   0.005706269
      3.804436,    2.020105,   -1.242777,   0.000000000,   0.005275250,   0.008608426,   0.010096200
     -0.609156,    1.164397,   -0.716342,  -0.000002017,   0.000496695,   0.000809355,   0.000949614
     -4.012500,   -4.024410,    2.475833,  -0.000009255,   0.011030769,   0.017986668,   0.021099720
      5.812418,   -3.020200,    1.858040,  -0.000004227,   0.016606782,   0.027078156,   0.031764946
      2.001132,   -3.018548,    1.857023,   0.000000000,   0.007703092,   0.012570303,   0.014742800
     -0.203281,   -2.508564,    1.543279,   0.000002546,   0.003004423,   0.004920043,   0.005764840
     -0.410124,    1.163722,   -0.715926,  -0.000001551,   0.000690482,   0.001126382,   0.001321175
     -4.210983,   -3.857954,    2.373429,  -0.000006630,   0.011906626,   0.019409636,   0.022770634
     -3.802565,   -1.850186,    1.138242,   0.000000000,   0.005475001,   0.008934390,   0.010478500
     -4.213125,   -4.024410,    2.475833,  -0.000008936,   0.011801610,   0.019236304,   0.022567975
      5.810389,   -3.189230,    1.962027,  -0.000000608,   0.016842314,   0.027473594,   0.032225175
      1.800021,   -3.022014,    1.859155,   0.000000000,   0.007703092,   0.012570303,   0.014742800
     -0.402657,   -2.506993,    1.542312,   0.000003242,   0.003044372,   0.004987314,   0.005843074
     -0.208477,    1.165994,   -0.717324,  -0.000001090,   0.000888808,   0.001451181,   0.001701737
     -3.800065,   -1.683522,    1.035710,   0.000000000,   0.005475001,   0.008934390,   0.010478500
     -4.411365,   -3.858706,    2.373892,  -0.000003560,   0.012910302,   0.021040844,   0.024685887
      5.808825,   -3.358103,    2.065919,  -0.000000919,   0.016866645,   0.027519024,   0.032276623
      1.600442,   -3.018717,    1.857127,   0.000000000,   0.007703092,   0.012570303,   0.014742800
     -0.603203,   -2.505123,    1.541162,   0.000002152,   0.003151683,   0.005163487,   0.006049356
     -0.007211,    1.166510,   -0.717642,  -0.000000026,   0.000945229,   0.001543810,   0.001810195
     -4.413750,   -4.024410,    2.475833,  -0.000005092,   0.012771891,   0.020813376,   0.024419620
     -3.802865,   -1.512159,    0.930286,   0.000000000,   0.005475001,   0.008934390,   0.010478500
      1.399155,   -3.015370,    1.855068,  -0.000000836,   0.007183421,   0.011699716,   0.013728980
     -0.804305,   -2.503330,    1.540059,  -0.000000260,   0.003343720,   0.005475987,   0.006416143
      0.190218,    1.164928,   -0.716668,   0.000001005,   0.000890704,   0.001454364,   0.001705441
     -4.611769,   -3.857647,    2.373240,   0.000001887,   0.014029619,   0.022863937,   0.026825172
      5.811395,    3.530407,   -2.171921,  -0.000000930,   0.016728621,   0.027297990,   0.032016043
     -3.805919,   -1.341070,    0.825032,   0.000000000,   0.005475001,   0.008934390,   0.010478500
     -4.614375,   -4.024410,    2.475833,   0.000001608,   0.013858456,   0.022583202,   0.026496373
      1.199339,   -3.013606,    1.853983,   0.000001811,   0.006404974,   0.010435761,   0.012244541
     -1.003780,   -2.504452,    1.540749,  -0.000002641,   0.003587893,   0.005872548,   0.006881846
      0.389551,    1.163491,   -0.715784,   0.000001470,   0.000699696,   0.001141607,   0.001338971
      5.809034,    3.365129,   -2.070241,  -0.000000525,   0.016726750,   0.027296981,   0.032014205
     -3.805834,   -1.170597,    0.720156,  -0.000007794,   0.005348628,   0.008734482,   0.010242025
     -4.812346,   -3.858279,    2.373629,   0.000008348,   0.015202008,   0.024778361,   0.029070058
      1.000324,   -3.012054,    1.853028,   0.000002061,   0.005884612,   0.009590573,   0.011252011
     -1.203716,   -2.505518,    1.541405,  -0.000004700,   0.003831172,   0.006267552,   0.007345755
      0.588533,    1.162949,   -0.715451,   0.000001932,   0.000499564,   0.000814282,   0.000955312
     -4.815000,   -4.024410,    2.475833,   0.000009763,   0.014976342,   0.024408910,   0.028637140
      5.811197,    3.198899,   -1.967976,   0.000000197,   0.016703714,   0.027262862,   0.031973078
     -3.808260,   -1.001663,    0.616227,  -0.000009923,   0.005139372,   0.008394789,   0.009843055
      0.799183,   -3.011780,    1.852860,   0.000000722,   0.005648037,   0.009205851,   0.010800371
     -1.404256,   -2.507458,    1.542598,  -0.000005593,   0.004044918,   0.006614305,   0.007753091
      0.789330,    1.162234,   -0.715011,   0.000002652,   0.000477153,   0.000777401,   0.000912159
     -5.012827,   -3.858826,    2.373965,   0.000013125,   0.016297333,   0.026573903,   0.031173315
      5.813511,    3.032096,   -1.865358,  -0.000001164,   0.016469711,   0.026888955,   0.031532003
     -3.807999,   -0.832663,    0.512258,  -0.000011615,   0.004832586,   0.007895202,   0.009256794
     -5.015625,   -4.024410,    2.475833,   0.000015490,   0.015938537,   0.025987476,   0.030485835
      0.598696,   -3.012533,    1.853322,  -0.000000727,   0.005734188,   0.009344367,   0.010963489
     -1.605916,   -2.509022,    1.543561,  -0.000005065,   0.004178494,   0.006831832,   0.008008356
      0.994125,    1.161411,   -0.714505,   0.000002974,   0.000693471,   0.001130381,   0.001326149
      5.815050,    2.865037,   -1.762582,  -0.000006652,   0.015715451,   0.025657723,   0.030088107
     -3.807528,   -0.663441,    0.408151,  -0.000011516,   0.004551855,   0.007436154,   0.008718710
     -5.213328,   -3.859901,    2.374627,   0.000012632,   0.016975344,   0.027693125,   0.032481866
      0.399043,   -3.014297,    1.854408,  -0.000000448,   0.006159022,   0.010031567,   0.011771401
     -1.806142,   -2.509438,    1.543817,  -0.000003507,   0.004217226,   0.006897992,   0.008085005
      1.197223,    1.165810,   -0.717211,   0.000002153,   0.001134293,   0.001850131,   0.002170163
     -5.216250,   -4.024410,    2.475833,   0.000015630,   0.016618507,   0.027108157,   0.031796654
      5.816167,    2.697142,   -1.659293,  -0.000011883,   0.014599886,   0.023828787,   0.027945803
     -3.807239,   -0.495380,    0.304760,  -0.000009974,   0.004240681,   0.006926361,   0.008121450
      0.198705,   -3.018249,    1.856839,   0.000000000,   0.006470988,   0.010559693,   0.012384700
     -2.006702,   -2.508367,    1.543158,  -0.000001782,   0.004318340,   0.007065219,   0.008280421
      1.398748,    1.167376,   -0.718175,   0.000000567,   0.001682591,   0.002746029,   0.003220526
     -5.414156,   -3.860610,    2.375063,   0.000007237,   0.017169508,   0.028017946,   0.032860270
      5.815408,    2.529454,   -1.556131,  -0.000013768,   0.013492914,   0.022013121,   0.025819303
     -3.806107,   -0.327521,    0.201492,   0.000000000,   0.004055482,   0.006617946,   0.007761710
     -5.416875,   -4.024410,    2.475833,   0.000012603,   0.016949274,   0.027656603,   0.032437104
     -0.002206,   -3.021857,    1.859059,   0.000000000,   0.006470988,   0.010559693,   0.012384700
     -2.206177,   -2.506913,    1.542263,  -0.000001926,   0.004508552,   0.007378447,   0.008646880
      1.600236,    1.170789,   -0.720274,   0.000000152,   0.002092098,   0.003415559,   0.004005361
      5.814965,    2.362036,   -1.453134,  -0.000013070,   0.012497293,   0.020381924,   0.023908269
     -3.804093,   -0.160175,    0.098540,   0.000000000,   0.004055482,   0.006617946,   0.007761710
     -5.615321,   -3.859813,    2.374573,   0.000005464,   0.017078826,   0.027872484,   0.032688862
     -0.201877,   -3.018665,    1.857095,   0.000000000,   0.006470988,   0.010559693,   0.012384700
     -2.406795,   -2.505110,    1.541154,  -0.000003141,   0.004875118,   0.007976697,   0.009348502
      1.800765,    1.172486,   -0.721318,   0.000001467,   0.002213596,   0.003613811,   0.004237882
     -5.617500,   -4.024410,    2.475833,   0.000008945,   0.016859342,   0.027514828,   0.032269230
      5.814623,    2.195211,   -1.350503,  -0.000009922,   0.011744612,   0.019152258,   0.022466530
     -3.801339,    0.006833,   -0.004204,   0.000000000,   0.004055482,   0.006617946,   0.007761710
     -0.403207,   -3.015363,    1.855064,   0.000000502,   0.006152968,   0.010021435,   0.011759599
     -2.608494,   -2.505962,    1.541678,  -0.000004815,   0.005419425,   0.008862070,   0.010387804
      2.001048,    1.171948,   -0.720987,   0.000003171,   0.002216859,   0.003617901,   0.004243075
     -5.816708,   -3.858760,    2.373925,   0.000006399,   0.016616116,   0.027120128,   0.031805608
      5.813484,    2.027817,   -1.247521,  -0.000005516,   0.011338683,   0.018492727,   0.021692089
     -3.806131,    0.178640,   -0.109900,   0.000000000,   0.004055482,   0.006617946,   0.007761710
     -5.818125,   -4.024410,    2.475833,   0.000009739,   0.016378185,   0.026732440,   0.031350732
     -0.603183,   -3.013615,    1.853988,   0.000000835,   0.005721188,   0.009322688,   0.010938213
     -2.808115,   -2.507539,    1.542648,  -0.000005977,   0.006024023,   0.009844793,   0.011541613
      2.201975,    1.171137,   -0.720488,   0.000004513,   0.002196486,   0.003583259,   0.004202893
      5.811119,    1.861921,   -1.145461,  -0.000002157,   0.011213214,   0.018292861,   0.021456117
     -3.805659,    0.343483,   -0.211312,   0.000000000,   0.004055482,   0.006617946,   0.007761710
     -6.017304,   -3.857937,    2.373419,   0.000013333,   0.015732142,   0.025680835,   0.030116537
     -0.802275,   -3.012071,    1.853038,  -0.000000594,   0.005623502,   0.009165185,   0.010752878
     -3.007481,   -2.510022,    1.544176,  -0.000006465,   0.006650923,   0.010863276,   0.012737566
      2.402580,    1.172366,   -0.721244,   0.000006120,   0.002260848,   0.003687739,   0.004325608
     -6.018750,   -4.024410,    2.475833,   0.000015628,   0.015555759,   0.025393914,   0.029779737
      5.809156,    1.694371,   -1.042384,  -0.000000916,   0.011174090,   0.018230898,   0.021382842
     -3.804727,    0.510940,   -0.314332,  -0.000010517,   0.004228452,   0.006902450,   0.008094673
     -1.003391,   -3.011787,    1.852864,  -0.000002016,   0.005843143,   0.009522224,   0.011172066
     -3.207676,   -2.512416,    1.545649,  -0.000006900,   0.007194214,   0.011746669,   0.013774651
      2.602848,    1.171205,   -0.720530,   0.000007123,   0.002525092,   0.004118854,   0.004831262
      5.811694,    1.527974,   -0.940016,  -0.000000197,   0.011121437,   0.018146517,   0.021283384
     -3.805968,    0.678324,   -0.417308,  -0.000011850,   0.004528584,   0.007391794,   0.008668727
      6.420000,    0.534057,   -0.328554,  -0.000041118,   0.006531587,   0.010676100,   0.012515687
     -1.203811,   -3.012526,    1.853318,  -0.000001950,   0.006346640,   0.010339895,   0.012132323
     -3.408121,   -2.516000,    1.547854,  -0.000007201,   0.007620447,   0.012440907,   0.014589292
      2.803274,    1.171608,   -0.720778,   0.000006815,   0.002999011,   0.004892425,   0.005738460
      6.420000,    0.702890,   -0.432421,  -0.000041373,   0.006590440,   0.010766708,   0.012623692
      5.814105,    1.360500,   -0.836985,  -0.000000798,   0.010969109,   0.017900386,   0.020993931
     -3.805371,    0.845223,   -0.519985,  -0.000011730,   0.004807082,   0.007845285,   0.009200906
      6.218168,    0.697244,   -0.428947,  -0.000028252,   0.007766043,   0.012681638,   0.014870648
     -1.403368,   -3.014291,    1.854404,   0.000000481,   0.007101451,   0.011565340,   0.013571577
     -3.608046,   -2.518145,    1.549173,  -0.000007474,   0.007920863,   0.012933243,   0.015166044
      6.218139,    0.528991,   -0.325438,  -0.000027111,   0.007753472,   0.012664424,   0.014849400
      5.815774,    1.192727,   -0.733771,  -0.000004810,   0.010552210,   0.017220926,   0.020196768
     -3.804696,    1.012606,   -0.622960,  -0.000009845,   0.005118651,   0.008352915,   0.009796524
     -2.803533,   -0.994711,    0.611950,  -0.000007802,   0.002859734,   0.004682272,   0.005486512
     -1.603632,   -3.018228,    1.856826,   0.000000000,   0.007595091,   0.012394063,   0.014536100
     -3.807894,   -2.518984,    1.549689,  -0.000007971,   0.008243971,   0.013463645,   0.015787111
      6.217636,    0.360736,   -0.221926,  -0.000025367,   0.007810344,   0.012760096,   0.014960687
      5.816025,    1.024590,   -0.630332,  -0.000009349,   0.010063158,   0.016422480,   0.019260454
     -3.804001,    1.180377,   -0.726173,  -0.000007517,   0.005335270,   0.008705561,   0.010210384
     -2.803887,   -0.824223,    0.507065,  -0.000008457,   0.002583513,   0.004231825,   0.004958120
      6.420000,    0.365225,   -0.224688,  -0.000040316,   0.006540870,   0.010695916,   0.012537433
     -1.804384,   -3.021861,    1.859061,   0.000000000,   0.007595091,   0.012394063,   0.014536100
     -4.008024,   -2.519617,    1.550078,  -0.000008262,   0.008748656,   0.014288797,   0.016754365
      5.816246,    0.857468,   -0.527518,  -0.000011259,   0.009761257,   0.015930390,   0.018683137
     -3.801866,    1.348422,   -0.829555,   0.000000000,   0.005449451,   0.008892696,   0.010429600
     -2.803975,   -0.655407,    0.403209,  -0.000008316,   0.002392344,   0.003919155,   0.004591639
      6.217089,    0.192333,   -0.118324,  -0.000023859,   0.007878032,   0.012873440,   0.015092694
     -2.004154,   -3.018711,    1.857124,   0.000000000,   0.007595091,   0.012394063,   0.014536100
     -4.208294,   -2.519437,    1.549968,  -0.000007489,   0.009488973,   0.015496180,   0.018170642
      6.420000,    0.196393,   -0.120822,  -0.000039365,   0.006581284,   0.010765895,   0.012618215
     -3.799369,    1.516791,   -0.933136,   0.000000000,   0.005449451,   0.008892696,   0.010429600
     -2.802659,   -0.493112,    0.303364,  -0.000007497,   0.002299490,   0.003766080,   0.004412603
     -5.608490,    3.531357,   -2.172505,   0.000000000,   0.017058794,   0.027837422,   0.032648500
     -2.205549,   -3.015420,    1.855099,  -0.000000192,   0.007472095,   0.012178360,   0.014287920
     -4.408669,   -2.519451,    1.549976,  -0.000004459,   0.010443209,   0.017049978,   0.019994059
      6.217033,    0.023816,   -0.014652,  -0.000023034,   0.007924645,   0.012952725,   0.015184651
     -3.798734,    1.685136,   -1.036703,   0.000000000,   0.005449451,   0.008892696,   0.010429600
     -2.801447,   -0.328710,    0.202224,  -0.000006356,   0.002274069,   0.003722647,   0.004362285
      6.420000,    0.027561,   -0.016956,  -0.000038736,   0.006619394,   0.010831967,   0.012694463
     -5.406024,    3.536037,   -2.175385,   0.000000000,   0.017058794,   0.027837422,   0.032648500
     -2.405685,   -3.013668,    1.854021,  -0.000001742,   0.007366385,   0.012009944,   0.014089088
      4.612884,    0.680479,   -0.418633,   0.000003332,   0.007679247,   0.012535816,   0.014700937
     -3.800422,    1.851748,   -1.139203,   0.000000000,   0.005449451,   0.008892696,   0.010429600
     -2.800882,   -0.163049,    0.100309,  -0.000005409,   0.002279756,   0.003729935,   0.004371468
      4.610841,    0.510568,   -0.314104,   0.000003099,   0.007646877,   0.012485315,   0.014640964
      6.217514,   -0.144758,    0.089056,  -0.000023346,   0.007927435,   0.012960993,   0.015193160
     -5.204866,    3.531184,   -2.172399,   0.000000000,   0.017058794,   0.027837422,   0.032648500
     -2.604848,   -3.012122,    1.853070,  -0.000003425,   0.007618461,   0.012421304,   0.014571539
      6.420000,   -0.141271,    0.086910,  -0.000038528,   0.006647343,   0.010881681,   0.012751456
     -2.801202,    0.002358,   -0.001450,  -0.000005054,   0.002285873,   0.003738145,   0.004381663
     -5.006440,    3.526387,   -2.169448,   0.000006243,   0.016516274,   0.026960466,   0.031617306
     -2.805952,   -3.011819,    1.852884,  -0.000003701,   0.008175523,   0.013327623,   0.015635368
      4.609670,    0.342397,   -0.210644,   0.000002685,   0.007661128,   0.012508943,   0.014668556
      3.800863,   -1.847384,    1.136518,   0.000000000,   0.005421341,   0.008846824,   0.010375800
      6.218202,   -0.313351,    0.192775,  -0.000024401,   0.007908649,   0.012934358,   0.015160638
     -2.801930,    0.168473,   -0.103645,  -0.000005472,   0.002272421,   0.003714728,   0.004354668
      6.420000,   -0.310103,    0.190777,  -0.000038755,   0.006668225,   0.010920301,   0.012795300
     -4.804199,    3.526489,   -2.169510,   0.000003706,   0.015368713,   0.025095351,   0.029427436
     -3.006307,   -3.012543,    1.853329,  -0.000001885,   0.008968547,   0.014617610,   0.017149617
      4.608751,    0.174338,   -0.107253,   0.000002462,   0.007673061,   0.012527439,   0.014690562
      3.600350,   -1.850019,    1.138140,   0.000000000,   0.005421341,   0.008846824,   0.010375800
     -2.803429,    0.335040,   -0.206118,  -0.000006505,   0.002251561,   0.003679397,   0.004313645
      6.218833,   -0.481953,    0.296499,  -0.000025795,   0.007895353,   0.012916766,   0.015138696
     -4.605372,    3.525152,   -2.168688,  -0.000001144,   0.014154647,   0.023116482,   0.027105825
     -3.206371,   -3.017101,    1.856133,   0.000001954,   0.009956842,   0.016225307,   0.019036788
      4.608262,    0.006287,   -0.003868,   0.000002298,   0.007676072,   0.012530754,   0.014694961
      3.399169,   -1.844116,    1.134508,   0.000000000,   0.005421341,   0.008846824,   0.010375800
      6.420000,   -0.478935,    0.294643,  -0.000039042,   0.006709026,   0.010991830,   0.012877612
     -2.804845,    0.501810,   -0.308716,  -0.000007771,   0.002250871,   0.003676929,   0.004311182
     -4.405386,    3.524319,   -2.168176,  -0.000005115,   0.012980199,   0.021198700,   0.024857000
     -3.406084,   -3.023676,    1.860178,   0.000000000,   0.010627830,   0.017343042,   0.020340400
      4.609544,   -0.161496,    0.099353,   0.000002581,   0.007656915,   0.012498251,   0.014657238
      3.198276,   -1.838761,    1.131213,   0.000000192,   0.005064620,   0.008274779,   0.009701667
      6.219294,   -0.650576,    0.400237,  -0.000026792,   0.007936241,   0.012987391,   0.015220282
     -2.805700,    0.669150,   -0.411664,  -0.000008716,   0.002317624,   0.003784210,   0.004437533
      6.420000,   -0.647767,    0.398509,  -0.000038980,   0.006803391,   0.011150787,   0.013062454
     -4.205016,    3.525829,   -2.169105,  -0.000007391,   0.011883953,   0.019406474,   0.022756090
     -3.605614,   -3.027227,    1.862363,   0.000000000,   0.010627830,   0.017343042,   0.020340400
      4.611557,   -0.330581,    0.203374,   0.000002869,   0.007640663,   0.012471453,   0.014625897
      3.001243,   -1.837613,    1.130507,   0.000002537,   0.004552187,   0.007447609,   0.008728648
     -2.805805,    0.836584,   -0.514670,  -0.000008853,   0.002492481,   0.004067792,   0.004770689
      6.219145,   -0.819391,    0.504093,  -0.000026588,   0.008086435,   0.013235447,   0.015510261
     -4.004460,    3.527409,   -2.170077,  -0.000005997,   0.010961689,   0.017895429,   0.020985829
     -3.806191,   -3.026153,    1.861702,   0.000000000,   0.010627830,   0.017343042,   0.020340400
      4.612789,   -0.500211,    0.307732,   0.000003240,   0.007638645,   0.012469546,   0.014623218
      2.801051,   -1.834956,    1.128872,   0.000004098,   0.004002544,   0.006556006,   0.007681249
      6.420000,   -0.816599,    0.502375,  -0.000038275,   0.006976697,   0.011437911,   0.013397820
     -2.806042,    1.004447,   -0.617940,  -0.000008142,   0.002763857,   0.004509196,   0.005288839
     -3.803505,    3.530555,   -2.172012,   0.000000000,   0.010463086,   0.017074205,   0.020025100
     -4.006733,   -3.023483,    1.860059,  -0.000002670,   0.010971854,   0.017897028,   0.020992503
      4.613384,   -0.667515,    0.410658,   0.000003324,   0.007700876,   0.012573897,   0.014744707
      2.601615,   -1.834200,    1.128407,   0.000004788,   0.003479047,   0.005704174,   0.006681422
      6.218295,   -0.988904,    0.608378,  -0.000025106,   0.008348908,   0.013665379,   0.016013978
      6.420000,   -0.985432,    0.606242,  -0.000036503,   0.007246341,   0.011880772,   0.013916305
     -3.602777,    3.535614,   -2.175124,   0.000000000,   0.010463086,   0.017074205,   0.020025100
     -4.207299,   -3.023314,    1.859955,  -0.000003930,   0.011625683,   0.018960960,   0.022241280
      4.612502,   -0.834855,    0.513606,   0.000002835,   0.007866128,   0.012846623,   0.015063589
      2.401909,   -1.836387,    1.129753,   0.000004470,   0.003014004,   0.004943946,   0.005790237
      2.805723,   -0.997631,    0.613747,   0.000007754,   0.002845988,   0.004660215,   0.005460524
      6.218502,   -1.158436,    0.712675,  -0.000022237,   0.008700991,   0.014240252,   0.016688095
     -3.401826,    3.528464,   -2.170726,   0.000000000,   0.010463086,   0.017074205,   0.020025100
     -4.407645,   -3.022759,    1.859614,  -0.000002469,   0.012563649,   0.020486565,   0.024032158
      4.611420,   -1.002889,    0.616981,   0.000002368,   0.008100416,   0.013231348,   0.015514036
      2.201631,   -1.838191,    1.130863,   0.000003361,   0.002636166,   0.004319153,   0.005060085
      2.606867,   -0.996660,    0.613149,   0.000008088,   0.002370108,   0.003884828,   0.004550755
      6.420000,   -1.154264,    0.710108,  -0.000033618,   0.007596110,   0.012452903,   0.014586871
     -3.203475,    3.523439,   -2.167634,   0.000000539,   0.010070366,   0.016436143,   0.019275868
     -4.607808,   -3.022586,    1.859507,   0.000001107,   0.013698074,   0.022332205,   0.026198561
      4.609434,   -1.171293,    0.720585,   0.000001756,   0.008366279,   0.013666340,   0.016023841
      1.999984,   -1.842293,    1.133386,   0.000000000,   0.002453486,   0.004003725,   0.004695680
      2.407059,   -0.996813,    0.613244,   0.000007365,   0.002061255,   0.003379340,   0.003958379
      6.217913,   -1.327522,    0.816697,  -0.000018563,   0.009094382,   0.014882278,   0.017441053
      6.420000,   -1.323096,    0.813974,  -0.000029832,   0.007996810,   0.013107680,   0.015354515
     -3.003223,    3.520975,   -2.166118,  -0.000001808,   0.009397484,   0.015341116,   0.017990623
     -4.807992,   -3.023867,    1.860295,   0.000005477,   0.014954308,   0.024377788,   0.028599089
      4.607477,   -1.338380,    0.823377,   0.000001385,   0.008594448,   0.014039154,   0.016460935
      1.800217,   -1.846982,    1.136271,   0.000000000,   0.002453486,   0.004003725,   0.004695680
      2.206954,   -0.995491,    0.612430,   0.000006104,   0.001896611,   0.003107153,   0.003640270
      6.217197,   -1.496393,    0.920587,  -0.000015398,   0.009463545,   0.015486140,   0.018148814
     -2.802240,    3.520130,   -2.165599,  -0.000004030,   0.008715691,   0.014230259,   0.016687227
     -5.008257,   -3.025453,    1.861271,   0.000010939,   0.016358282,   0.026663556,   0.031281604
      4.605427,   -1.506487,    0.926797,   0.000001566,   0.008751181,   0.014295655,   0.016761531
      1.599745,   -1.838565,    1.131092,   0.000000000,   0.002453486,   0.004003725,   0.004695680
      2.005163,   -0.997661,    0.613765,   0.000004504,   0.001852547,   0.003030847,   0.003552181
      6.420000,   -1.491928,    0.917840,  -0.000025847,   0.008420648,   0.013801335,   0.016167400
     -2.603280,    3.519816,   -2.165405,  -0.000004759,   0.008156829,   0.013318305,   0.015617655
      4.604194,   -1.674497,    1.030158,   0.000001765,   0.008889999,   0.014523268,   0.017028135
      1.399869,   -1.832809,    1.127552,  -0.000000429,   0.002239104,   0.003664278,   0.004294243
      1.806427,   -0.995753,    0.612591,   0.000003131,   0.001806364,   0.002952632,   0.003461358
      6.216878,   -1.665224,    1.024453,  -0.000013565,   0.009809277,   0.016053459,   0.018813177
      5.214073,    0.683396,   -0.420428,  -0.000008391,   0.010094978,   0.016474622,   0.019321538
      6.420000,   -1.660760,    1.021706,  -0.000022935,   0.008843231,   0.014495274,   0.016979877
      5.209151,    0.514754,   -0.316679,  -0.000007881,   0.010286880,   0.016787095,   0.019688233
     -2.403073,    3.520603,   -2.165890,  -0.000003963,   0.007759127,   0.012667991,   0.014855372
      4.605495,   -1.843190,    1.133938,   0.000002012,   0.009078012,   0.014831646,   0.017389307
      1.201876,   -1.830023,    1.125837,   0.000000562,   0.001883650,   0.003093415,   0.003621789
      1.607246,   -0.995151,    0.612221,   0.000002243,   0.001636676,   0.002676209,   0.003137006
      6.217387,   -1.834076,    1.128331,  -0.000014019,   0.010146293,   0.016607755,   0.019461886
     -2.202172,    3.523425,   -2.167626,  -0.000002057,   0.007529755,   0.012290797,   0.014413913
      5.209739,    0.345461,   -0.212529,   0.000000000,   0.010465751,   0.017078553,   0.020030200
      4.605260,   -2.011508,    1.237488,   0.000001955,   0.009392153,   0.015345392,   0.017991487
      1.001048,   -1.828722,    1.125037,   0.000001579,   0.001566228,   0.002581109,   0.003019138
      1.406809,   -0.995085,    0.612180,   0.000002210,   0.001334521,   0.002186134,   0.002561276
      6.420000,   -1.829592,    1.125573,  -0.000022071,   0.009273562,   0.015203782,   0.017808829
     -2.001484,    3.527978,   -2.170427,   0.000000000,   0.007415352,   0.012100754,   0.014192100
      5.207457,    0.175726,   -0.108107,   0.000000000,   0.010465751,   0.017078553,   0.020030200
      4.606887,   -2.179633,    1.340919,   0.000001427,   0.009910216,   0.016189554,   0.018981940
      0.800207,   -1.829222,    1.125345,   0.000001948,   0.001327993,   0.002193627,   0.002564287
      1.208049,   -0.994283,    0.611687,   0.000002906,   0.000927049,   0.001525480,   0.001785082
      6.218189,   -2.002930,    1.232211,  -0.000016851,   0.010531375,   0.017240057,   0.020202220
      6.420000,   -1.998424,    1.229439,  -0.000023734,   0.009732114,   0.015958301,   0.018691762
     -1.800983,    3.534773,   -2.174607,   0.000000000,   0.007415352,   0.012100754,   0.014192100
      5.201674,    0.005976,   -0.003676,   0.000000000,   0.010465751,   0.017078553,   0.020030200
      4.606841,   -2.347729,    1.444333,   0.000000667,   0.010615992,   0.017336347,   0.020328508
      0.600449,   -1.830620,    1.126205,   0.000001971,   0.001189961,   0.001964650,   0.002296924
      1.008030,   -0.993793,    0.611386,   0.000003363,   0.000551308,   0.000915600,   0.001068773
      6.217760,   -2.171008,    1.335613,  -0.000021218,   0.011024745,   0.018045936,   0.021147134
     -1.599811,    3.527313,   -2.170018,   0.000000000,   0.007415352,   0.012100754,   0.014192100
      5.206956,   -0.162168,    0.099767,   0.000000000,   0.010465751,   0.017078553,   0.020030200
      0.401014,   -1.833722,    1.128113,   0.000001432,   0.001160306,   0.001906996,   0.002232251
      0.809469,   -0.992791,    0.610769,   0.000003026,   0.000335952,   0.000564808,   0.000657177
      6.420000,   -2.167256,    1.333305,  -0.000027602,   0.010238236,   0.016787915,   0.019663579
      4.609738,    2.520239,   -1.550461,   0.000000699,   0.011171722,   0.018226325,   0.021377705
     -1.401172,    3.522225,   -2.166887,   0.000000206,   0.007193358,   0.011741266,   0.013769594
      5.211212,   -0.329784,    0.202884,   0.000000000,   0.010465751,   0.017078553,   0.020030200
      0.199779,   -1.838918,    1.131310,   0.000000000,   0.001163254,   0.001898258,   0.002226330
      0.610318,   -0.994854,    0.612039,   0.000002297,   0.000312661,   0.000524579,   0.000610692
      6.217671,   -2.339354,    1.439180,  -0.000026063,   0.011627554,   0.019026349,   0.022298041
      4.609942,    2.352279,   -1.447132,   0.000002907,   0.010291956,   0.016787067,   0.019690861
      6.420000,   -2.336089,    1.437171,  -0.000032491,   0.010806032,   0.017713228,   0.020749213
     -1.200769,    3.519959,   -2.165493,  -0.000000853,   0.006776431,   0.011063718,   0.012974046
      5.213707,   -0.497798,    0.306247,  -0.000007736,   0.010305507,   0.016816880,   0.019723361
      0.000075,   -1.845787,    1.135536,   0.000000000,   0.001163254,   0.001898258,   0.002226330
      0.410776,   -0.994683,    0.611933,   0.000001624,   0.000408809,   0.000677512,   0.000791296
      4.609107,    2.185648,   -1.344620,   0.000004224,   0.009597520,   0.015653495,   0.018361490
      6.218510,   -2.507271,    1.542483,  -0.000029815,   0.012318530,   0.020146137,   0.023613850
     -0.999673,    3.519367,   -2.165129,  -0.000001628,   0.006396164,   0.010444707,   0.012247564
      5.214325,   -0.666065,    0.409766,  -0.000008406,   0.010140514,   0.016549831,   0.019409456
     -0.200405,   -1.837598,    1.130498,   0.000000000,   0.001163254,   0.001898258,   0.002226330
      0.209211,   -0.996485,    0.613041,   0.000000898,   0.000535628,   0.000880520,   0.001030637
      6.420000,   -2.504921,    1.541037,  -0.000037060,   0.011414255,   0.018699025,   0.021907536
      4.607899,    2.019292,   -1.242277,   0.000004566,   0.009123490,   0.014881316,   0.017455419
     -0.800599,    3.519266,   -2.165067,  -0.000001520,   0.006172649,   0.010080028,   0.011819838
      5.214379,   -0.834319,    0.513277,  -0.000009219,   0.010250173,   0.016730614,   0.019620896
     -0.401015,   -1.831937,    1.127015,  -0.000001419,   0.001158311,   0.001903439,   0.002228176
      0.009245,   -0.996232,    0.612886,   0.000000022,   0.000603578,   0.000989469,   0.001159032
      6.218297,   -2.676088,    1.646340,  -0.000031485,   0.013033748,   0.021302818,   0.024973778
      4.606643,    1.853861,   -1.140503,   0.000004010,   0.008850804,   0.014437478,   0.016934507
      6.420000,   -2.673753,    1.644904,  -0.000039988,   0.012030322,   0.019692880,   0.023076823
     -0.600608,    3.520227,   -2.165658,  -0.000000993,   0.006131291,   0.010011152,   0.011739502
      5.214287,   -1.002947,    0.617017,  -0.000009283,   0.010585727,   0.017277633,   0.020262633
     -0.599862,   -1.829398,    1.125453,  -0.000001945,   0.001189278,   0.001963026,   0.002295181
     -0.189333,   -0.995804,    0.612622,  -0.000000860,   0.000537531,   0.000883436,   0.001034117
      4.606574,    1.686593,   -1.037599,   0.000002918,   0.008709434,   0.014206786,   0.016663944
      6.218145,   -2.845335,    1.750462,  -0.000030602,   0.013698604,   0.022377173,   0.026237198
     -0.399862,    3.523175,   -2.167472,  -0.000000526,   0.006217221,   0.010148551,   0.011901551
      5.213352,   -1.172879,    0.721560,  -0.000009230,   0.011145600,   0.018186871,   0.021330419
     -0.799039,   -1.828392,    1.124834,  -0.000001885,   0.001335397,   0.002204965,   0.002577820
     -0.387396,   -0.994991,    0.612123,  -0.000001582,   0.000414663,   0.000686678,   0.000802169
      6.420000,   -2.842585,    1.748770,  -0.000040688,   0.012595866,   0.020602177,   0.024147613
      4.607552,    1.519485,   -0.934793,   0.000002144,   0.008593549,   0.014017049,   0.016441616
     -0.199578,    3.527823,   -2.170331,   0.000000000,   0.006270923,   0.010233217,   0.012001800
      5.211250,   -1.341004,    0.824991,   0.000000000,   0.011544345,   0.018838658,   0.022094500
     -0.998519,   -1.828927,    1.125164,  -0.000001477,   0.001585256,   0.002611219,   0.003054751
     -0.588881,   -0.994161,    0.611612,  -0.000002266,   0.000308360,   0.000517262,   0.000602205
      6.217786,   -3.014344,    1.854437,  -0.000027770,   0.014235864,   0.023245591,   0.027258358
      4.609042,    1.353830,   -0.832882,   0.000001734,   0.008447696,   0.013778767,   0.016162240
      6.420000,   -3.011417,    1.852636,  -0.000039484,   0.013057360,   0.021342635,   0.025020078
      0.000647,    3.534737,   -2.174585,   0.000000000,   0.006270923,   0.010233217,   0.012001800
      5.205765,   -1.511421,    0.929833,   0.000000000,   0.011544345,   0.018838658,   0.022094500
     -1.198577,   -1.830637,    1.126215,  -0.000000455,   0.001914911,   0.003143506,   0.003680831
     -0.794478,   -0.993520,    0.611218,  -0.000003045,   0.000325849,   0.000548212,   0.000637749
      4.609853,    1.184040,   -0.728426,   0.000002128,   0.008222057,   0.013411528,   0.015731221
      6.217007,   -3.182920,    1.958145,  -0.000024591,   0.014592981,   0.023823980,   0.027938105
      0.202148,    3.527342,   -2.170035,   0.000000000,   0.006270923,   0.010233217,   0.012001800
      5.199286,   -1.680119,    1.033616,   0.000000000,   0.011544345,   0.018838658,   0.022094500
     -1.398879,   -1.834064,    1.128324,   0.000000474,   0.002270161,   0.003714328,   0.004353144
     -0.996884,   -0.994381,    0.611748,  -0.000003427,   0.000540835,   0.000898500,   0.001048722
      6.420000,   -3.180249,    1.956502,  -0.000037244,   0.013383858,   0.021865699,   0.025636651
      4.609712,    1.015820,   -0.624937,   0.000002813,   0.007972324,   0.013006569,   0.015255451
      0.401199,    3.522257,   -2.166907,   0.000000508,   0.006225062,   0.010161547,   0.011916729
      5.204496,   -1.847153,    1.136376,   0.000000000,   0.011544345,   0.018838658,   0.022094500
     -1.600341,   -1.838822,    1.131251,   0.000000000,   0.002474898,   0.004038667,   0.004736660
     -1.197882,   -0.995263,    0.612290,  -0.000002970,   0.000921337,   0.001516184,   0.001774171
      6.216802,   -3.351222,    2.061686,  -0.000021989,   0.014785482,   0.024136383,   0.028305051
      4.612028,    0.848314,   -0.521886,   0.000003089,   0.007792086,   0.012716213,   0.014913708
      6.420000,   -3.349081,    2.060369,  -0.000035307,   0.013558130,   0.022144243,   0.025965200
      0.601814,    3.519974,   -2.165503,   0.000000948,   0.006158049,   0.010055214,   0.011791052
      5.206529,   -2.013789,    1.238891,   0.000000000,   0.011544345,   0.018838658,   0.022094500
     -1.801212,   -1.846258,    1.135826,   0.000000000,   0.002474898,   0.004038667,   0.004736660
     -1.398566,   -0.997214,    0.613490,  -0.000002204,   0.001345005,   0.002203175,   0.002581284
      6.217257,   -3.519049,    2.164933,  -0.000021005,   0.014822487,   0.024197035,   0.028376101
      0.803029,    3.519377,   -2.165135,   0.000001490,   0.006219699,   0.010157572,   0.011910539
      5.208635,   -2.180974,    1.341744,  -0.000005074,   0.011962699,   0.019526995,   0.022899994
     -4.406691,    2.521333,   -1.551135,  -0.000005962,   0.010305506,   0.016812430,   0.019719567
     -2.001175,   -1.840984,    1.132581,   0.000000000,   0.002474898,   0.004038667,   0.004736660
     -1.599955,   -0.997863,    0.613889,  -0.000002106,   0.001676973,   0.002741519,   0.003213747
      6.420000,   -3.517913,    2.164235,  -0.000034247,   0.013609130,   0.022224508,   0.026060283
      1.002097,    3.519253,   -2.165059,   0.000001574,   0.006459959,   0.010549839,   0.012370536
      5.208933,   -2.349256,    1.445272,  -0.000008961,   0.012818725,   0.020920557,   0.024535474
     -4.206595,    2.521191,   -1.551047,  -0.000009129,   0.009392444,   0.015322050,   0.017971736
     -2.201525,   -1.836584,    1.129874,  -0.000003355,   0.002642469,   0.004327273,   0.005070300
     -1.800815,   -0.999199,    0.614711,  -0.000002898,   0.001877753,   0.003068214,   0.003597208
      6.217999,   -3.687399,    2.268503,  -0.000021277,   0.014765633,   0.024104905,   0.028267840
     -2.605900,    1.505024,   -0.925897,  -0.000005693,   0.002995281,   0.004882453,   0.005728009
     -3.605936,   -2.183292,    1.343170,  -0.000008829,   0.005921369,   0.009678333,   0.011346049
      6.420000,   -3.686746,    2.268101,  -0.000034186,   0.013569689,   0.022159125,   0.025983927
      1.201931,    3.520207,   -2.165646,   0.000000748,   0.006855964,   0.011194476,   0.013127091
      5.210446,   -2.517461,    1.548752,  -0.000011984,   0.013913992,   0.022698927,   0.026624060
     -4.005991,    2.520813,   -1.550815,  -0.000010012,   0.008666883,   0.014138119,   0.016583165
     -2.403060,   -1.834710,    1.128721,  -0.000004978,   0.002972858,   0.004875316,   0.005710220
     -2.001513,   -0.998631,    0.614362,  -0.000004264,   0.001927885,   0.003152785,   0.003695512
      0.405685,   -0.330838,    0.203533,   0.000000858,  -0.000089126,  -0.000138574,   0.000164763
     -4.808929,    0.177982,   -0.109495,   0.000002801,   0.008854917,   0.014453664,   0.016950457
      6.014343,    3.528522,   -2.170761,  -0.000006656,   0.015989635,   0.026093245,   0.030602711
      0.204364,   -0.331015,    0.203642,   0.000000000,   0.000000000,   0.000000000,   0.000000000
      5.402431,   -3.201148,    1.969359,   0.000000000,   0.017167108,   0.028014175,   0.032855800
     -2.405533,    1.505577,   -0.926237,  -0.000004724,   0.002646147,   0.004313080,   0.005060116
     -3.805992,   -2.184079,    1.343654,  -0.000011168,   0.006113543,   0.009998568,   0.011719510
      1.402387,    3.523145,   -2.167453,  -0.000000339,   0.007287855,   0.011895994,   0.013950896
      5.209769,   -2.686286,    1.652614,  -0.000012631,   0.015084277,   0.024600103,   0.028856553
     -3.804328,    2.519399,   -1.549945,  -0.000009508,   0.008140493,   0.013279146,   0.015575732
     -2.602967,   -1.834544,    1.128619,  -0.000005170,   0.003432756,   0.005628238,   0.006592488
     -2.202182,   -0.996924,    0.613312,  -0.000005823,   0.001970513,   0.003226641,   0.003780763
     -4.811093,    0.348054,   -0.214124,   0.000002719,   0.008805758,   0.014375162,   0.016857837
      6.420000,    4.024410,   -2.475833,  -0.000031781,   0.013671663,   0.022321957,   0.026176041
      6.013369,    3.362865,   -2.068848,  -0.000005669,   0.016000531,   0.026112741,   0.030625027
      0.001398,   -0.331494,    0.203936,   0.000000000,   0.000000000,   0.000000000,   0.000000000
     -4.006320,   -2.184286,    1.343782,  -0.000010534,   0.006793984,   0.011112776,   0.013025057
     -2.204943,    1.504824,   -0.925774,  -0.000002577,   0.002470750,   0.004028818,   0.004726096
      5.201992,   -3.194462,    1.965246,   0.000000000,   0.017167108,   0.028014175,   0.032855800
      6.219375,    4.024410,   -2.475833,  -0.000022516,   0.014679058,   0.023960386,   0.028099384
      1.602287,    3.527787,   -2.170309,   0.000000000,   0.007509454,   0.012254315,   0.014372200
      5.207450,   -2.855647,    1.756806,  -0.000012806,   0.016376254,   0.026698943,   0.031321166
     -3.603967,    2.519209,   -1.549828,  -0.000008413,   0.007780523,   0.012691878,   0.014886919
     -2.802990,   -1.836014,    1.129523,  -0.000004255,   0.003985207,   0.006527307,   0.007647721
     -2.402535,   -0.995606,    0.612501,  -0.000007150,   0.002107479,   0.003453928,   0.004046127
     -4.812576,    0.515522,   -0.317151,   0.000002799,   0.008743399,   0.014273688,   0.016738733
      6.014246,    3.196846,   -1.966713,  -0.000006265,   0.015861824,   0.025889195,   0.030361949
      6.218892,    3.858716,   -2.373898,  -0.000019680,   0.014815300,   0.024181499,   0.028359097
     -0.197577,   -0.332481,    0.204544,   0.000000000,   0.000000000,   0.000000000,   0.000000000
     -2.003255,    1.506685,   -0.926919,   0.000000000,   0.002373763,   0.003873630,   0.004543100
      6.420000,    3.858334,   -2.373663,  -0.000028898,   0.013808566,   0.022544048,   0.026436933
      5.002448,   -3.190228,    1.962642,  -0.000008396,   0.016555188,   0.026992135,   0.031664644
      1.802238,    3.534725,   -2.174577,   0.000000000,   0.007509454,   0.012254315,   0.014372200
     -3.403252,    2.515356,   -1.547457,  -0.000007630,   0.007425898,   0.012112855,   0.014207930
     -3.003171,   -1.838428,    1.131008,  -0.000002532,   0.004559842,   0.007459694,   0.008742952
     -2.602897,   -0.993373,    0.611127,  -0.000008012,   0.002391614,   0.003919384,   0.004591454
      4.207803,    0.677677,   -0.416909,   0.000011944,   0.005781405,   0.009439584,   0.011069351
     -4.813362,    0.685565,   -0.421763,   0.000002766,   0.008725345,   0.014242260,   0.016702504
      6.015438,    3.030569,   -1.864418,  -0.000009031,   0.015452558,   0.025222268,   0.029579460
      5.209009,    3.031026,   -1.864700,   0.000000000,   0.016955967,   0.027669623,   0.032451700
     -0.398747,   -0.332056,    0.204282,  -0.000000845,  -0.000088277,  -0.000137273,   0.000163210
     -1.801618,    1.510609,   -0.929333,   0.000000000,   0.002373763,   0.003873630,   0.004543100
      4.208001,    0.508914,   -0.313086,   0.000011043,   0.005641548,   0.009213885,   0.010803836
      4.804080,   -3.189022,    1.961899,  -0.000004444,   0.015298540,   0.024938204,   0.029256783
      6.218170,    3.693058,   -2.271985,  -0.000017134,   0.014944711,   0.024391381,   0.028605666
      2.004088,    3.527391,   -2.170066,   0.000000000,   0.007509454,   0.012254315,   0.014372200
     -3.203867,    2.513341,   -1.546218,  -0.000007247,   0.006997642,   0.011412870,   0.013387331
     -3.202848,   -1.841857,    1.133118,  -0.000000091,   0.005109365,   0.008347387,   0.009786954
     -4.813787,    0.853722,   -0.525213,   0.000002738,   0.008832461,   0.014413345,   0.016904345
      6.420000,    3.692258,   -2.271492,  -0.000026328,   0.013934915,   0.022748523,   0.026677291
      6.016816,    2.864132,   -1.762026,  -0.000012510,   0.014786086,   0.024132357,   0.028301928
      5.211095,    2.860841,   -1.760001,  -0.000013659,   0.016148310,   0.026366604,   0.030918699
      2.803374,    0.669871,   -0.412108,   0.000008626,   0.002343355,   0.003827156,   0.004487595
     -0.599117,   -0.330722,    0.203462,  -0.000001618,  -0.000208396,  -0.000329682,   0.000390028
     -1.601942,    1.502533,   -0.924364,   0.000000000,   0.002373763,   0.003873630,   0.004543100
      4.207299,    0.340746,   -0.209628,   0.000009565,   0.005552990,   0.009070135,   0.010634996
      4.604890,   -3.188284,    1.961446,   0.000000396,   0.014031568,   0.022874828,   0.026835474
      2.802965,    0.504425,   -0.310324,   0.000007724,   0.002304035,   0.003764407,   0.004413548
      2.203549,    3.522307,   -2.166938,   0.000001496,   0.007602142,   0.012409034,   0.014552549
     -3.003332,    2.511173,   -1.544884,  -0.000007265,   0.006479347,   0.010566079,   0.012394516
     -3.402044,   -1.846557,    1.136009,   0.000000000,   0.005475001,   0.008934390,   0.010478500
     -4.813709,    1.022519,   -0.629058,   0.000003670,   0.009140354,   0.014912283,   0.017490634
      6.017470,    2.697410,   -1.659458,  -0.000015669,   0.013898359,   0.022676769,   0.026597001
      6.217332,    3.527295,   -2.170006,  -0.000015256,   0.015031430,   0.024531823,   0.028770722
      5.211343,    2.694729,   -1.657808,  -0.000012080,   0.014822682,   0.024194849,   0.028374333
     -0.799527,   -0.331350,    0.203848,  -0.000002430,  -0.000184363,  -0.000288563,   0.000342439
     -1.403573,    1.497360,   -0.921182,   0.000000520,   0.002115343,   0.003450166,   0.004047014
      4.206529,    0.172648,   -0.106214,   0.000008335,   0.005509715,   0.008999058,   0.010551781
      6.420000,    3.526182,   -2.169321,  -0.000024425,   0.014016746,   0.022879661,   0.026831859
      4.404252,   -3.187111,    1.960723,   0.000003536,   0.012894081,   0.021024046,   0.024663087
      2.404388,    3.520003,   -2.165520,   0.000002829,   0.007786788,   0.012713430,   0.014908567
     -2.802311,    2.508607,   -1.543305,  -0.000007374,   0.005916040,   0.009645750,   0.011315479
     -3.601386,   -1.852100,    1.139419,   0.000000000,   0.005475001,   0.008934390,   0.010478500
      2.801396,    0.339222,   -0.208691,   0.000006492,   0.002322729,   0.003795944,   0.004450202
     -4.811572,    1.186649,   -0.730032,   0.000004136,   0.009485810,   0.015474275,   0.018150311
      6.016847,    2.530502,   -1.556775,  -0.000017187,   0.012914916,   0.021063151,   0.024707320
      5.211629,    2.525744,   -1.553848,  -0.000010455,   0.013596307,   0.022186548,   0.026021195
     -0.999981,   -0.331451,    0.203910,  -0.000002752,   0.000029358,   0.000059805,   0.000066679
     -1.204217,    1.494776,   -0.919592,  -0.000000980,   0.001603254,   0.002613061,   0.003065699
      4.206742,    0.005061,   -0.003113,   0.000007783,   0.005500863,   0.008983684,   0.010534047
      4.203451,   -3.187840,    1.961172,   0.000004779,   0.011921804,   0.019443469,   0.022807410
      6.217122,    3.361371,   -2.067929,  -0.000014578,   0.015017336,   0.024508079,   0.028743113
      2.605723,    3.519403,   -2.165151,   0.000003542,   0.008134178,   0.013282151,   0.015574993
     -2.602754,    2.508833,   -1.543445,  -0.000006845,   0.005426176,   0.008845905,   0.010377546
      2.801585,    0.173643,   -0.106826,   0.000005450,   0.002359960,   0.003857663,   0.004522278
     -4.807750,    1.352298,   -0.831939,   0.000003812,   0.009766806,   0.015932829,   0.018688113
      6.420000,    3.360106,   -2.067151,  -0.000023643,   0.013995584,   0.022841728,   0.026788458
      6.016536,    2.363275,   -1.453897,  -0.000016086,   0.012034888,   0.019621495,   0.023018293
      5.211379,    2.358059,   -1.450688,  -0.000007475,   0.012517322,   0.020421073,   0.023952111
      3.807617,    0.675103,   -0.415326,   0.000011398,   0.004574329,   0.007466883,   0.008756652
     -1.199845,   -0.331652,    0.204034,  -0.000002092,   0.000410542,   0.000679391,   0.000793802
     -1.004741,    1.494079,   -0.919164,  -0.000002278,   0.001140390,   0.001856568,   0.002178838
      4.208836,   -0.164331,    0.101097,   0.000008190,   0.005509890,   0.008997988,   0.010550959
      4.002537,   -3.190514,    1.962817,   0.000004132,   0.011142745,   0.018178674,   0.021321936
      3.807381,    0.506941,   -0.311872,   0.000009906,   0.004343490,   0.007090624,   0.008315224
      2.804781,    3.519255,   -2.165060,   0.000002986,   0.008645794,   0.014117279,   0.016554375
     -2.402656,    2.509153,   -1.543641,  -0.000005654,   0.005057141,   0.008243926,   0.009671454
      2.802187,    0.007188,   -0.004422,   0.000004984,   0.002383346,   0.003896989,   0.004568028
     -4.804635,    1.519101,   -0.934557,   0.000003282,   0.009957581,   0.016245233,   0.019054160
      6.015855,    2.196485,   -1.351287,  -0.000013232,   0.011349481,   0.018501948,   0.021705598
      6.217130,    3.195316,   -1.965772,  -0.000015498,   0.014828549,   0.024198912,   0.028380864
      5.210883,    2.190380,   -1.347531,  -0.000004522,   0.011760021,   0.019186447,   0.022503730
     -1.400097,   -0.332233,    0.204391,  -0.000000723,   0.000869500,   0.001424775,   0.001669135
      3.806419,    0.338333,   -0.208144,   0.000000000,   0.004202743,   0.006858254,   0.008043550
     -0.804403,    1.494367,   -0.919341,  -0.000002287,   0.000898363,   0.001461338,   0.001715392
      4.211037,   -0.332649,    0.204647,   0.000009213,   0.005557113,   0.009075076,   0.010641363
      6.420000,    3.194030,   -1.964980,  -0.000024154,   0.013816015,   0.022543747,   0.026440563
      3.801526,   -3.193839,    1.964863,   0.000000000,   0.010685043,   0.017436406,   0.020449900
      3.004465,    3.520198,   -2.165640,   0.000001146,   0.009282388,   0.015154431,   0.017771312
     -2.202011,    2.510432,   -1.544428,  -0.000004308,   0.004832220,   0.007877945,   0.009241883
      2.803507,   -0.159413,    0.098071,   0.000005289,   0.002380152,   0.003893304,   0.004563219
     -4.803762,    1.686332,   -1.037439,   0.000001852,   0.010040100,   0.016381199,   0.019213206
      6.015576,    2.029494,   -1.248553,  -0.000009993,   0.010889975,   0.017754918,   0.020828556
      5.209292,    2.023092,   -1.244615,   0.000000000,   0.011419363,   0.018634707,   0.021855300
     -1.600357,   -0.332384,    0.204484,   0.000000000,   0.001146634,   0.001871136,   0.002194520
      3.804082,    0.170541,   -0.104918,   0.000000000,   0.004202743,   0.006858254,   0.008043550
     -0.604523,    1.495815,   -0.920232,  -0.000001695,   0.000894452,   0.001455683,   0.001708526
      4.210066,   -0.498844,    0.306891,   0.000010535,   0.005647889,   0.009224358,   0.010816077
      3.600344,   -3.199339,    1.968247,   0.000000000,   0.010685043,   0.017436406,   0.020449900
      6.217874,    3.029169,   -1.863557,  -0.000017549,   0.014430724,   0.023547198,   0.027617325
      3.204637,    3.523124,   -2.167441,  -0.000000712,   0.009919518,   0.016190679,   0.018987757
     -2.000382,    2.511075,   -1.544824,  -0.000003549,   0.004702759,   0.007668001,   0.008995232
      2.803996,   -0.327039,    0.201196,   0.000006223,   0.002362385,   0.003866165,   0.004530799
     -4.804377,    1.853188,   -1.140089,   0.000000593,   0.010130276,   0.016528730,   0.019386113
      6.420000,    3.027954,   -1.862810,  -0.000025882,   0.013427087,   0.021901641,   0.025689866
      6.014180,    1.862741,   -1.145966,  -0.000007571,   0.010613766,   0.017308211,   0.020303355
      5.205995,    1.854915,   -1.141151,   0.000000000,   0.011419363,   0.018634707,   0.021855300
     -1.800384,   -0.333124,    0.204939,   0.000000000,   0.001146634,   0.001871136,   0.002194520
      3.801504,    0.002244,   -0.001380,   0.000000000,   0.004202743,   0.006858254,   0.008043550
     -0.404880,    1.498805,   -0.922071,  -0.000001029,   0.001033223,   0.001683675,   0.001975427
      4.209421,   -0.666669,    0.410138,   0.000011434,   0.005813836,   0.009497079,   0.011135319
      3.400811,   -3.191273,    1.963284,   0.000000000,   0.010685043,   0.017436406,   0.020449900
      3.404152,    3.527752,   -2.170287,   0.000000000,   0.010295625,   0.016800933,   0.019704600
     -1.800119,    2.510323,   -1.544361,  -0.000003435,   0.004584790,   0.007476219,   0.008770072
      2.805880,   -0.494666,    0.304320,   0.000007390,   0.002368318,   0.003877808,   0.004543829
     -4.805649,    2.020412,   -1.242966,   0.000000035,   0.010336627,   0.016864407,   0.019780144
      6.013429,    1.697005,   -1.044004,  -0.000006289,   0.010444501,   0.017036057,   0.019982865
      6.218425,    2.862969,   -1.761310,  -0.000020248,   0.013802645,   0.022516788,   0.026410588
      5.200692,    1.689328,   -1.039282,   0.000000000,   0.011419363,   0.018634707,   0.021855300
     -0.204193,    1.503837,   -0.925166,   0.000000000,   0.001108763,   0.001809337,   0.002122040
      4.210485,   -0.834267,    0.513244,   0.000011448,   0.006038037,   0.009865407,   0.011566516
      6.420000,    2.861878,   -1.760639,  -0.000027917,   0.012839285,   0.020932444,   0.024556368
      3.202127,   -3.185974,    1.960024,  -0.000002106,   0.010240814,   0.016695993,   0.019586486
      3.603827,    3.534699,   -2.174562,   0.000000000,   0.010295625,   0.016800933,   0.019704600
     -1.599515,    2.508823,   -1.543438,  -0.000003613,   0.004415744,   0.007200358,   0.008446536
      3.804103,   -0.163048,    0.100308,   0.000000000,   0.004202743,   0.006858254,   0.008043550
      2.805844,   -0.662368,    0.407491,   0.000008257,   0.002433131,   0.003985355,   0.004669395
      2.000676,    0.337745,   -0.207782,   0.000000000,   0.001145400,   0.001869124,   0.002192160
     -4.807068,    2.187755,   -1.345916,   0.000000476,   0.010750642,   0.017538034,   0.020570828
      6.014531,    1.529852,   -0.941171,  -0.000006702,   0.010256375,   0.016732331,   0.019625600
      5.205952,    1.521754,   -0.936189,   0.000000000,   0.011419363,   0.018634707,   0.021855300
     -0.002390,    1.510601,   -0.929328,   0.000000000,   0.001108763,   0.001809337,   0.002122040
      4.208983,   -1.002789,    0.616920,   0.000010744,   0.006253490,   0.010219400,   0.011980918
      3.002284,   -3.183587,    1.958556,   0.000001007,   0.009433015,   0.015374734,   0.018037856
      6.218849,    2.696741,   -1.659046,  -0.000022210,   0.013010142,   0.021215723,   0.024887169
      3.804916,    3.529474,   -2.171347,   0.000000000,   0.010295625,   0.016800933,   0.019704600
     -1.400185,    2.507287,   -1.542493,  -0.000003771,   0.004138981,   0.006747299,   0.007915632
      3.805448,   -0.329716,    0.202843,   0.000000000,   0.004202743,   0.006858254,   0.008043550
      2.806561,   -0.830553,    0.510960,   0.000008387,   0.002599811,   0.004258374,   0.004989272
      2.001113,    0.170695,   -0.105012,   0.000000000,   0.001145400,   0.001869124,   0.002192160
     -4.806448,    2.355269,   -1.448971,   0.000001974,   0.011421505,   0.018632421,   0.021854471
      6.420000,    2.695802,   -1.658468,  -0.000029214,   0.012105096,   0.019723313,   0.023141808
      6.016067,    1.363101,   -0.838585,  -0.000009243,   0.009957162,   0.016246448,   0.019054979
      5.209888,    1.355143,   -0.833690,   0.000000000,   0.011419363,   0.018634707,   0.021855300
      0.196481,    1.502334,   -0.924242,   0.000000000,   0.001108763,   0.001809337,   0.002122040
      4.207824,   -1.170705,    0.720223,   0.000009470,   0.006445792,   0.010535353,   0.012350789
      2.801446,   -3.181984,    1.957570,   0.000003338,   0.008669901,   0.014132188,   0.016579684
      4.005826,    3.526866,   -2.169742,   0.000005440,   0.010802950,   0.017634771,   0.020680640
     -1.199719,    2.505337,   -1.541294,  -0.000003646,   0.003788930,   0.006174318,   0.007244184
      3.806155,   -0.498589,    0.306734,   0.000009377,   0.004364428,   0.007127861,   0.008357914
      1.999490,    0.003435,   -0.002114,   0.000000000,   0.001145400,   0.001869124,   0.002192160
     -4.808516,    2.522892,   -1.552094,   0.000004276,   0.012330151,   0.020118325,   0.023596178
      6.017103,    1.195552,   -0.735508,  -0.000012542,   0.009595064,   0.015657286,   0.018363442
      6.218768,    2.530264,   -1.556629,  -0.000022424,   0.012162051,   0.019824173,   0.023257554
      5.211888,    1.186740,   -0.730087,  -0.000009199,   0.011027523,   0.017994558,   0.021104749
      2.803806,    1.003967,   -0.617645,   0.000008076,   0.002719450,   0.004437586,   0.005204579
      0.395269,    1.497243,   -0.921110,   0.000000977,   0.001032189,   0.001682225,   0.001973650
      4.205791,   -1.338762,    0.823612,   0.000008221,   0.006585714,   0.010765408,   0.012620051
      6.420000,    2.529726,   -1.556298,  -0.000028997,   0.011314474,   0.018424242,   0.021621075
      2.602165,   -3.181778,    1.957443,   0.000003517,   0.008137102,   0.013265125,   0.015562005
      4.206644,    3.526210,   -2.169339,   0.000005907,   0.011733547,   0.019158131,   0.022465755
     -0.998750,    2.503372,   -1.540085,  -0.000003013,   0.003431681,   0.005589651,   0.006559012
      3.807148,   -0.665032,    0.409130,   0.000010969,   0.004628806,   0.007561434,   0.008865735
      2.001723,   -0.163168,    0.100382,   0.000000000,   0.001145400,   0.001869124,   0.002192160
     -4.806350,    2.690766,   -1.655370,   0.000006955,   0.013355478,   0.021798006,   0.025564075
      6.017414,    1.028188,   -0.632545,  -0.000015837,   0.009217988,   0.015043503,   0.017643088
      5.212747,    1.019288,   -0.627070,  -0.000009031,   0.010481984,   0.017103265,   0.020059755
      2.803507,    0.838277,   -0.515712,   0.000008762,   0.002485538,   0.004057451,   0.004758244
      0.593789,    1.494679,   -0.919533,   0.000001587,   0.000889610,   0.001448145,   0.001699568
      4.204450,   -1.507379,    0.927346,   0.000007353,   0.006693808,   0.010943722,   0.012828569
      2.402124,   -3.182512,    1.957894,   0.000002308,   0.007869929,   0.012830414,   0.015051754
      6.218102,    2.363849,   -1.454249,  -0.000020983,   0.011358850,   0.018508774,   0.021716322
      4.407071,    3.525423,   -2.168855,   0.000003656,   0.012837017,   0.020962495,   0.024580790
     -0.799311,    2.504444,   -1.540744,  -0.000001715,   0.003161916,   0.005148450,   0.006041875
      3.807187,   -0.834025,    0.513096,   0.000011249,   0.004863221,   0.007945122,   0.009315364
      6.420000,    2.363650,   -1.454127,  -0.000027324,   0.010561118,   0.017191117,   0.020176037
      6.017238,    0.860278,   -0.529247,  -0.000017866,   0.008930744,   0.014576698,   0.017094988
      5.213753,    0.851464,   -0.523824,  -0.000009021,   0.010169250,   0.016594238,   0.019462334
     -1.803237,    0.333728,   -0.205311,   0.000000000,   0.001146634,   0.001871136,   0.002194520
      4.807236,   -2.685076,    1.651870,  -0.000006547,   0.013493452,   0.022006389,   0.025813842
      0.793919,    1.493657,   -0.918904,   0.000002159,   0.000890453,   0.001448843,   0.001700605
      4.203314,   -1.675741,    1.030923,   0.000007377,   0.006778420,   0.011084368,   0.012992700
      2.201374,   -3.185381,    1.959659,   0.000001466,   0.007786417,   0.012697923,   0.014895151
      4.607274,    3.525154,   -2.168689,  -0.000000131,   0.014022400,   0.022898520,   0.026850883
     -0.599397,    2.505424,   -1.541347,  -0.000000145,   0.002967451,   0.004830420,   0.005669103
      3.805933,   -1.002581,    0.616792,   0.000009761,   0.005126928,   0.008374658,   0.009819388
     -2.606446,    1.003048,   -0.617079,  -0.000008385,   0.002285405,   0.003728507,   0.004373204
      6.218251,    2.197556,   -1.351946,  -0.000018502,   0.010690480,   0.017417900,   0.020436975
     -1.603878,    0.334763,   -0.205947,   0.000000000,   0.001146634,   0.001871136,   0.002194520
      0.992932,    1.493993,   -0.919111,   0.000002171,   0.001130475,   0.001840728,   0.002160152
     -5.814243,    3.693417,   -2.272206,   0.000002538,   0.016770327,   0.027364126,   0.032094225
      4.203785,   -1.844026,    1.134452,   0.000007820,   0.006922633,   0.011323261,   0.013271743
      4.608142,   -2.683630,    1.650980,  -0.000000789,   0.012347923,   0.020143473,   0.023626907
      6.420000,    2.197574,   -1.351956,  -0.000025212,   0.009895866,   0.016107537,   0.018904538
      2.000178,   -3.190148,    1.962592,   0.000000000,   0.007703092,   0.012570303,   0.014742800
      4.807056,    3.526401,   -2.169456,  -0.000004620,   0.015250086,   0.024900220,   0.029199077
     -5.006170,    3.027437,   -1.862492,   0.000012048,   0.016260198,   0.026548229,   0.031132020
     -0.398928,    2.507231,   -1.542459,   0.000000854,   0.002873529,   0.004677322,   0.005489491
      3.804332,   -1.171428,    0.720667,   0.000007793,   0.005309731,   0.008671263,   0.010167798
     -2.406560,    1.002035,   -0.616456,  -0.000007556,   0.001977655,   0.003226440,   0.003784322
     -1.404696,    0.334315,   -0.205672,  -0.000000400,   0.000855744,   0.001397410,   0.001638613
      4.204628,   -2.012193,    1.237909,   0.000008204,   0.007244184,   0.011849407,   0.013888366
      1.192842,    1.495452,   -0.920008,   0.000000937,   0.001590563,   0.002592518,   0.003041552
      4.407330,   -2.682695,    1.650405,   0.000003740,   0.011261938,   0.018376792,   0.021553138
      1.799127,   -3.197426,    1.967069,   0.000000000,   0.007703092,   0.012570303,   0.014742800
     -5.612471,    3.695382,   -2.273414,   0.000000000,   0.017058794,   0.027837422,   0.032648500
      6.217403,    2.030277,   -1.249035,  -0.000016181,   0.010176560,   0.016582690,   0.019456316
      5.006837,    3.528786,   -2.170923,  -0.000006785,   0.016399345,   0.026768842,   0.031392825
     -4.806245,    3.026411,   -1.861860,   0.000007473,   0.014902417,   0.024330035,   0.028531258
     -0.197398,    2.509127,   -1.543625,   0.000000860,   0.002845106,   0.004631558,   0.005435619
      3.801917,   -1.341022,    0.825002,   0.000000000,   0.005421341,   0.008846824,   0.010375800
     -2.206880,    1.001415,   -0.616075,  -0.000006274,   0.001813741,   0.002959260,   0.003470867
      6.420000,    2.031498,   -1.249786,  -0.000023718,   0.009340973,   0.015208614,   0.017848145
     -1.207272,    0.333527,   -0.205187,  -0.000001937,   0.000378293,   0.000621107,   0.000727244
      1.396630,    1.500128,   -0.922885,  -0.000000572,   0.002118452,   0.003455242,   0.004052966
      4.206336,   -2.682201,    1.650101,   0.000005927,   0.010346717,   0.016886786,   0.019804498
      1.599215,   -3.189592,    1.962250,   0.000000000,   0.007703092,   0.012570303,   0.014742800
     -5.411328,    3.697619,   -2.274791,   0.000000000,   0.017058794,   0.027837422,   0.032648500
      5.206098,    3.532243,   -2.173050,   0.000000000,   0.016955967,   0.027669623,   0.032451700
     -4.606171,    3.025492,   -1.861295,   0.000003020,   0.013656677,   0.022295206,   0.026145383
      0.002764,    2.509702,   -1.543979,  -0.000000087,   0.002817570,   0.004586100,   0.005382473
      3.799951,   -1.511036,    0.929595,   0.000000000,   0.005421341,   0.008846824,   0.010375800
     -2.005534,    1.000770,   -0.615678,  -0.000004764,   0.001746631,   0.002850274,   0.003342873
      4.207185,    2.186146,   -1.344926,   0.000011963,   0.007512508,   0.012247892,   0.014368326
      6.217114,    1.865244,   -1.147506,  -0.000014935,   0.009800544,   0.015974339,   0.018741142
     -1.006001,    0.333999,   -0.205478,  -0.000002811,  -0.000021061,  -0.000028743,   0.000035744
      1.599082,    1.506260,   -0.926658,   0.000000000,   0.002382980,   0.003888670,   0.004560740
      4.005785,   -2.683733,    1.651044,   0.000005872,   0.009685455,   0.015808663,   0.018539738
      6.420000,    1.865422,   -1.147615,  -0.000023785,   0.008874481,   0.014455953,   0.016962651
      1.400158,   -3.184469,    1.959099,  -0.000001451,   0.007407635,   0.012073629,   0.014164942
     -5.210788,    3.694642,   -2.272959,   0.000000000,   0.017058794,   0.027837422,   0.032648500
      5.405875,    3.537211,   -2.176107,   0.000000000,   0.016955967,   0.027669623,   0.032451700
     -4.405555,    3.023725,   -1.860208,  -0.000001106,   0.012505376,   0.020413894,   0.023939747
      0.203287,    2.508567,   -1.543281,  -0.000001016,   0.002838426,   0.004620564,   0.005422755
      3.798737,   -1.680821,    1.034048,   0.000000000,   0.005421341,   0.008846824,   0.010375800
     -1.804588,    1.000303,   -0.615391,  -0.000003410,   0.001679059,   0.002740439,   0.003213916
      4.206243,    2.019782,   -1.242578,   0.000010987,   0.006985992,   0.011389672,   0.013361468
     -0.806314,    0.333659,   -0.205268,  -0.000002648,  -0.000237394,  -0.000381329,   0.000449194
      1.799320,    1.515468,   -0.932322,   0.000000000,   0.002382980,   0.003888670,   0.004560740
      3.804536,   -2.683969,    1.651189,   0.000004438,   0.009294753,   0.015168715,   0.017789952
      1.200009,   -3.182315,    1.957773,   0.000000822,   0.006799144,   0.011078172,   0.012998240
     -5.008573,    3.693584,   -2.272308,   0.000006852,   0.016457487,   0.026867421,   0.031507257
      6.216949,    1.697470,   -1.044291,  -0.000015319,   0.009485988,   0.015466508,   0.018143789
      5.608250,    3.533364,   -2.173740,   0.000000000,   0.016955967,   0.027669623,   0.032451700
     -4.204675,    3.024534,   -1.860705,  -0.000003370,   0.011535633,   0.018828975,   0.022081692
      0.402661,    2.506994,   -1.542313,  -0.000001011,   0.002862467,   0.004659128,   0.005468199
     -1.607112,    0.999157,   -0.614686,  -0.000002543,   0.001491659,   0.002434523,   0.002855163
      4.205421,    1.854413,   -1.140842,   0.000009649,   0.006689443,   0.010906965,   0.012794945
      6.420000,    1.699346,   -1.045444,  -0.000025645,   0.008462820,   0.013792467,   0.016181846
      3.802496,    1.854755,   -1.141053,   0.000000000,   0.005275250,   0.008608426,   0.010096200
     -0.606882,    0.333635,   -0.205254,  -0.000001968,  -0.000251285,  -0.000405029,   0.000476652
      1.999600,    1.510670,   -0.929370,   0.000000000,   0.002382980,   0.003888670,   0.004560740
      3.603694,   -2.683626,    1.650978,   0.000003726,   0.009056709,   0.014776230,   0.017330926
      0.998993,   -3.181000,    1.956964,   0.000001830,   0.006279263,   0.010232633,   0.012005662
     -4.809536,    3.691299,   -2.270902,   0.000002826,   0.015331313,   0.025037240,   0.029358348
     -4.004018,    3.023933,   -1.860336,  -0.000002847,   0.010830910,   0.017677250,   0.020731468
      0.603207,    2.505123,   -1.541162,  -0.000000031,   0.002942352,   0.004789191,   0.005620835
     -1.406715,    0.998093,   -0.614031,  -0.000002477,   0.001176063,   0.001919155,   0.002250841
      4.204905,    1.686713,   -1.037673,   0.000008216,   0.006571681,   0.010715980,   0.012570573
      6.217354,    1.531628,   -0.942264,  -0.000017362,   0.009175878,   0.014965148,   0.017554279
     -5.602684,   -3.366156,    2.070873,   0.000000000,   0.017174162,   0.028025685,   0.032869300
      3.800106,    1.685515,   -1.036936,   0.000000000,   0.005275250,   0.008608426,   0.010096200
     -0.405390,    0.333465,   -0.205149,  -0.000001277,  -0.000105222,  -0.000168991,   0.000199076
      2.201372,    1.507710,   -0.927549,   0.000002427,   0.002461509,   0.004014033,   0.004708661
      3.403800,   -2.681551,    1.649701,   0.000004077,   0.008762378,   0.014292819,   0.016764963
      6.420000,    1.533270,   -0.943274,  -0.000028904,   0.008073266,   0.013163297,   0.015441854
      0.799789,   -3.181041,    1.956989,   0.000001159,   0.006049555,   0.009858923,   0.011566999
     -4.607911,    3.691982,   -2.271322,  -0.000002911,   0.014127223,   0.023075651,   0.027056683
     -3.803274,    3.025232,   -1.861135,   0.000000000,   0.010463086,   0.017074205,   0.020025100
      0.804307,    2.503330,   -1.540059,   0.000001559,   0.003106975,   0.005058237,   0.005936249
     -1.207929,    0.997770,   -0.613832,  -0.000003082,   0.000777517,   0.001268529,   0.001487853
      4.205488,    1.519087,   -0.934549,   0.000007640,   0.006507762,   0.010612423,   0.012448877
     -5.607736,   -3.197034,    1.966828,   0.000000000,   0.017174162,   0.028025685,   0.032869300
      3.802228,    1.517330,   -0.933468,   0.000000000,   0.005275250,   0.008608426,   0.010096200
     -0.204137,    0.333036,   -0.204885,   0.000000000,   0.000000000,   0.000000000,   0.000000000
      2.401250,    1.504644,   -0.925663,   0.000004474,   0.002600672,   0.004239255,   0.004973409
      3.202703,   -2.679108,    1.648198,   0.000004611,   0.008314285,   0.013560437,   0.015906377
      0.599812,   -3.181983,    1.957569,   0.000000359,   0.006129230,   0.009987933,   0.011718629
     -4.407444,    3.691242,   -2.270867,  -0.000007776,   0.012964223,   0.021177240,   0.024830357
      6.218001,    1.365705,   -0.840187,  -0.000020375,   0.008842311,   0.014424562,   0.016919068
     -3.602159,    3.026408,   -1.861859,   0.000000000,   0.010463086,   0.017074205,   0.020025100
      1.003781,    2.504452,   -1.540749,   0.000002924,   0.003347080,   0.005450759,   0.006396384
     -1.008167,    0.997672,   -0.613772,  -0.000003453,   0.000414876,   0.000676761,   0.000793813
      4.206652,    1.350593,   -0.830891,   0.000008218,   0.006420085,   0.010470288,   0.012281876
      6.420000,    1.367194,   -0.841103,  -0.000032861,   0.007685402,   0.012535024,   0.014703513
     -5.611292,   -3.028181,    1.862950,   0.000000000,   0.017174162,   0.028025685,   0.032869300
      3.803501,    1.349918,   -0.830475,   0.000000000,   0.005275250,   0.008608426,   0.010096200
     -0.002914,    0.333616,   -0.205242,   0.000000000,   0.000000000,   0.000000000,   0.000000000
      2.601829,    1.505202,   -0.926006,   0.000005461,   0.002912068,   0.004746862,   0.005568920
      3.002730,   -2.677028,    1.646919,   0.000005327,   0.007690124,   0.012544940,   0.014714399
      0.399441,   -3.185024,    1.959440,   0.000000878,   0.006372951,   0.010388443,   0.012187463
     -4.207302,    3.692055,   -2.271367,  -0.000010169,   0.011908907,   0.019451713,   0.022807703
     -3.402918,    3.022324,   -1.859346,   0.000000000,   0.010463086,   0.017074205,   0.020025100
      1.203717,    2.505518,   -1.541405,   0.000003940,   0.003609513,   0.005879610,   0.006899161
     -0.809888,    0.997994,   -0.613970,  -0.000003041,   0.000215287,   0.000351154,   0.000411906
      4.206554,    1.182415,   -0.727426,   0.000009455,   0.006296429,   0.010270208,   0.012046671
      6.218636,    1.199172,   -0.737735,  -0.000023861,   0.008476938,   0.013831413,   0.016222423
     -5.613755,   -2.857949,    1.758222,   0.000009681,   0.016494415,   0.026895115,   0.031550167
      3.804227,    1.181058,   -0.726592,   0.000007788,   0.005184367,   0.008459397,   0.009921649
      0.197592,    0.334534,   -0.205807,   0.000000000,   0.000000000,   0.000000000,   0.000000000
      2.801926,    1.506719,   -0.926940,   0.000004691,   0.003438414,   0.005606387,   0.006576799
      6.420000,    1.201118,   -0.738933,  -0.000036493,   0.007315085,   0.011934490,   0.013997994
      2.803634,   -2.675057,    1.645706,   0.000005345,   0.007030846,   0.011473755,   0.013456592
      0.198708,   -3.189911,    1.962446,   0.000000000,   0.006470988,   0.010559693,   0.012384700
     -4.006964,    3.693235,   -2.272093,  -0.000009306,   0.010992633,   0.017951333,   0.021049666
     -3.201752,    3.018508,   -1.856999,   0.000002335,   0.009834564,   0.016059352,   0.018831395
      1.404256,    2.507458,   -1.542598,   0.000004337,   0.003853373,   0.006278310,   0.007366525
     -0.610919,    0.995718,   -0.612570,  -0.000002277,   0.000201772,   0.000329219,   0.000386138
      4.207448,    1.014337,   -0.624024,   0.000010876,   0.006137549,   0.010013756,   0.011744996
     -5.614359,   -2.689712,    1.654722,   0.000015382,   0.015306326,   0.024966297,   0.029284806
      3.806135,    1.011721,   -0.622415,   0.000010016,   0.005022584,   0.008196315,   0.009612806
      0.398449,    0.334079,   -0.205527,   0.000001263,  -0.000105159,  -0.000168911,   0.000198975
      3.001734,    1.508618,   -0.928108,   0.000001963,   0.004147894,   0.006765639,   0.007935925
      2.602620,   -2.674056,    1.645090,   0.000004033,   0.006500148,   0.010610629,   0.012443367
     -0.001863,   -3.197342,    1.967018,   0.000000000,   0.006470988,   0.010559693,   0.012384700
     -3.806510,    3.694993,   -2.273175,   0.000000000,   0.010463086,   0.017074205,   0.020025100
      6.218762,    1.031487,   -0.634575,  -0.000026669,   0.008140084,   0.013284828,   0.015580383
     -3.002040,    3.016334,   -1.855661,  -0.000001007,   0.008933408,   0.014586598,   0.017104813
      1.605916,    2.509022,   -1.543561,   0.000004044,   0.004018110,   0.006547245,   0.007681904
     -0.411206,    0.998510,   -0.614288,  -0.000001606,   0.000315895,   0.000515622,   0.000604696
      4.207906,    0.845430,   -0.520112,   0.000011793,   0.005960383,   0.009728171,   0.011408926
      6.420000,    1.035042,   -0.636762,  -0.000039227,   0.006988538,   0.011405721,   0.013376534
     -5.614018,   -2.521937,    1.551506,   0.000016545,   0.014172763,   0.023127299,   0.027124517
      3.807946,    0.843727,   -0.519064,   0.000011608,   0.004782342,   0.007805304,   0.009153890
      0.599596,    0.333591,   -0.205226,   0.000001953,  -0.000252831,  -0.000407546,   0.000479605
      3.201180,    1.512173,   -0.930295,  -0.000000752,   0.004869043,   0.007943944,   0.009317394
      2.401999,   -2.676046,    1.646314,   0.000001608,   0.006182796,   0.010092581,   0.011835842
     -0.202159,   -3.189598,    1.962254,   0.000000000,   0.006470988,   0.010559693,   0.012384700
     -3.606161,    3.696800,   -2.274286,   0.000000000,   0.010463086,   0.017074205,   0.020025100
     -2.803065,    3.014329,   -1.854428,  -0.000003072,   0.008185494,   0.013364238,   0.015671795
      1.806142,    2.509438,   -1.543817,   0.000003506,   0.004084888,   0.006654890,   0.007808577
     -0.209593,    0.997863,   -0.613889,  -0.000000901,   0.000444641,   0.000726053,   0.000851386
      6.218546,    0.864211,   -0.531666,  -0.000028086,   0.007896064,   0.012890155,   0.015116372
     -5.614072,   -2.353462,    1.447860,   0.000014587,   0.013099956,   0.021386530,   0.025079728
      0.799357,    0.334637,   -0.205870,   0.000002643,  -0.000242451,  -0.000389546,   0.000458842
     -4.004861,    2.185914,   -1.344783,  -0.000013213,   0.006707793,   0.010935243,   0.012828648
      6.420000,    0.868966,   -0.534591,  -0.000040861,   0.006738957,   0.011003471,   0.012903162
      2.201995,   -2.677360,    1.647123,  -0.000000433,   0.006006689,   0.009804259,   0.011497991
     -0.401639,   -3.184487,    1.959109,  -0.000000833,   0.006365467,   0.010375997,   0.012172940
     -3.406143,    3.693603,   -2.272320,   0.000000000,   0.010463086,   0.017074205,   0.020025100
     -2.601765,    3.013596,   -1.853977,  -0.000003398,   0.007640909,   0.012474304,   0.014628457
      2.006703,    2.508367,   -1.543158,   0.000002893,   0.004188545,   0.006823936,   0.008006873
     -3.600166,    1.852614,   -1.139736,   0.000000000,   0.005449451,   0.008892696,   0.010429600
     -0.009469,    0.998692,   -0.614399,  -0.000000051,   0.000517597,   0.000845393,   0.000991260
     -3.203483,   -1.334696,    0.821110,   0.000000549,   0.004935375,   0.008054957,   0.009446706
     -5.612801,   -2.185736,    1.344674,   0.000010481,   0.012173439,   0.019879096,   0.023310323
      0.999877,    0.334778,   -0.205957,   0.000002821,  -0.000028640,  -0.000041033,   0.000050119
     -3.803474,    2.184896,   -1.344157,  -0.000012767,   0.006047217,   0.009856763,   0.011563943
      2.001104,   -2.678959,    1.648107,  -0.000001081,   0.005928400,   0.009674491,   0.011346440
     -0.602120,   -3.182318,    1.957775,  -0.000000205,   0.006110400,   0.009956797,   0.011682242
     -3.204468,    3.690326,   -2.270303,  -0.000000811,   0.010012881,   0.016341497,   0.019165133
     -2.401206,    3.013923,   -1.854178,  -0.000002339,   0.007358384,   0.012013009,   0.014087519
      2.206177,    2.506913,   -1.542263,   0.000003562,   0.004352547,   0.007090823,   0.008320123
     -3.398709,    1.847560,   -1.136626,   0.000000000,   0.005449451,   0.008892696,   0.010429600
      0.189262,    0.998540,   -0.614306,   0.000000806,   0.000452135,   0.000738354,   0.000865791
     -3.204454,   -1.165503,    0.717023,  -0.000002202,   0.004545731,   0.007421692,   0.008703171
     -6.017483,    3.858086,   -2.373511,   0.000011368,   0.015857521,   0.025877739,   0.030349933
     -5.611166,   -2.018571,    1.241833,   0.000000000,   0.011679149,   0.019058639,   0.022352500
      1.200101,    0.335316,   -0.206288,   0.000001968,   0.000366297,   0.000601669,   0.000704402
     -3.603426,    2.184056,   -1.343640,  -0.000008757,   0.005847337,   0.009532305,   0.011182856
     -6.018750,    4.024410,   -2.475833,   0.000014317,   0.015714667,   0.025645609,   0.030077370
      1.800518,   -2.679555,    1.648473,   0.000000045,   0.005840984,   0.009529261,   0.011176937
     -0.803266,   -3.181008,    1.956969,  -0.000000962,   0.006015964,   0.009803560,   0.011502244
     -3.005415,    3.688564,   -2.269220,  -0.000003372,   0.009330899,   0.015232665,   0.017863364
     -2.201441,    3.015282,   -1.855014,  -0.000000922,   0.007363351,   0.012021857,   0.014097659
      2.406795,    2.505110,   -1.541154,   0.000004809,   0.004657621,   0.007588880,   0.008904188
     -3.197724,    1.844295,   -1.134618,  -0.000000654,   0.005061154,   0.008255362,   0.009683299
      0.387512,    0.998032,   -0.613993,   0.000001509,   0.000324916,   0.000530471,   0.000622071
     -3.204541,   -0.996468,    0.613031,  -0.000005511,   0.004029859,   0.006584421,   0.007719741
     -5.607873,   -1.851556,    1.139085,   0.000000000,   0.011679149,   0.019058639,   0.022352500
      1.400631,    0.335946,   -0.206675,   0.000000398,   0.000851836,   0.001391176,   0.001631255
     -3.402757,    2.180177,   -1.341254,  -0.000007349,   0.005750506,   0.009374867,   0.010998022
      1.600628,   -2.678069,    1.647559,   0.000002381,   0.005605866,   0.009145608,   0.010726970
     -1.002457,   -3.181032,    1.956984,  -0.000001678,   0.006231376,   0.010153887,   0.011913500
     -2.805430,    3.688261,   -2.269033,  -0.000005610,   0.008654186,   0.014130919,   0.016570390
     -5.816266,    3.859027,   -2.374089,   0.000005738,   0.016622584,   0.027123217,   0.031811621
     -2.001029,    3.018900,   -1.857240,   0.000000000,   0.007415352,   0.012100754,   0.014192100
      2.608513,    2.506044,   -1.541728,   0.000006112,   0.005124733,   0.008352194,   0.009799085
     -3.000547,    1.841321,   -1.132788,  -0.000003477,   0.004458731,   0.007269084,   0.008527595
      0.589172,    0.997020,   -0.613371,   0.000002185,   0.000208079,   0.000339652,   0.000398328
     -3.205910,   -0.827951,    0.509359,  -0.000007533,   0.003643029,   0.005955901,   0.006981724
     -5.818125,    4.024410,   -2.475833,   0.000009091,   0.016452305,   0.026846657,   0.031486845
     -5.602862,   -1.684396,    1.036247,   0.000000000,   0.011679149,   0.019058639,   0.022352500
      1.600609,    0.335995,   -0.206705,   0.000000000,   0.001145400,   0.001869124,   0.002192160
     -3.203443,    2.179165,   -1.340631,  -0.000006755,   0.005466114,   0.008908668,   0.010451929
      1.399411,   -2.676034,    1.646307,   0.000003919,   0.005274516,   0.008605366,   0.010093208
     -1.202279,   -3.181959,    1.957554,  -0.000000808,   0.006728556,   0.010962489,   0.012862723
     -2.604382,    3.688088,   -2.268927,  -0.000006304,   0.008099845,   0.013226834,   0.015509889
     -1.799954,    3.022211,   -1.859276,   0.000000000,   0.007415352,   0.012100754,   0.014192100
      2.808073,    2.507702,   -1.542748,   0.000006787,   0.005667758,   0.009239493,   0.010839362
     -2.800324,    1.841351,   -1.132807,  -0.000005615,   0.003833237,   0.006246396,   0.007328792
      0.794297,    0.996184,   -0.612857,   0.000002992,   0.000211622,   0.000345348,   0.000405040
     -3.204340,   -0.658874,    0.405342,  -0.000007099,   0.003478563,   0.005687089,   0.006666591
     -5.615241,    3.860289,   -2.374866,   0.000004386,   0.017018786,   0.027770149,   0.032570235
     -5.608461,   -1.515698,    0.932464,   0.000000000,   0.011679149,   0.019058639,   0.022352500
      1.800815,    0.337012,   -0.207331,   0.000000000,   0.001145400,   0.001869124,   0.002192160
     -3.001865,    2.175043,   -1.338095,  -0.000007138,   0.005012457,   0.008166867,   0.009582405
     -5.617500,    4.024410,   -2.475833,   0.000007206,   0.016900571,   0.027577837,   0.032344497
      1.199303,   -2.674259,    1.645215,   0.000004156,   0.004848885,   0.007914516,   0.009281771
     -1.402335,   -3.184993,    1.959421,   0.000001368,   0.007314592,   0.011921640,   0.013986735
     -2.404056,    3.688853,   -2.269398,  -0.000005394,   0.007721119,   0.012607427,   0.014783874
     -1.600405,    3.018829,   -1.857196,   0.000000000,   0.007415352,   0.012100754,   0.014192100
      3.007478,    2.509647,   -1.543945,   0.000006781,   0.006254625,   0.010198728,   0.011963880
     -2.601084,    1.838983,   -1.131350,  -0.000006346,   0.003273190,   0.005331582,   0.006256163
      0.997932,    0.998212,   -0.614104,   0.000003425,   0.000420584,   0.000686195,   0.000804839
     -3.205292,   -0.490426,    0.301712,  -0.000004570,   0.003515537,   0.005745163,   0.006735423
     -5.612387,   -1.347312,    0.828872,   0.000000000,   0.011679149,   0.019058639,   0.022352500
     -2.800595,    2.174448,   -1.337729,  -0.000007746,   0.004489305,   0.007312206,   0.008580342
      1.000080,   -2.672648,    1.644224,   0.000002781,   0.004444690,   0.007259408,   0.008512008
     -1.602642,   -3.189875,    1.962424,   0.000000000,   0.007595091,   0.012394063,   0.014536100
     -2.203773,    3.690442,   -2.270375,  -0.000003359,   0.007510990,   0.012261863,   0.014379439
     -5.414356,    3.859672,   -2.374486,   0.000004795,   0.017102094,   0.027908030,   0.032731327
     -1.399136,    3.015433,   -1.855107,   0.000001396,   0.006959205,   0.011366624,   0.013327816
      3.207713,    2.512169,   -1.545497,   0.000006875,   0.006793442,   0.011079304,   0.012996226
     -2.401624,    1.840878,   -1.132516,  -0.000005567,   0.002821428,   0.004594955,   0.005392041
      1.198162,    0.997894,   -0.613909,   0.000003004,   0.000793890,   0.001295340,   0.001519268
     -1.799835,   -0.166636,    0.102515,   0.000000000,   0.001146634,   0.001871136,   0.002194520
     -3.204455,   -0.321779,    0.197960,  -0.000001510,   0.003605698,   0.005889874,   0.006905916
     -5.416875,    4.024410,   -2.475833,   0.000008202,   0.016999881,   0.027743118,   0.032537311
     -5.614784,   -1.176881,    0.724022,   0.000004267,   0.011317388,   0.018469012,   0.021660741
     -2.601212,    2.174362,   -1.337676,  -0.000007741,   0.003975290,   0.006472906,   0.007596151
      0.799034,   -2.672076,    1.643872,   0.000000273,   0.004197358,   0.006857487,   0.008040084
     -1.802777,   -3.197356,    1.967027,   0.000000000,   0.007595091,   0.012394063,   0.014536100
     -2.003396,    3.693367,   -2.272174,   0.000000000,   0.007415352,   0.012100754,   0.014192100
     -1.199328,    3.013641,   -1.854005,  -0.000000596,   0.006279714,   0.010255800,   0.012025650
      3.408191,    2.515707,   -1.547673,   0.000007328,   0.007247259,   0.011821249,   0.013865956
     -2.201621,    1.842191,   -1.133323,  -0.000003377,   0.002512395,   0.004093675,   0.004803157
      1.399170,    1.001862,   -0.616350,   0.000002273,   0.001223199,   0.001996162,   0.002341129
     -1.797600,    0.000000,    0.000000,   0.000000000,   0.001146634,   0.001871136,   0.002194520
     -3.198074,   -0.159514,    0.098134,   0.000000022,   0.003633133,   0.005931994,   0.006956164
     -5.213834,    3.860752,   -2.375150,   0.000007858,   0.016926481,   0.027626514,   0.032399538
     -5.615561,   -1.008915,    0.620689,   0.000008091,   0.010804215,   0.017637234,   0.020683403
     -2.401504,    2.173573,   -1.337191,  -0.000006906,   0.003502816,   0.005702113,   0.006692074
     -5.216250,    4.024410,   -2.475833,   0.000008410,   0.016697494,   0.027256374,   0.031964298
      0.598454,   -2.674541,    1.645388,  -0.000002348,   0.004164640,   0.006801998,   0.007975676
     -2.003472,   -3.189666,    1.962295,   0.000000000,   0.007595091,   0.012394063,   0.014536100
     -1.802986,    3.696003,   -2.273796,   0.000000000,   0.007415352,   0.012100754,   0.014192100
     -1.000316,    3.012073,   -1.853040,  -0.000001198,   0.005796698,   0.009466136,   0.011099975
      3.608122,    2.518007,   -1.549088,   0.000008207,   0.007600259,   0.012397589,   0.014541809
     -2.000165,    1.844601,   -1.134806,   0.000000000,   0.002373763,   0.003873630,   0.004543100
      1.599998,    1.002430,   -0.616699,   0.000002261,   0.001558685,   0.002544042,   0.002983563
     -1.800955,    0.167264,   -0.102901,   0.000000000,   0.001146634,   0.001871136,   0.002194520
     -3.196227,    0.004421,   -0.002720,   0.000000190,   0.003638103,   0.005938909,   0.006964656
     -5.615049,   -0.840774,    0.517248,   0.000009394,   0.010459133,   0.017076559,   0.020025045
     -2.201389,    2.175528,   -1.338394,  -0.000005392,   0.003089523,   0.005029530,   0.005902656
      0.398522,   -2.676250,    1.646440,  -0.000003576,   0.004239665,   0.006921779,   0.008117007
     -2.203383,   -3.184544,    1.959145,  -0.000001441,   0.007667378,   0.012503286,   0.014666998
     -1.602616,    3.692906,   -2.271891,   0.000000000,   0.007415352,   0.012100754,   0.014192100
     -5.013439,    3.858377,   -2.373690,   0.000007068,   0.016286692,   0.026591803,   0.031183014
     -0.799177,    3.011790,   -1.852866,  -0.000000548,   0.005568192,   0.009092946,   0.010662384
      3.807957,    2.518740,   -1.549539,   0.000009335,   0.007970730,   0.013001944,   0.015250678
     -1.800424,    1.848024,   -1.136912,   0.000000000,   0.002373763,   0.003873630,   0.004543100
      1.801304,    1.004944,   -0.618246,   0.000003096,   0.001769172,   0.002887765,   0.003386616
     -3.200075,    0.170800,   -0.105077,   0.000000081,   0.003645745,   0.005950455,   0.006978493
     -5.015625,    4.024410,   -2.475833,   0.000005986,   0.016038584,   0.026189970,   0.030710760
     -5.614960,   -0.672471,    0.413707,   0.000008298,   0.010330282,   0.016865668,   0.019777906
      1.801746,   -0.165264,    0.101671,   0.000000000,   0.001145400,   0.001869124,   0.002192160
     -2.000127,    2.176208,   -1.338812,  -0.000004574,   0.002815539,   0.004584512,   0.005380059
      0.197677,   -2.678146,    1.647606,  -0.000002606,   0.004341687,   0.007086415,   0.008310688
     -2.404202,   -3.182349,    1.957794,  -0.000002207,   0.007738249,   0.012615417,   0.014799637
     -1.400881,    3.689763,   -2.269957,  -0.000000020,   0.007170153,   0.011703028,   0.013724867
     -0.598690,    3.012538,   -1.853325,   0.000000282,   0.005634559,   0.009202444,   0.010790423
      4.008072,    2.519580,   -1.550056,   0.000009871,   0.008494358,   0.013856219,   0.016252662
     -1.600217,    1.839596,   -1.131727,   0.000000000,   0.002373763,   0.003873630,   0.004543100
      2.001846,    1.005255,   -0.618437,   0.000004452,   0.001825917,   0.002979997,   0.003494907
     -3.202021,    0.338040,   -0.207963,  -0.000001281,   0.003597998,   0.005871413,   0.006886152
     -4.811383,    3.857509,   -2.373155,   0.000001603,   0.015219136,   0.024857694,   0.029146648
     -5.613893,   -0.503830,    0.309958,   0.000005003,   0.010410066,   0.016993138,   0.019928277
      1.601239,   -0.165524,    0.101831,   0.000000000,   0.001145400,   0.001869124,   0.002192160
     -1.800272,    2.175850,   -1.338592,  -0.000003643,   0.002732937,   0.004451392,   0.005223395
     -4.815000,    4.024410,   -2.475833,  -0.000000826,   0.015086395,   0.024643865,   0.028894971
     -0.002745,   -2.678961,    1.648108,   0.000000096,   0.004413654,   0.007201813,   0.008446683
     -2.605497,   -3.181041,    1.956990,  -0.000003433,   0.008004914,   0.013049645,   0.015309210
     -1.201550,    3.688134,   -2.268955,  -0.000001285,   0.006739071,   0.011002637,   0.012902446
     -0.399036,    3.014300,   -1.854409,  -0.000000022,   0.005993446,   0.009790782,   0.011479582
      4.208349,    2.519643,   -1.550095,   0.000009009,   0.009220371,   0.015040689,   0.017641929
     -1.400636,    1.833870,   -1.128205,  -0.000000290,   0.002145131,   0.003496086,   0.004101732
      2.202193,    1.005007,   -0.618285,   0.000005938,   0.001869265,   0.003050365,   0.003577557
     -3.203928,    0.504836,   -0.310577,  -0.000004147,   0.003485738,   0.005688302,   0.006671369
     -5.612066,   -0.335408,    0.206345,   0.000000000,   0.010497310,   0.017130052,   0.020090600
      1.403681,   -0.164460,    0.101176,  -0.000000111,   0.000897023,   0.001467413,   0.001719869
     -1.600112,    2.173277,   -1.337009,  -0.000003764,   0.002699784,   0.004396799,   0.005159524
     -0.202536,   -2.677860,    1.647430,   0.000002779,   0.004337529,   0.007079513,   0.008302630
     -2.804681,   -3.181044,    1.956991,  -0.000003212,   0.008552449,   0.013940732,   0.016355072
     -1.001659,    3.687928,   -2.268828,  -0.000002174,   0.006348116,   0.010366766,   0.012156003
     -4.611505,    3.858534,   -2.373786,  -0.000005368,   0.014062718,   0.022973976,   0.026936288
     -0.198699,    3.018250,   -1.856840,   0.000000000,   0.006270923,   0.010233217,   0.012001800
      4.408711,    2.520031,   -1.550334,   0.000005823,   0.010138856,   0.016539803,   0.019400039
     -1.202884,    1.831000,   -1.126439,  -0.000001765,   0.001762280,   0.002868083,   0.003366234
      2.402541,    1.005268,   -0.618445,   0.000007257,   0.001997360,   0.003259254,   0.003822595
     -3.205565,    0.671987,   -0.413409,  -0.000006847,   0.003423684,   0.005587080,   0.006552642
     -4.614375,    4.024410,   -2.475833,  -0.000009213,   0.013977844,   0.022838228,   0.026776200
     -5.608521,   -0.167305,    0.102927,   0.000000000,   0.010497310,   0.017130052,   0.020090600
      1.203748,   -0.164105,    0.100958,   0.000001423,   0.000437261,   0.000721114,   0.000843329
     -1.401208,    2.169982,   -1.334982,  -0.000003637,   0.002560853,   0.004167515,   0.004891438
     -0.403722,   -2.676198,    1.646408,   0.000003744,   0.004235079,   0.006913993,   0.008107972
     -3.004350,   -3.181955,    1.957552,  -0.000000837,   0.009331268,   0.015208720,   0.017843142
     -0.800726,    3.687846,   -2.268778,  -0.000002087,   0.006119608,   0.009994162,   0.011718911
      0.002209,    3.021858,   -1.859059,   0.000000000,   0.006270923,   0.010233217,   0.012001800
     -1.002221,    1.829475,   -1.125500,  -0.000002573,   0.001405813,   0.002284674,   0.002682546
      2.602777,    1.005725,   -0.618726,   0.000008187,   0.002269299,   0.003703012,   0.004343050
     -3.205078,    0.839389,   -0.516396,  -0.000007567,   0.003568873,   0.005823505,   0.006830090
     -4.410958,    3.857903,   -2.373398,  -0.000011055,   0.012945061,   0.021149723,   0.024796885
     -5.603146,    0.001241,   -0.000763,   0.000000000,   0.010497310,   0.017130052,   0.020090600
     -4.408624,   -2.352016,    1.446970,  -0.000005221,   0.009621677,   0.015717961,   0.018429080
      1.004355,   -0.164607,    0.101267,   0.000002394,   0.000032590,   0.000063197,   0.000071146
     -1.200388,    2.167263,   -1.333309,  -0.000003524,   0.002316089,   0.003765802,   0.004421035
     -4.413750,    4.024410,   -2.475833,  -0.000015751,   0.012899046,   0.021077459,   0.024711230
     -0.603830,   -2.674609,    1.645430,   0.000002501,   0.004159111,   0.006792445,   0.007964642
     -3.204097,   -3.184981,    1.959413,   0.000002307,   0.010165467,   0.016572782,   0.019442063
     -0.600482,    3.688682,   -2.269292,  -0.000001516,   0.006083948,   0.009934372,   0.011649299
      0.201880,    3.018665,   -1.857095,   0.000000000,   0.006270923,   0.010233217,   0.012001800
     -0.801457,    1.829722,   -1.125653,  -0.000002581,   0.001148367,   0.001864153,   0.002189480
     -3.205730,    1.006981,   -0.619499,  -0.000005629,   0.003970301,   0.006478755,   0.007598525
     -5.608876,    0.170534,   -0.104914,   0.000000000,   0.010497310,   0.017130052,   0.020090600
     -4.407671,   -2.184095,    1.343664,  -0.000005740,   0.008911316,   0.014564035,   0.017074036
     -2.603255,   -0.825941,    0.508122,  -0.000008414,   0.002135877,   0.003501904,   0.004101875
      0.804459,   -0.164508,    0.101206,   0.000002254,  -0.000189507,  -0.000298780,   0.000353818
     -0.999575,    2.166788,   -1.333017,  -0.000003358,   0.002024644,   0.003288824,   0.003862066
     -0.803066,   -2.673009,    1.644446,  -0.000000118,   0.004193219,   0.006849862,   0.008031419
     -3.404211,   -3.192693,    1.964158,   0.000000000,   0.010627830,   0.017343042,   0.020340400
     -0.400388,    3.690305,   -2.270291,  -0.000000955,   0.006187405,   0.010100271,   0.011844807
     -4.210217,    3.858087,   -2.373511,  -0.000014250,   0.011926922,   0.019485040,   0.022845535
      0.403209,    3.015363,   -1.855064,   0.000000063,   0.005995851,   0.009794960,   0.011484401
     -0.601670,    1.831034,   -1.126460,  -0.000002015,   0.001044896,   0.001696711,   0.001992647
     -3.205012,    1.174868,   -0.722784,  -0.000002099,   0.004505757,   0.007353313,   0.008623981
     -4.213125,    4.024410,   -2.475833,  -0.000019324,   0.011944194,   0.019515862,   0.022880844
     -5.612939,    0.339620,   -0.208936,   0.000000000,   0.010497310,   0.017130052,   0.020090600
     -4.406937,   -2.016205,    1.240378,  -0.000005847,   0.008394092,   0.013721626,   0.016085517
     -2.602729,   -0.662101,    0.407327,  -0.000008253,   0.001939812,   0.003181189,   0.003725977
      0.604233,   -0.164730,    0.101343,   0.000001578,  -0.000203998,  -0.000324196,   0.000383041
     -0.800437,    2.166885,   -1.333076,  -0.000002805,   0.001746343,   0.002833881,   0.003328755
     -1.004139,   -2.672357,    1.644045,  -0.000002697,   0.004426341,   0.007228539,   0.008476100
     -3.603121,   -3.201297,    1.969451,   0.000000000,   0.010627830,   0.017343042,   0.020340400
     -0.200119,    3.693291,   -2.272128,   0.000000000,   0.006270923,   0.010233217,   0.012001800
      0.603185,    3.013615,   -1.853988,  -0.000000125,   0.005646868,   0.009223043,   0.010814418
     -0.401744,    1.834059,   -1.128321,  -0.000001202,   0.001075613,   0.001750039,   0.002054162
     -3.204210,    1.343167,   -0.826322,   0.000000646,   0.004910685,   0.008013805,   0.009398718
     -4.009552,    3.858509,   -2.373770,  -0.000014054,   0.011094983,   0.018121146,   0.021247936
     -5.615372,    0.509444,   -0.313412,   0.000004721,   0.010381805,   0.016940926,   0.019868993
     -4.406020,   -1.848434,    1.137164,  -0.000005539,   0.008075512,   0.013200608,   0.015474818
     -2.601974,   -0.496262,    0.305303,  -0.000007578,   0.001820030,   0.002984217,   0.003495442
      0.402969,   -0.164944,    0.101474,   0.000000996,  -0.000080557,  -0.000126644,   0.000150097
     -0.600605,    2.168764,   -1.334233,  -0.000001868,   0.001515851,   0.002458239,   0.002888035
     -4.012500,    4.024410,   -2.475833,  -0.000019492,   0.011200144,   0.018294326,   0.021450547
     -1.204719,   -2.674691,    1.645481,  -0.000004273,   0.004824647,   0.007873829,   0.009234415
     -3.803940,   -3.195557,    1.965920,   0.000000000,   0.010627830,   0.017343042,   0.020340400
      0.000307,    3.695980,   -2.273782,   0.000000000,   0.006270923,   0.010233217,   0.012001800
      0.802276,    3.012071,   -1.853038,   0.000000786,   0.005590852,   0.009130748,   0.010706455
     -0.200125,    1.839106,   -1.131426,   0.000000000,   0.001108763,   0.001809337,   0.002122040
     -5.616121,    0.677619,   -0.416874,   0.000008083,   0.010263835,   0.016749447,   0.019644092
     -4.405832,   -1.681075,    1.034204,  -0.000005389,   0.007883695,   0.012885881,   0.015106244
     -2.601259,   -0.330430,    0.203282,  -0.000006709,   0.001767186,   0.002896171,   0.003392757
     -4.005084,   -3.193125,    1.964424,  -0.000003891,   0.011095941,   0.018101698,   0.021231849
     -0.400233,    2.170501,   -1.335301,  -0.000000914,   0.001265124,   0.002050446,   0.002409329
      0.201151,   -0.165008,    0.101514,   0.000000000,   0.000000000,   0.000000000,   0.000000000
      3.204552,   -1.337351,    0.822744,  -0.000000583,   0.004894917,   0.007989481,   0.009369739
     -1.404644,   -2.676346,    1.646499,  -0.000004597,   0.005208663,   0.008497251,   0.009966618
      0.200881,    3.692915,   -2.271896,   0.000000000,   0.006270923,   0.010233217,   0.012001800
     -3.809050,    3.859674,   -2.374487,  -0.000011383,   0.010602689,   0.017308429,   0.020297755
      1.003392,    3.011788,   -1.852864,   0.000001497,   0.005828904,   0.009519945,   0.011162682
     -0.000314,    1.845848,   -1.135574,   0.000000000,   0.001108763,   0.001809337,   0.002122040
     -3.811875,    4.024410,   -2.475833,  -0.000015619,   0.010719425,   0.017501330,   0.020523228
     -5.615631,    0.846330,   -0.520666,   0.000009019,   0.010374985,   0.016930738,   0.019856744
     -4.407187,   -1.511643,    0.929969,  -0.000005351,   0.007754797,   0.012673632,   0.014857922
     -2.600462,   -0.164566,    0.101242,  -0.000006028,   0.001751413,   0.002868589,   0.003360995
      1.203812,    3.012526,   -1.853318,   0.000000916,   0.006326668,   0.010334285,   0.012117103
      0.200235,    1.837613,   -1.130507,   0.000000000,   0.001108763,   0.001809337,   0.002122040
     -3.608664,    3.860209,   -2.374817,  -0.000006024,   0.010471323,   0.017087646,   0.020040866
     -5.615797,    1.014483,   -0.624114,   0.000007455,   0.010723307,   0.017499422,   0.020523624
     -4.408318,   -1.344015,    0.826844,  -0.000005737,   0.007605458,   0.012428457,   0.014570846
     -2.601355,    0.001242,   -0.000764,  -0.000005827,   0.001748595,   0.002862362,   0.003354212
     -3.611250,    4.024410,   -2.475833,  -0.000010824,   0.010413104,   0.016995811,   0.019932146
      1.403368,    3.014291,   -1.854404,  -0.000001299,   0.007037054,   0.011496543,   0.013479267
      0.400923,    1.831935,   -1.127014,   0.000001086,   0.001068804,   0.001739156,   0.002041325
     -5.614449,    1.182793,   -0.727659,   0.000003472,   0.011252239,   0.018363922,   0.021537097
     -4.409022,   -1.173041,    0.721659,  -0.000006572,   0.007397936,   0.012088331,   0.014172411
     -2.602119,    0.167762,   -0.103208,  -0.000006231,   0.001740291,   0.002847376,   0.003337095
     -3.408358,    3.858900,   -2.374011,  -0.000003442,   0.010341165,   0.016874652,   0.019791250
      1.603632,    3.018228,   -1.856826,   0.000000000,   0.007509454,   0.012254315,   0.014372200
      0.599835,    1.829393,   -1.125450,   0.000001775,   0.001026801,   0.001667572,   0.001958346
     -3.410625,    4.024410,   -2.475833,  -0.000006787,   0.010105708,   0.016493319,   0.019343085
     -5.612575,    1.351185,   -0.831255,   0.000000000,   0.011610388,   0.018946432,   0.022220900
     -4.409671,   -1.003780,    0.617529,  -0.000007505,   0.007152046,   0.011685252,   0.013700253
     -2.603469,    0.334660,   -0.205884,  -0.000007124,   0.001735773,   0.002838671,   0.003327313
      1.804384,    3.021861,   -1.859061,   0.000000000,   0.007509454,   0.012254315,   0.014372200
      0.799049,    1.828382,   -1.124828,   0.000002220,   0.001124305,   0.001825420,   0.002143881
     -3.208083,    3.857407,   -2.373092,  -0.000003344,   0.009877177,   0.016120947,   0.018906179
     -5.608626,    1.519437,   -0.934764,   0.000000000,   0.011610388,   0.018946432,   0.022220900
     -4.410414,   -0.834807,    0.513577,  -0.000008342,   0.006895801,   0.011264775,   0.013207850
     -2.605126,    0.501142,   -0.308304,  -0.000008180,   0.001760919,   0.002878177,   0.003374138
     -3.210000,    4.024410,   -2.475833,  -0.000006095,   0.009653003,   0.015757918,   0.018479515
      2.004154,    3.018711,   -1.857124,   0.000000000,   0.007509454,   0.012254315,   0.014372200
      0.998543,    1.828918,   -1.125158,   0.000002147,   0.001374096,   0.002233544,   0.002622378
     -5.603175,    1.687563,   -1.038196,   0.000000000,   0.011610388,   0.018946432,   0.022220900
     -4.410169,   -0.664470,    0.408784,  -0.000008552,   0.006684374,   0.010917026,   0.012800874
     -2.605811,    0.668284,   -0.411131,  -0.000008925,   0.001851384,   0.003023941,   0.003545691
     -3.006486,    3.856381,   -2.372461,  -0.000005592,   0.009193992,   0.015010675,   0.017602553
      2.205549,    3.015420,   -1.855099,   0.000000442,   0.007392268,   0.012072103,   0.014155610
      1.198597,    1.830632,   -1.126212,   0.000001185,   0.001746324,   0.002842875,   0.003336403
     -3.009375,    4.024410,   -2.475833,  -0.000007953,   0.009034424,   0.014752384,   0.017298951
     -5.607051,    1.852944,   -1.139939,   0.000000000,   0.011610388,   0.018946432,   0.022220900
     -4.409564,   -0.495573,    0.304879,  -0.000008260,   0.006541073,   0.010680920,   0.012524686
     -2.606150,    0.835659,   -0.514101,  -0.000009010,   0.002030980,   0.003315042,   0.003887732
      2.405685,    3.013668,   -1.854021,   0.000001580,   0.007297405,   0.011915531,   0.013972545
      1.398969,    1.834075,   -1.128331,  -0.000000039,   0.002158240,   0.003517879,   0.004127163
     -2.806582,    3.856295,   -2.372408,  -0.000007629,   0.008538679,   0.013944093,   0.016350744
     -5.609665,    2.019331,   -1.242300,   0.000000000,   0.011610388,   0.018946432,   0.022220900
     -4.408721,   -0.326473,    0.200848,  -0.000007518,   0.006473544,   0.010569603,   0.012394488
     -2.808750,    4.024410,   -2.475833,  -0.000010167,   0.008389342,   0.013702504,   0.016066729
      2.604848,    3.012122,   -1.853070,   0.000002724,   0.007520426,   0.012279193,   0.014399146
      1.600375,    1.838829,   -1.131255,   0.000000000,   0.002382980,   0.003888670,   0.004560740
      2.606437,   -0.829348,    0.510218,   0.000008518,   0.002129833,   0.003492230,   0.004090468
     -5.611303,    2.187573,   -1.345804,   0.000007723,   0.012037640,   0.019635212,   0.023031422
     -4.407919,   -0.157776,    0.097064,  -0.000006704,   0.006460656,   0.010548683,   0.012369916
     -2.606725,    3.856472,   -2.372518,  -0.000008283,   0.008004560,   0.013073141,   0.015329059
      2.805952,    3.011819,   -1.852884,   0.000002638,   0.008028615,   0.013109419,   0.015372558
      1.801289,    1.846528,   -1.135991,   0.000000000,   0.002382980,   0.003888670,   0.004560740
      2.406778,   -0.828926,    0.509958,   0.000007799,   0.001797688,   0.002949055,   0.003453790
     -2.608125,    4.024410,   -2.475833,  -0.000010823,   0.007870005,   0.012855642,   0.015073309
     -5.611163,    2.354540,   -1.448523,   0.000010708,   0.012879023,   0.021008734,   0.024642164
     -4.407649,    0.010537,   -0.006483,  -0.000006471,   0.006463226,   0.010553991,   0.012375785
      3.006307,    3.012543,   -1.853329,   0.000000780,   0.008762037,   0.014307948,   0.016777684
      2.001223,    1.843445,   -1.134095,   0.000000000,   0.002382980,   0.003888670,   0.004560740
      2.206969,   -0.829708,    0.510440,   0.000006529,   0.001611405,   0.002642298,   0.003094900
     -2.406212,    3.856490,   -2.372529,  -0.000007362,   0.007643947,   0.012483298,   0.014637715
     -5.611136,    2.522810,   -1.552043,   0.000011937,   0.013955625,   0.022771844,   0.026707985
     -4.409053,    0.179917,   -0.110686,  -0.000006708,   0.006486593,   0.010593356,   0.012421559
     -2.407500,    4.024410,   -2.475833,  -0.000009823,   0.007534713,   0.012306931,   0.014430265
      3.206399,    3.016275,   -1.855625,  -0.000002445,   0.009665634,   0.015784470,   0.018508754
      2.201446,    1.841262,   -1.132752,   0.000002975,   0.002503153,   0.004078978,   0.004785796
      2.006968,   -0.828730,    0.509838,   0.000005259,   0.001511434,   0.002476132,   0.002900981
     -5.611674,    2.690953,   -1.655485,   0.000010597,   0.015150327,   0.024730379,   0.029002141
     -4.410871,    0.348583,   -0.214450,  -0.000007523,   0.006518764,   0.010646464,   0.012483651
     -2.205464,    3.857625,   -2.373227,  -0.000005460,   0.007468353,   0.012193610,   0.014298966
      3.406152,    3.022308,   -1.859336,   0.000000000,   0.010295625,   0.016800933,   0.019704600
      2.402960,    1.840304,   -1.132162,   0.000005066,   0.002743297,   0.004467465,   0.005242514
      1.805519,   -0.828983,    0.509994,   0.000004142,   0.001415434,   0.002317738,   0.002715765
     -2.206875,    4.024410,   -2.475833,  -0.000007875,   0.007380291,   0.012051454,   0.014131748
     -5.610331,    2.859777,   -1.759347,   0.000005700,   0.016375190,   0.026736556,   0.031352677
     -4.412149,    0.518126,   -0.318753,  -0.000008290,   0.006589758,   0.010761320,   0.012618676
      3.605666,    3.026432,   -1.861873,   0.000000000,   0.010295625,   0.016800933,   0.019704600
      2.602790,    1.841126,   -1.132668,   0.000005908,   0.003146834,   0.005124930,   0.006013943
      1.606189,   -0.828999,    0.510004,   0.000003413,   0.001256230,   0.002058207,   0.002411294
     -2.004744,    3.858829,   -2.373967,  -0.000003677,   0.007423505,   0.012116441,   0.014209736
     -5.608836,    3.028627,   -1.863224,   0.000000000,   0.017058794,   0.027837422,   0.032648500
     -4.413072,    0.687392,   -0.422886,  -0.000008617,   0.006719160,   0.010969747,   0.012864001
     -2.006250,    4.024410,   -2.475833,  -0.000005318,   0.007374231,   0.012037523,   0.014116702
      3.806257,    3.025611,   -1.861368,   0.000000000,   0.010295625,   0.016800933,   0.019704600
      2.802703,    1.843081,   -1.133871,   0.000005229,   0.003689883,   0.006011896,   0.007053946
      1.407172,   -0.828691,    0.509814,   0.000003271,   0.000973181,   0.001598764,   0.001871667
     -5.606073,    3.197878,   -1.967348,   0.000000000,   0.017058794,   0.027837422,   0.032648500
     -4.411199,    0.852054,   -0.524187,  -0.000008495,   0.006886599,   0.011239279,   0.013181301
     -1.804191,    3.859577,   -2.374427,  -0.000001635,   0.007454277,   0.012164117,   0.014266463
      4.006793,    3.023451,   -1.860039,   0.000002818,   0.010669666,   0.017413687,   0.020422494
      3.002893,    1.845221,   -1.135187,   0.000003293,   0.004297485,   0.007005326,   0.008218454
      1.206766,   -0.828476,    0.509682,   0.000003506,   0.000627846,   0.001038305,   0.001213375
     -1.805625,    4.024410,   -2.475833,  -0.000002981,   0.007412513,   0.012097487,   0.014187831
     -5.602353,    3.366587,   -2.071138,   0.000000000,   0.017058794,   0.027837422,   0.032648500
     -4.408899,    1.019650,   -0.627293,  -0.000007686,   0.007106317,   0.011594098,   0.013598637
      4.207351,    3.023648,   -1.860161,   0.000003286,   0.011380448,   0.018574836,   0.021783920
      3.202538,    1.846991,   -1.136276,   0.000000543,   0.004896883,   0.007986900,   0.009368566
      1.008289,   -0.827684,    0.509195,   0.000003577,   0.000309179,   0.000520586,   0.000605487
     -1.603781,    3.858501,   -2.373766,   0.000000000,   0.007415352,   0.012100754,   0.014192100
     -4.408059,    1.185224,   -0.729155,  -0.000006752,   0.007328585,   0.011954019,   0.014021654
     -1.605000,    4.024410,   -2.475833,  -0.000001422,   0.007321056,   0.011947867,   0.014012472
      5.602726,   -3.364413,    2.069801,   0.000000000,   0.017167108,   0.028014175,   0.032855800
      4.407679,    3.023449,   -1.860038,   0.000000974,   0.012353879,   0.020165466,   0.023648771
      3.401788,    1.850249,   -1.138281,   0.000000000,   0.005275250,   0.008608426,   0.010096200
      0.809422,   -0.828299,    0.509573,   0.000003081,   0.000107191,   0.000191404,   0.000219397
     -4.406059,    1.350964,   -0.831119,  -0.000006022,   0.007515135,   0.012256840,   0.014377323
      5.392800,   -3.380504,    2.079700,   0.000000000,   0.017167108,   0.028014175,   0.032855800
     -1.403408,    3.857161,   -2.372941,  -0.000000521,   0.007116257,   0.011615106,   0.013621740
      4.607823,    3.023966,   -1.860356,  -0.000003214,   0.013505969,   0.022048014,   0.025855872
      3.601259,    1.854377,   -1.140820,   0.000000000,   0.005275250,   0.008608426,   0.010096200
      0.611072,   -0.827938,    0.509351,   0.000002252,   0.000050678,   0.000097526,   0.000109930
     -1.404375,    4.024410,   -2.475833,  -0.000001148,   0.007013417,   0.011448140,   0.013425645
     -4.404483,    1.517625,   -0.933649,  -0.000005942,   0.007651870,   0.012479388,   0.014638521
      5.199958,   -3.363694,    2.069358,   0.000000000,   0.017167108,   0.028014175,   0.032855800
      4.808003,    3.025409,   -1.861244,  -0.000007717,   0.014760653,   0.024097694,   0.028259083
      0.411498,   -0.829129,    0.510083,   0.000001438,   0.000104718,   0.000182695,   0.000210583
     -3.595200,   -1.690252,    1.039850,   0.000000000,   0.005475001,   0.008934390,   0.010478500
     -1.202039,    3.856217,   -2.372361,  -0.000001919,   0.006655957,   0.010867593,   0.012743875
     -4.403801,    1.684843,   -1.036522,  -0.000006662,   0.007761586,   0.012658317,   0.014848409
     -1.203750,    4.024410,   -2.475833,  -0.000002545,   0.006560004,   0.010711918,   0.012561005
      5.001346,   -3.357524,    2.065562,  -0.000006920,   0.016580119,   0.027037738,   0.031716552
      5.008282,    3.027005,   -1.862226,  -0.000012422,   0.016135958,   0.026345141,   0.030893944
      0.210468,   -0.829115,    0.510075,   0.000000736,   0.000192907,   0.000323611,   0.000376746
     -4.404165,    1.851969,   -1.139339,  -0.000007733,   0.007924278,   0.012923477,   0.015159502
     -3.602189,   -1.513467,    0.931091,   0.000000000,   0.005475001,   0.008934390,   0.010478500
     -1.001991,    3.856146,   -2.372317,  -0.000002829,   0.006259832,   0.010223569,   0.011987780
      4.803796,   -3.356348,    2.064839,  -0.000003776,   0.015428572,   0.025152345,   0.029507310
      0.009560,   -0.828977,    0.509990,   0.000000017,   0.000224668,   0.000374295,   0.000436546
     -1.003125,    4.024410,   -2.475833,  -0.000003736,   0.006137936,   0.010025902,   0.011755551
     -5.009807,   -2.857706,    1.758072,   0.000011321,   0.015615151,   0.025456102,   0.029863794
     -4.404970,    2.019277,   -1.242267,  -0.000008822,   0.008215674,   0.013397950,   0.015716312
     -3.604108,   -1.340159,    0.824471,   0.000000000,   0.005475001,   0.008934390,   0.010478500
      4.604043,   -3.355299,    2.064194,   0.000001011,   0.014197929,   0.023145273,   0.027152990
     -0.187793,   -0.829370,    0.510232,  -0.000000689,   0.000197105,   0.000330259,   0.000384607
     -0.802046,    3.856363,   -2.372450,  -0.000002792,   0.006025006,   0.009840844,   0.011538757
     -5.010167,   -2.688688,    1.654092,   0.000011083,   0.014487326,   0.023625394,   0.027713570
     -4.405681,    2.186535,   -1.345165,  -0.000008940,   0.008721379,   0.014222447,   0.016683541
     -3.606645,   -1.170354,    0.720007,  -0.000003518,   0.005228299,   0.008532290,   0.010006752
     -0.802500,    4.024410,   -2.475833,  -0.000003731,   0.005891856,   0.009625001,   0.011285150
      4.404590,   -3.355268,    2.064174,   0.000004382,   0.013049974,   0.021276728,   0.024959988
     -0.389834,   -0.829292,    0.510184,  -0.000001394,   0.000107511,   0.000186965,   0.000215677
     -5.010421,   -2.521465,    1.551216,   0.000009442,   0.013400454,   0.021862305,   0.025642399
     -4.406285,    2.354098,   -1.448251,  -0.000007864,   0.009445178,   0.015404771,   0.018069821
     -3.606082,   -1.000180,    0.615315,  -0.000007587,   0.004817784,   0.007867403,   0.009225353
     -0.601519,    3.856427,   -2.372489,  -0.000002188,   0.005985564,   0.009774920,   0.011461939
      4.204148,   -3.356259,    2.064784,   0.000005909,   0.012021260,   0.019604771,   0.022996907
     -0.595284,   -0.828624,    0.509773,  -0.000002233,   0.000047021,   0.000091390,   0.000102801
     -0.601875,    4.024410,   -2.475833,  -0.000003064,   0.005853600,   0.009561024,   0.011210612
     -5.010914,   -2.353397,    1.447820,   0.000007270,   0.012434165,   0.020293501,   0.023799888
     -3.607572,   -0.832045,    0.511878,  -0.000009733,   0.004457600,   0.007282307,   0.008538284
      4.002279,   -3.358244,    2.066005,   0.000005096,   0.011155844,   0.018199885,   0.021346867
      4.406128,   -2.347447,    1.444159,   0.000005258,   0.009565324,   0.015627146,   0.018322203
     -0.796862,   -0.828042,    0.509415,  -0.000003095,   0.000097965,   0.000176277,   0.000201694
     -0.400753,    3.857594,   -2.373207,  -0.000001620,   0.006104231,   0.009965404,   0.011686356
     -5.010267,   -2.185191,    1.344339,   0.000004613,   0.011698793,   0.019096417,   0.022394975
     -3.606989,   -0.662847,    0.407786,  -0.000009713,   0.004215153,   0.006886292,   0.008073947
     -0.401250,    4.024410,   -2.475833,  -0.000002363,   0.005955451,   0.009724259,   0.011403009
      3.799537,   -3.364046,    2.069575,   0.000000000,   0.010685043,   0.017436406,   0.020449900
      4.206453,   -2.347601,    1.444254,   0.000008896,   0.008538348,   0.013955378,   0.016360197
     -0.997348,   -0.828651,    0.509790,  -0.000003617,   0.000301518,   0.000508072,   0.000590815
     -5.009117,   -2.017342,    1.241077,   0.000003440,   0.011308398,   0.018458374,   0.021646973
     -3.606093,   -0.494447,    0.304186,  -0.000006483,   0.004087510,   0.006675429,   0.007827460
      3.595200,   -3.380504,    2.079700,   0.000000000,   0.010685043,   0.017436406,   0.020449900
     -0.200038,    3.858786,   -2.373941,  -0.000001072,   0.006236848,   0.010178698,   0.011937511
      4.006387,   -2.347855,    1.444410,   0.000010637,   0.007704222,   0.012594662,   0.014764169
     -1.198430,   -0.829406,    0.510254,  -0.000003544,   0.000627289,   0.001037379,   0.001212295
     -0.200625,    4.024410,   -2.475833,  -0.000001571,   0.006100912,   0.009958513,   0.011678746
     -5.006537,   -1.849721,    1.137956,   0.000004116,   0.011195833,   0.018271786,   0.021429066
     -3.605135,   -0.327755,    0.201636,   0.000000000,   0.004055482,   0.006617946,   0.007761710
      3.399657,   -3.361990,    2.068310,   0.000000000,   0.010685043,   0.017436406,   0.020449900
      3.804694,   -2.347393,    1.444126,   0.000010502,   0.007157803,   0.011699331,   0.013715269
     -1.399342,   -0.830246,    0.510771,  -0.000003243,   0.000986458,   0.001620311,   0.001896976
      0.000512,    3.859544,   -2.374407,  -0.000000308,   0.006291881,   0.010267060,   0.012041607
     -5.004491,   -1.682173,    1.034880,   0.000005235,   0.011167134,   0.018223384,   0.021372801
     -3.603166,   -0.162337,    0.099870,   0.000000000,   0.004055482,   0.006617946,   0.007761710
      0.000000,    4.024410,   -2.475833,  -0.000000520,   0.006195665,   0.010111065,   0.011858326
      3.200946,   -3.354984,    2.064000,  -0.000001438,   0.010260134,   0.016731860,   0.019627162
      3.603850,   -2.347232,    1.444027,   0.000010495,   0.006843571,   0.011183194,   0.013111003
     -1.600635,   -0.831646,    0.511632,  -0.000003297,   0.001290295,   0.002113467,   0.002476209
     -3.595200,    0.000000,    0.000000,   0.000000000,   0.004055482,   0.006617946,   0.007761710
     -5.007226,   -1.513687,    0.931227,   0.000006255,   0.011151996,   0.018197360,   0.021342703
      0.200957,    3.858494,   -2.373761,   0.000000000,   0.006270923,   0.010233217,   0.012001800
      3.001433,   -3.352273,    2.062332,   0.000000719,   0.009554187,   0.015575469,   0.018272322
      3.403954,   -2.344190,    1.442155,   0.000009675,   0.006616122,   0.010810949,   0.012674770
     -1.801099,   -0.831508,    0.511547,  -0.000003966,   0.001464588,   0.002397430,   0.002809396
      0.200625,    4.024410,   -2.475833,   0.000001111,   0.006162521,   0.010058009,   0.011795770
     -5.010187,   -1.345652,    0.827851,   0.000008325,   0.011039772,   0.018014136,   0.021127842
     -3.600841,    0.169995,   -0.104582,   0.000000000,   0.004055482,   0.006617946,   0.007761710
      2.803052,   -3.351050,    2.061579,   0.000003146,   0.008844683,   0.014418044,   0.016914740
      3.202979,   -2.342081,    1.440858,   0.000008489,   0.006338354,   0.010358731,   0.012144056
     -2.001356,   -0.831885,    0.511779,  -0.000005014,   0.001569281,   0.002569840,   0.003011103
      0.401403,    3.857171,   -2.372947,   0.000001193,   0.006149673,   0.010039234,   0.011773050
     -5.011952,   -1.175792,    0.723352,   0.000008922,   0.010614393,   0.017323685,   0.020316876
     -3.600480,    0.338960,   -0.208529,   0.000000000,   0.004055482,   0.006617946,   0.007761710
      0.401250,    4.024410,   -2.475833,   0.000002087,   0.006033481,   0.009851012,   0.011551855
      2.601994,   -3.350670,    2.061346,   0.000003716,   0.008299659,   0.013530695,   0.015873376
      3.003185,   -2.339800,    1.439455,   0.000007324,   0.005921222,   0.009681234,   0.011348446
     -2.201944,   -0.830194,    0.510739,  -0.000006272,   0.001656393,   0.002715111,   0.003180488
     -5.012425,   -1.008198,    0.620248,   0.000008383,   0.010074923,   0.016446141,   0.019286775
     -3.602039,    0.507565,   -0.312256,  -0.000005837,   0.004065498,   0.006633492,   0.007780201
      0.602520,    3.856240,   -2.372375,   0.000001960,   0.006030428,   0.009848284,   0.011547934
      2.401119,   -3.351979,    2.062151,   0.000002970,   0.007970417,   0.012996248,   0.015245656
      2.803241,   -2.338491,    1.438649,   0.000006159,   0.005434916,   0.008890389,   0.010420046
     -2.402416,   -0.830445,    0.510893,  -0.000007575,   0.001829425,   0.003000415,   0.003514163
      0.601875,    4.024410,   -2.475833,   0.000002955,   0.005913198,   0.009658318,   0.011324708
     -5.012838,   -0.839656,    0.516560,   0.000007441,   0.009713644,   0.015856360,   0.018595136
     -3.604680,    0.674921,   -0.415214,  -0.000009598,   0.004170061,   0.006805050,   0.007981115
      2.200987,   -3.354830,    2.063905,   0.000001670,   0.007794193,   0.012713087,   0.014912144
      2.601987,   -2.338680,    1.438766,   0.000004927,   0.004926667,   0.008063144,   0.009449146
      0.802634,    3.856150,   -2.372320,   0.000002639,   0.006062848,   0.009903384,   0.011611854
     -5.012718,   -0.670331,    0.412390,   0.000007205,   0.009590923,   0.015653203,   0.018357795
     -3.605122,    0.842804,   -0.518496,  -0.000009772,   0.004413594,   0.007202504,   0.008447246
      2.602416,    0.672010,   -0.413423,   0.000008824,   0.001877020,   0.003066581,   0.003595442
      0.802500,    4.024410,   -2.475833,   0.000003726,   0.005921478,   0.009674210,   0.011342586
      2.602578,    0.506021,   -0.311306,   0.000008167,   0.001801569,   0.002945147,   0.003452478
      1.999828,   -3.361727,    2.068149,   0.000000000,   0.007703092,   0.012570303,   0.014742800
      2.401404,   -2.339327,    1.439164,   0.000003419,   0.004449552,   0.007285283,   0.008536620
     -5.012233,   -0.500080,    0.307651,   0.000007269,   0.009728943,   0.015874648,   0.018618722
     -3.605200,    1.010500,   -0.621664,  -0.000007652,   0.004795457,   0.007826100,   0.009178469
      1.797600,   -3.380504,    2.079700,   0.000000000,   0.007703092,   0.012570303,   0.014742800
      1.002556,    3.856354,   -2.372445,   0.000002734,   0.006284032,   0.010264432,   0.012035266
      2.201413,   -2.339575,    1.439316,   0.000002282,   0.004060510,   0.006648658,   0.007790532
      2.601616,    0.339686,   -0.208976,   0.000007170,   0.001787176,   0.002922962,   0.003426041
      1.003125,    4.024410,   -2.475833,   0.000003835,   0.006132517,   0.010018738,   0.011746612
     -5.010819,   -0.329557,    0.202745,   0.000006794,   0.009915024,   0.016177188,   0.018973908
     -3.602964,    1.178704,   -0.725144,  -0.000003883,   0.005213752,   0.008509823,   0.009979996
      1.599653,   -3.360905,    2.067643,   0.000000000,   0.007703092,   0.012570303,   0.014742800
      2.000367,   -2.341326,    1.440394,   0.000001960,   0.003754699,   0.006147387,   0.007203342
      2.601475,    0.173125,   -0.106507,   0.000006293,   0.001801253,   0.002946996,   0.003453887
      1.203023,    3.856426,   -2.372489,   0.000001838,   0.006670143,   0.010892388,   0.012772429
     -5.007737,   -0.161115,    0.099119,   0.000005742,   0.009964168,   0.016258641,   0.019069035
     -3.601296,    1.347542,   -0.829013,   0.000000000,   0.005449451,   0.008892696,   0.010429600
      1.203750,    4.024410,   -2.475833,   0.000002760,   0.006514234,   0.010639474,   0.012475322
      1.399492,   -3.353770,    2.063253,  -0.000000837,   0.007434694,   0.012122329,   0.014220603
      1.800070,   -2.342229,    1.440949,   0.000002357,   0.003399981,   0.005568082,   0.006524064
      2.602146,    0.006435,   -0.003959,   0.000005878,   0.001815389,   0.002971240,   0.003481944
     -5.005342,    0.007542,   -0.004640,   0.000005625,   0.009959893,   0.016252347,   0.019061434
     -3.597586,    1.517786,   -0.933748,   0.000000000,   0.005449451,   0.008892696,   0.010429600
      1.403764,    3.857599,   -2.373211,   0.000000425,   0.007124002,   0.011629200,   0.013637804
      1.199372,   -3.351262,    2.061710,   0.000000539,   0.006942956,   0.011316038,   0.013276195
      1.600470,   -2.340337,    1.439785,   0.000005283,   0.003093182,   0.005070910,   0.005939860
      2.603239,   -0.160347,    0.098646,   0.000006063,   0.001819493,   0.002979362,   0.003491016
      1.404375,    4.024410,   -2.475833,   0.000001265,   0.006928752,   0.011312484,   0.013265741
     -3.595200,    1.690252,   -1.039850,   0.000000000,   0.005449451,   0.008892696,   0.010429600
     -5.007975,    0.176527,   -0.108600,   0.000005708,   0.009972557,   0.016273699,   0.019086257
      1.000688,   -3.350306,    2.061122,   0.000001728,   0.006491355,   0.010579338,   0.012412094
      1.399635,   -2.337930,    1.438304,   0.000005728,   0.003031494,   0.004972237,   0.005823497
      2.604642,   -0.327266,    0.201336,   0.000006745,   0.001825224,   0.002990444,   0.003503462
      1.604470,    3.858775,   -2.373934,   0.000000043,   0.007434766,   0.012132973,   0.014229715
     -5.011069,    0.345763,   -0.212715,   0.000006791,   0.009926370,   0.016200197,   0.018999454
      1.605000,    4.024410,   -2.475833,   0.000000534,   0.007238090,   0.011814066,   0.013855039
      3.595200,   -1.690252,    1.039850,   0.000000000,   0.005421341,   0.008846824,   0.010375800
      0.799729,   -3.350154,    2.061028,   0.000001482,   0.006256484,   0.010197009,   0.011963385
      1.199906,   -2.335653,    1.436903,   0.000004214,   0.002979738,   0.004889493,   0.005725906
      2.605621,   -0.494592,    0.304275,   0.000007635,   0.001859738,   0.003048614,   0.003571097
     -5.012922,    0.514757,   -0.316681,   0.000007283,   0.009734636,   0.015889051,   0.018633978
      1.805042,    3.859532,   -2.374400,   0.000000480,   0.007512930,   0.012259422,   0.014378370
      0.599111,   -3.351624,    2.061933,   0.000001036,   0.006266897,   0.010215295,   0.011984417
      1.000343,   -2.335024,    1.436516,   0.000002666,   0.002802442,   0.004601254,   0.005387507
      3.395428,   -1.677130,    1.031777,   0.000000000,   0.005421341,   0.008846824,   0.010375800
      2.606220,   -0.662327,    0.407467,   0.000008341,   0.001955475,   0.003206567,   0.003755799
      1.805625,    4.024410,   -2.475833,   0.000001055,   0.007387167,   0.012054985,   0.014138349
     -5.013558,    0.683811,   -0.420684,   0.000007171,   0.009576000,   0.015629090,   0.018329438
      0.399679,   -3.354585,    2.063754,   0.000000770,   0.006393772,   0.010426203,   0.012230536
      0.799511,   -2.335665,    1.436911,   0.000000861,   0.002573110,   0.004228215,   0.004949616
      3.200268,   -1.672346,    1.028834,  -0.000000617,   0.005047955,   0.008243751,   0.009666503
      2.005561,    3.858495,   -2.373762,   0.000000000,   0.007509454,   0.012254315,   0.014372200
     -5.013914,    0.852272,   -0.524321,   0.000007190,   0.009670181,   0.015779953,   0.018507279
      2.602450,    0.839729,   -0.516605,   0.000008829,   0.002040124,   0.003330817,   0.003905961
      2.006250,    4.024410,   -2.475833,   0.000003711,   0.007407008,   0.012089622,   0.014178249
      0.199698,   -3.361540,    2.068033,   0.000000000,   0.006470988,   0.010559693,   0.012384700
      0.599258,   -2.336708,    1.437552,  -0.000000866,   0.002314587,   0.003807274,   0.004455632
      3.000186,   -1.669121,    1.026850,   0.000001523,   0.004421931,   0.007230266,   0.008475271
     -5.013821,    1.021140,   -0.628209,   0.000008096,   0.010016362,   0.016342376,   0.019167703
      2.206124,    3.857183,   -2.372955,   0.000003225,   0.007537286,   0.012305322,   0.014430234
      0.000000,   -3.380504,    2.079700,   0.000000000,   0.006470988,   0.010559693,   0.012384700
      0.399368,   -2.338995,    1.438959,  -0.000002312,   0.002004329,   0.003299341,   0.003860440
      2.801829,   -1.667995,    1.026157,   0.000003882,   0.003796046,   0.006215416,   0.007282951
     -2.406819,    0.835066,   -0.513736,  -0.000008298,   0.001706787,   0.002786088,   0.003267335
      2.206875,    4.024410,   -2.475833,   0.000005490,   0.007425724,   0.012125270,   0.014218424
     -5.013068,    1.189895,   -0.732028,   0.000008961,   0.010557043,   0.017223790,   0.020201737
     -0.200446,   -3.360980,    2.067689,   0.000000000,   0.006470988,   0.010559693,   0.012384700
      0.198244,   -2.340637,    1.439969,  -0.000000997,   0.001770110,   0.002916250,   0.003411422
      2.602117,   -1.667173,    1.025652,   0.000004905,   0.003263711,   0.005349378,   0.006266393
     -2.206953,    0.834442,   -0.513352,  -0.000007015,   0.001518905,   0.002479352,   0.002907629
      2.407045,    3.856257,   -2.372385,   0.000005251,   0.007671900,   0.012528599,   0.014690945
     -5.009620,    1.353413,   -0.832625,   0.000008452,   0.010966742,   0.017892983,   0.020986385
      2.407500,    4.024410,   -2.475833,   0.000007501,   0.007553077,   0.012336619,   0.014465172
     -0.401931,   -3.353811,    2.063278,  -0.000000665,   0.006383576,   0.010409411,   0.012210892
     -0.002196,   -2.341221,    1.440329,   0.000000079,   0.001720721,   0.002834098,   0.003315569
      2.401713,   -1.668876,    1.026699,   0.000004573,   0.002860435,   0.004688929,   0.005492555
     -2.005406,    0.833749,   -0.512926,  -0.000005636,   0.001409959,   0.002301308,   0.002698896
     -5.005455,    1.518429,   -0.934144,   0.000006054,   0.011082955,   0.018083955,   0.021209936
      2.607250,    3.856156,   -2.372323,   0.000006188,   0.007983832,   0.013039658,   0.015289679
     -0.602567,   -3.351280,    2.061721,  -0.000000797,   0.006241358,   0.010173314,   0.011935278
     -0.202012,   -2.339855,    1.439488,   0.000001146,   0.001768019,   0.002912713,   0.003407314
      2.201152,   -1.671126,    1.028084,   0.000002961,   0.002592225,   0.004243169,   0.004972336
     -1.805305,    0.832801,   -0.512343,  -0.000004378,   0.001296013,   0.002115138,   0.002480620
      2.608125,    4.024410,   -2.475833,   0.000008604,   0.007842851,   0.012811587,   0.015021556
     -5.001638,    1.685918,   -1.037183,   0.000004820,   0.011093820,   0.018102211,   0.021231178
     -0.801521,   -3.350311,    2.061125,  -0.000001143,   0.006214304,   0.010127749,   0.011882293
     -0.403138,   -2.337869,    1.438267,   0.000002440,   0.001999668,   0.003291465,   0.003851288
      1.999803,   -1.675846,    1.030988,   0.000000000,   0.002453486,   0.004003725,   0.004695680
     -1.606001,    0.832652,   -0.512251,  -0.000003521,   0.001119246,   0.001826654,   0.002142286
      2.807157,    3.856348,   -2.372441,   0.000005605,   0.008469977,   0.013832965,   0.016220095
     -5.004625,    1.853335,   -1.140179,   0.000003526,   0.011124781,   0.018153227,   0.021290853
      2.808750,    4.024410,   -2.475833,   0.000007977,   0.008313756,   0.013580037,   0.015922814
      1.797600,   -1.690252,    1.039850,   0.000000000,   0.002453486,   0.004003725,   0.004695680
     -1.002474,   -3.350141,    2.061020,  -0.000001416,   0.006431499,   0.010481094,   0.012297053
     -0.603227,   -2.335675,    1.436917,   0.000001038,   0.002311847,   0.003802231,   0.004449898
     -1.407576,    0.832527,   -0.512174,  -0.000003325,   0.000830331,   0.001355368,   0.001589491
     -5.005451,    2.020836,   -1.243227,   0.000002769,   0.011205889,   0.018285028,   0.021445611
      3.007571,    3.856427,   -2.372490,   0.000003593,   0.009082973,   0.014830985,   0.017391335
     -1.202806,   -3.351601,    2.061919,  -0.000000356,   0.006868942,   0.011194839,   0.013134183
     -0.802826,   -2.334989,    1.436495,  -0.000000621,   0.002575333,   0.004230901,   0.004953066
      1.599040,   -1.671686,    1.028428,   0.000000000,   0.002453486,   0.004003725,   0.004695680
     -1.207406,    0.832571,   -0.512201,  -0.000003581,   0.000484177,   0.000790899,   0.000927341
      3.009375,    4.024410,   -2.475833,   0.000005625,   0.008909285,   0.014549623,   0.017060683
     -5.007705,    2.188120,   -1.346140,   0.000003514,   0.011528533,   0.018809276,   0.022061186
     -1.401646,   -3.354542,    2.063728,   0.000000860,   0.007338940,   0.011965914,   0.014037206
     -1.003734,   -2.335775,    1.436978,  -0.000002341,   0.002818822,   0.004626496,   0.005417585
      1.401509,   -1.664588,    1.024061,  -0.000000662,   0.002217543,   0.003625995,   0.004250334
     -1.009250,    0.832231,   -0.511992,  -0.000003681,   0.000173525,   0.000284365,   0.000333149
      3.208292,    3.857608,   -2.373216,   0.000001320,   0.009719897,   0.015865984,   0.018606607
     -5.008443,    2.355751,   -1.449268,   0.000005609,   0.012197274,   0.019899160,   0.023339882
      3.210000,    4.024410,   -2.475833,   0.000003179,   0.009468579,   0.015458642,   0.018127978
     -1.600411,   -3.361465,    2.067987,   0.000000000,   0.007595091,   0.012394063,   0.014536100
     -1.204135,   -2.336892,    1.437665,  -0.000003823,   0.003005794,   0.004930002,   0.005774057
      1.201150,   -1.661437,    1.022123,   0.000000423,   0.001800794,   0.002953753,   0.003459410
     -0.810253,    0.830011,   -0.510626,  -0.000003233,  -0.000020547,  -0.000032129,   0.000038275
     -5.007698,    2.523506,   -1.552471,   0.000008101,   0.013161568,   0.021476141,   0.025188322
      3.408993,    3.858764,   -2.373927,   0.000001045,   0.010146532,   0.016557475,   0.019419116
     -1.797600,   -3.380504,    2.079700,   0.000000000,   0.007595091,   0.012394063,   0.014536100
     -1.404071,   -2.338538,    1.438678,  -0.000005214,   0.003047995,   0.004996857,   0.005853109
      1.001150,   -1.659905,    1.021180,   0.000001642,   0.001407813,   0.002318184,   0.002712179
     -0.611541,    0.831621,   -0.511617,  -0.000002454,  -0.000061611,  -0.000099290,   0.000116878
      3.410625,    4.024410,   -2.475833,   0.000002516,   0.009823686,   0.016034597,   0.018804603
     -5.008314,    2.691523,   -1.655836,   0.000010941,   0.014307544,   0.023353266,   0.027387606
     -2.000513,   -3.361081,    2.067751,   0.000000000,   0.007595091,   0.012394063,   0.014536100
     -1.605208,   -2.340619,    1.439959,  -0.000004610,   0.003014239,   0.004941949,   0.005788654
      0.802680,   -1.660019,    1.021251,   0.000002126,   0.001165439,   0.001923950,   0.002249408
     -0.411743,    0.831278,   -0.511405,  -0.000001669,   0.000004044,   0.000007539,   0.000008717
      3.609586,    3.859516,   -2.374390,   0.000002052,   0.010215272,   0.016668496,   0.019549694
     -5.007927,    2.859892,   -1.759417,   0.000012655,   0.015486643,   0.025283857,   0.029649784
      3.611250,    4.024410,   -2.475833,   0.000004538,   0.010009251,   0.016333041,   0.019156026
     -2.203319,   -3.353878,    2.063319,  -0.000001578,   0.007682546,   0.012530769,   0.014698357
     -1.805623,   -2.341397,    1.440437,  -0.000003576,   0.003011732,   0.004939271,   0.005785062
      0.603151,   -1.661244,    1.022004,   0.000001947,   0.001091136,   0.001798862,   0.002103921
     -0.210370,    0.832130,   -0.511930,  -0.000000908,   0.000101779,   0.000166751,   0.000195361
      3.810175,    3.858495,   -2.373762,   0.000000000,   0.010295625,   0.016800933,   0.019704600
     -2.404479,   -3.351318,    2.061745,  -0.000002777,   0.007861663,   0.012818660,   0.015037413
      5.007719,   -2.855004,    1.756410,  -0.000010936,   0.015596060,   0.025424663,   0.029827013
     -2.005368,   -2.339948,    1.439545,  -0.000003819,   0.003095466,   0.005079452,   0.005948341
      0.402481,   -1.664558,    1.024043,   0.000001349,   0.001119844,   0.001837783,   0.002152092
     -0.009218,    0.831506,   -0.511546,  -0.000000047,   0.000136364,   0.000223073,   0.000261451
      3.811875,    4.024410,   -2.475833,   0.000012981,   0.010255171,   0.016740626,   0.019632047
     -2.603699,   -3.350341,    2.061144,  -0.000003434,   0.008194556,   0.013359114,   0.015672163
      4.808354,   -2.853440,    1.755448,  -0.000006388,   0.014362408,   0.023415351,   0.027469210
     -2.206438,   -2.337846,    1.438252,  -0.000002683,   0.003483358,   0.005713269,   0.006691430
      0.201402,   -1.671496,    1.028311,   0.000000000,   0.001163254,   0.001898258,   0.002226330
      0.188251,    0.832075,   -0.511896,   0.000000803,   0.000107524,   0.000176150,   0.000206376
      4.010850,    3.857195,   -2.372962,   0.000009599,   0.010816201,   0.017664189,   0.020712651
      4.012500,    4.024410,   -2.475833,   0.000015981,   0.010786256,   0.017619499,   0.020658904
      0.000000,   -1.690252,    1.039850,   0.000000000,   0.001163254,   0.001898258,   0.002226330
     -2.804660,   -3.350146,    2.061023,  -0.000002854,   0.008749215,   0.014262046,   0.016731848
      4.606834,   -2.852523,    1.754884,  -0.000000842,   0.013120155,   0.021395006,   0.025097505
     -2.406940,   -2.337842,    1.438250,  -0.000004065,   0.004074519,   0.006678834,   0.007823589
      0.390392,    0.831959,   -0.511825,   0.000001578,   0.000011532,   0.000019802,   0.000022970
      4.211057,    3.858565,   -2.373805,   0.000011237,   0.011697584,   0.019108172,   0.022404371
     -3.004714,   -3.351597,    2.061916,  -0.000000438,   0.009478875,   0.015452245,   0.018127905
      4.406744,   -2.851010,    1.753953,   0.000003145,   0.012011021,   0.019590724,   0.022979580
     -2.606445,   -2.338522,    1.438669,  -0.000005256,   0.004670173,   0.007648072,   0.008961225
     -0.199849,   -1.669980,    1.027379,   0.000000000,   0.001163254,   0.001898258,   0.002226330
      0.595590,    0.831434,   -0.511502,   0.000002393,  -0.000059948,  -0.000096489,   0.000113620
      4.213125,    4.024410,   -2.475833,   0.000016956,   0.011629269,   0.019000747,   0.022277086
     -3.202965,   -3.354512,    2.063709,   0.000001640,   0.010195187,   0.016625544,   0.019502578
      4.206739,   -2.851300,    1.754132,   0.000004739,   0.011112946,   0.018129008,   0.021264020
     -2.806682,   -2.339605,    1.439335,  -0.000006162,   0.005269481,   0.008622589,   0.010105271
     -0.397952,   -1.662880,    1.023011,  -0.000001349,   0.001119122,   0.001836253,   0.002150410
      0.797270,    0.831394,   -0.511477,   0.000003197,  -0.000019359,  -0.000030109,   0.000035939
      4.411399,    3.858959,   -2.374048,   0.000008836,   0.012745292,   0.020821429,   0.024412588
      4.413750,    4.024410,   -2.475833,   0.000014280,   0.012651868,   0.020672728,   0.024236989
     -3.400531,   -3.361401,    2.067948,   0.000000000,   0.010627830,   0.017343042,   0.020340400
      4.006109,   -2.851569,    1.754297,   0.000003397,   0.010516680,   0.017157110,   0.020123792
     -3.007006,   -2.341769,    1.440666,  -0.000007043,   0.005828844,   0.009531526,   0.011172531
     -0.597031,   -1.660046,    1.021267,  -0.000001950,   0.001089014,   0.001794868,   0.002099407
      0.997197,    0.831241,   -0.511383,   0.000003652,   0.000174954,   0.000286787,   0.000335960
      4.611766,    3.857475,   -2.373135,   0.000003742,   0.013888507,   0.022688042,   0.026601465
     -3.595200,   -3.380504,    2.079700,   0.000000000,   0.010627830,   0.017343042,   0.020340400
      3.804624,   -2.852693,    1.754989,   0.000001419,   0.010220594,   0.016672192,   0.019555627
     -3.206997,   -2.345024,    1.442669,  -0.000008049,   0.006301861,   0.010299452,   0.012074446
     -0.795940,   -1.658809,    1.020506,  -0.000002133,   0.001165096,   0.001922803,   0.002248249
      1.198540,    0.833342,   -0.512676,   0.000003516,   0.000500506,   0.000817580,   0.000958622
      4.614375,    4.024410,   -2.475833,   0.000008390,   0.013768622,   0.022495970,   0.026375058
     -3.800340,   -3.365956,    2.070750,   0.000000000,   0.010627830,   0.017343042,   0.020340400
      3.603613,   -2.853257,    1.755335,  -0.000000406,   0.010156944,   0.016563222,   0.019429458
     -3.406607,   -2.347663,    1.444292,  -0.000009271,   0.006615422,   0.010809605,   0.012673258
     -0.996458,   -1.659466,    1.020910,  -0.000001636,   0.001417562,   0.002333483,   0.002730317
      1.399066,    0.834831,   -0.513591,   0.000003180,   0.000862889,   0.001408497,   0.001651802
      4.812338,    3.858657,   -2.373862,  -0.000002695,   0.015066296,   0.024607482,   0.028853448
     -4.003930,   -3.360135,    2.067169,  -0.000004629,   0.011103500,   0.018113829,   0.021246142
      4.815000,    4.024410,   -2.475833,   0.000000348,   0.014906226,   0.024349689,   0.028550007
      3.402947,   -2.850721,    1.753775,  -0.000000684,   0.009978617,   0.016265196,   0.019082175
     -3.606757,   -2.350473,    1.446021,  -0.000010217,   0.006864833,   0.011217308,   0.013151199
     -1.196698,   -1.661155,    1.021950,  -0.000000407,   0.001816651,   0.002979074,   0.003489284
      1.600766,    0.836928,   -0.514881,   0.000003298,   0.001174415,   0.001916701,   0.002247889
     -4.205471,   -3.359123,    2.066546,  -0.000004893,   0.011981840,   0.019539482,   0.022920642
      5.012816,    3.859246,   -2.374224,  -0.000007857,   0.016150170,   0.026368883,   0.030921611
      3.203361,   -2.847977,    1.752087,   0.000001360,   0.009359129,   0.015254108,   0.017896400
     -3.807005,   -2.351296,    1.446527,  -0.000010362,   0.007194808,   0.011758809,   0.013785317
     -1.396367,   -1.664376,    1.023931,   0.000000649,   0.002231813,   0.003649037,   0.004277436
      1.801151,    0.836964,   -0.514904,   0.000004131,   0.001357584,   0.002215700,   0.002598534
      5.015625,    4.024410,   -2.475833,  -0.000006406,   0.015883226,   0.025936749,   0.030413679
     -4.406187,   -3.357998,    2.065854,  -0.000002897,   0.013026583,   0.021237342,   0.024914184
      3.002936,   -2.845995,    1.750868,   0.000003526,   0.008504363,   0.013863567,   0.016264154
     -4.007338,   -2.351949,    1.446929,  -0.000010576,   0.007745058,   0.012660095,   0.014841296
     -1.597965,   -1.672581,    1.028979,   0.000000000,   0.002474898,   0.004038667,   0.004736660
      2.001440,    0.838687,   -0.515964,   0.000005365,   0.001472515,   0.002403617,   0.002818813
      5.213316,    3.860364,   -2.374912,  -0.000008473,   0.016813755,   0.027442549,   0.032183784
     -4.606329,   -3.357993,    2.065851,   0.000000599,   0.014192073,   0.023134296,   0.027140571
      5.216250,    4.024410,   -2.475833,  -0.000008839,   0.016563790,   0.027038534,   0.031708698
     -1.797600,   -1.690252,    1.039850,   0.000000000,   0.002474898,   0.004038667,   0.004736660
      2.801975,   -2.844079,    1.749689,   0.000004494,   0.007762408,   0.012658124,   0.014848673
     -4.207665,   -2.351673,    1.446759,  -0.000008879,   0.008582764,   0.014026616,   0.016444144
      2.201748,    0.838678,   -0.515958,   0.000006733,   0.001564882,   0.002554794,   0.002995976
     -4.805770,   -3.358978,    2.066457,   0.000004992,   0.015429385,   0.025152667,   0.029508009
      5.414152,    3.861063,   -2.375342,  -0.000005115,   0.016995910,   0.027734750,   0.032528101
      2.602580,   -2.843515,    1.749342,   0.000003561,   0.007234773,   0.011799866,   0.013841199
     -1.999703,   -1.673554,    1.029577,   0.000000000,   0.002474898,   0.004038667,   0.004736660
      2.401941,    0.839004,   -0.516158,   0.000008044,   0.001733737,   0.002830718,   0.003319469
      5.416875,    4.024410,   -2.475833,  -0.000008585,   0.016882412,   0.027551609,   0.032312646
      4.411319,    0.678021,   -0.417121,   0.000008493,   0.006689041,   0.010920577,   0.012806340
     -5.004219,   -3.361568,    2.068050,   0.000007502,   0.016586541,   0.027047993,   0.031728651
      4.410465,    0.510817,   -0.314257,   0.000008063,   0.006600994,   0.010779410,   0.012639971
      2.402507,   -2.843262,    1.749186,   0.000001333,   0.006963807,   0.011357172,   0.013322161
     -2.201425,   -1.669124,    1.026852,  -0.000003037,   0.002601240,   0.004256811,   0.004988677
      5.615328,    3.860584,   -2.375047,  -0.000004551,   0.016915277,   0.027601215,   0.032372113
     -2.401964,   -0.663740,    0.408336,  -0.000007273,   0.001617912,   0.002654387,   0.003108611
     -5.200829,   -3.366390,    2.071017,   0.000000000,   0.017174162,   0.028025685,   0.032869300
      5.617500,    4.024410,   -2.475833,  -0.000007438,   0.016792545,   0.027401615,   0.032137799
      2.201873,   -2.846061,    1.750909,  -0.000001149,   0.006988711,   0.011394660,   0.013367137
      4.409068,    0.342014,   -0.210409,   0.000007268,   0.006556646,   0.010707894,   0.012555821
     -2.401811,   -1.666941,    1.025509,  -0.000004738,   0.002865292,   0.004695441,   0.005500644
     -2.401333,   -0.497369,    0.305984,  -0.000006465,   0.001487942,   0.002440818,   0.002858602
     -5.392800,   -3.380504,    2.079700,   0.000000000,   0.017174162,   0.028025685,   0.032869300
      5.816720,    3.859801,   -2.374566,  -0.000005829,   0.016521050,   0.026957531,   0.031617299
      2.000633,   -2.848683,    1.752521,  -0.000001963,   0.007083326,   0.011547023,   0.013546485
      4.408383,    0.173352,   -0.106647,   0.000006476,   0.006543850,   0.010686380,   0.012530791
     -2.602910,   -1.667211,    1.025675,  -0.000005166,   0.003265797,   0.005351741,   0.006269497
      5.818125,    4.024410,   -2.475833,  -0.000009193,   0.016350176,   0.026680043,   0.031291421
     -2.400532,   -0.331353,    0.203850,  -0.000005546,   0.001426125,   0.002338113,   0.002738729
      1.800117,   -2.850024,    1.753347,  -0.000001437,   0.007099539,   0.011572245,   0.013576462
      4.408346,    0.006176,   -0.003799,   0.000006252,   0.006532415,   0.010666562,   0.012507918
     -2.802655,   -1.668481,    1.026456,  -0.000004054,   0.003806294,   0.006231453,   0.007301980
      5.614937,    0.687050,   -0.422676,  -0.000007922,   0.010197055,   0.016640547,   0.019516347
      6.017314,    3.859229,   -2.374214,  -0.000011371,   0.015762175,   0.025722210,   0.030167506
     -2.401053,   -0.165408,    0.101759,  -0.000004922,   0.001408130,   0.002307136,   0.002702911
      5.613868,    0.518101,   -0.318738,  -0.000004613,   0.010341269,   0.016874692,   0.019791339
      6.018750,    4.024410,   -2.475833,  -0.000014306,   0.015617927,   0.025487817,   0.029892285
      1.599714,   -2.848032,    1.752121,  -0.000000326,   0.006943340,   0.011312563,   0.013273434
      4.409687,   -0.162826,    0.100171,   0.000006472,   0.006533159,   0.010666762,   0.012508478
     -3.002330,   -1.671017,    1.028016,  -0.000001549,   0.004453456,   0.007281204,   0.008535175
     -2.401108,    0.000642,   -0.000395,  -0.000004770,   0.001402673,   0.002296730,   0.002691186
      5.612042,    0.348643,   -0.214487,   0.000000000,   0.010465751,   0.017078553,   0.020030200
      1.400249,   -2.845723,    1.750701,   0.000001812,   0.006430923,   0.010477664,   0.012293829
      4.411555,   -0.331577,    0.203987,   0.000007229,   0.006544152,   0.010684701,   0.012529518
     -3.201456,   -1.674461,    1.030135,   0.000000644,   0.005087952,   0.008308825,   0.009742885
     -6.016147,   -3.691321,    2.270916,   0.000010861,   0.015889142,   0.025935397,   0.030415617
     -2.402448,    0.166729,   -0.102572,  -0.000005165,   0.001399412,   0.002290342,   0.002684035
      5.608012,    0.179156,   -0.110218,   0.000000000,   0.010465751,   0.017078553,   0.020030200
      1.199897,   -2.844143,    1.749728,   0.000002923,   0.005755131,   0.009380728,   0.011005435
      4.412665,   -0.499668,    0.307398,   0.000007941,   0.006598479,   0.010774589,   0.012634546
     -3.399563,   -1.679687,    1.033350,   0.000000000,   0.005475001,   0.008934390,   0.010478500
     -6.014340,   -3.524535,    2.168309,   0.000009156,   0.015987311,   0.026092965,   0.030601259
     -2.403755,    0.333684,   -0.205284,  -0.000006122,   0.001396876,   0.002285240,   0.002678362
      5.603053,    0.009970,   -0.006134,   0.000000000,   0.010465751,   0.017078553,   0.020030200
      0.998919,   -2.842595,    1.748776,   0.000002419,   0.005252298,   0.008565760,   0.010047830
      4.411495,   -0.667317,    0.410536,   0.000008299,   0.006711248,   0.010961003,   0.012852413
     -6.013345,   -3.357428,    2.065504,   0.000008889,   0.015988384,   0.026091060,   0.030600195
      3.606954,    0.673994,   -0.414644,   0.000009199,   0.004227232,   0.006898946,   0.008091046
     -2.405347,    0.500864,   -0.308133,  -0.000007308,   0.001427105,   0.002333364,   0.002735191
      5.608407,   -0.157034,    0.096608,   0.000000000,   0.010465751,   0.017078553,   0.020030200
      3.606352,    0.505297,   -0.310861,   0.000005481,   0.004189784,   0.006836633,   0.008018346
      0.799555,   -2.842364,    1.748634,   0.000000387,   0.005014727,   0.008179550,   0.009594401
      4.410796,   -0.835256,    0.513853,   0.000008206,   0.006889855,   0.011255328,   0.013196689
     -6.014233,   -3.189857,    1.962413,   0.000010985,   0.015840016,   0.025845010,   0.030312881
     -2.406051,    0.668114,   -0.411026,  -0.000008184,   0.001522117,   0.002486676,   0.002915556
      5.612420,   -0.324592,    0.199691,   0.000000000,   0.010465751,   0.017078553,   0.020030200
      3.605544,    0.336971,   -0.207306,   0.000000000,   0.004202743,   0.006858254,   0.008043550
      0.599492,   -2.842409,    1.748662,  -0.000001809,   0.005063382,   0.008255835,   0.009684867
      4.410500,   -1.002385,    0.616671,   0.000007482,   0.007119916,   0.011633256,   0.013639131
     -6.015445,   -3.021954,    1.859118,   0.000015604,   0.015445413,   0.025201783,   0.029558262
      5.615071,   -0.493563,    0.303642,  -0.000004729,   0.010364954,   0.016919528,   0.019841944
      3.595200,    0.000000,    0.000000,   0.000000000,   0.004202743,   0.006858254,   0.008043550
      0.398874,   -2.845456,    1.750536,  -0.000002864,   0.005403577,   0.008805003,   0.010330863
      4.408528,   -1.170113,    0.719858,   0.000006664,   0.007336911,   0.011989375,   0.014056152
      2.406720,   -0.662405,    0.407514,   0.000007468,   0.001612347,   0.002645363,   0.003098010
     -6.016792,   -2.853870,    1.755712,   0.000020167,   0.014840440,   0.024219378,   0.028404530
      3.601234,   -0.164902,    0.101449,   0.000000000,   0.004202743,   0.006858254,   0.008043550
      5.616082,   -0.660420,    0.406293,  -0.000007957,   0.010265149,   0.016759356,   0.019653228
      0.197599,   -2.848270,    1.752268,  -0.000001815,   0.005718797,   0.009316415,   0.010931616
      4.406240,   -1.338349,    0.823358,   0.000005883,   0.007520944,   0.012291339,   0.014409776
      2.206796,   -0.662588,    0.407627,   0.000006235,   0.001399831,   0.002295972,   0.002689062
     -6.017445,   -2.686722,    1.652882,   0.000023273,   0.014058850,   0.022953974,   0.026917220
      3.602701,   -0.330496,    0.203322,   0.000000000,   0.004202743,   0.006858254,   0.008043550
      5.615397,   -0.831632,    0.511624,  -0.000009067,   0.010373554,   0.016936961,   0.019861303
     -0.002800,   -2.849790,    1.753203,   0.000000040,   0.005801250,   0.009452668,   0.011090871
      4.405888,   -1.507003,    0.927115,   0.000005423,   0.007671252,   0.012538230,   0.014698822
      2.005686,   -0.661880,    0.407191,   0.000004952,   0.001291335,   0.002116049,   0.002478958
     -6.016939,   -2.518411,    1.549337,   0.000023763,   0.013185110,   0.021540055,   0.025255132
      3.604869,   -0.498084,    0.306423,   0.000006004,   0.004217876,   0.006887791,   0.008076644
      5.615518,   -1.000427,    0.615467,  -0.000007795,   0.010697551,   0.017463404,   0.020479456
     -0.203206,   -2.847915,    1.752049,   0.000001932,   0.005711333,   0.009304141,   0.010917251
      4.403777,   -1.674904,    1.030408,   0.000005378,   0.007796856,   0.012745221,   0.014940939
      1.803940,   -0.662568,    0.407615,   0.000004050,   0.001213696,   0.001987763,   0.002329008
     -6.016617,   -2.350498,    1.446036,   0.000021127,   0.012390898,   0.020252795,   0.023742589
      3.605695,   -0.665107,    0.409176,   0.000009134,   0.004298589,   0.007022034,   0.008233281
      5.614397,   -1.169257,    0.719332,  -0.000004094,   0.011194264,   0.018268450,   0.021425402
     -0.402683,   -2.845650,    1.750656,   0.000002981,   0.005398214,   0.008795990,   0.010320376
      4.404849,   -1.843248,    1.133974,   0.000005428,   0.007999964,   0.013078465,   0.015331201
      1.605250,   -0.662789,    0.407750,   0.000003420,   0.001057805,   0.001734090,   0.002031264
     -6.016274,   -2.182921,    1.342942,   0.000016401,   0.011746845,   0.019205980,   0.022513514
      3.605560,   -0.832993,    0.512460,   0.000009345,   0.004488907,   0.007333220,   0.008598051
      5.612418,   -1.339281,    0.823931,   0.000000000,   0.011544345,   0.018838658,   0.022094500
     -0.603034,   -2.844088,    1.749695,   0.000001934,   0.005061786,   0.008252595,   0.009681271
      4.404911,   -2.011572,    1.237527,   0.000005714,   0.008322295,   0.013605680,   0.015949143
      1.404972,   -0.662942,    0.407845,   0.000003238,   0.000799335,   0.001314574,   0.001538523
     -6.015593,   -2.015323,    1.239835,   0.000011356,   0.011295283,   0.018467761,   0.021648134
      3.605544,   -1.002014,    0.616443,   0.000007425,   0.004809728,   0.007854428,   0.009210081
      5.608656,   -1.509712,    0.928781,   0.000000000,   0.011544345,   0.018838658,   0.022094500
     -0.804045,   -2.842560,    1.748755,  -0.000000281,   0.004998130,   0.008151757,   0.009562031
      4.406542,   -2.179845,    1.341050,   0.000005635,   0.008854324,   0.014472202,   0.016965957
      1.205853,   -0.662929,    0.407837,   0.000003474,   0.000456965,   0.000758846,   0.000885820
     -6.014175,   -1.847651,    1.136682,   0.000007642,   0.011001095,   0.017983926,   0.021081882
      3.603108,   -1.171392,    0.720645,   0.000003458,   0.005186517,   0.008464322,   0.009926969
      5.602714,   -1.677903,    1.032253,   0.000000000,   0.011544345,   0.018838658,   0.022094500
     -1.003408,   -2.842339,    1.748619,  -0.000002409,   0.005224217,   0.008519121,   0.009993392
      1.008767,   -0.662185,    0.407379,   0.000003515,   0.000139864,   0.000243561,   0.000280884
     -6.013452,   -1.679852,    1.033452,   0.000005688,   0.010811053,   0.017668888,   0.020713969
      4.408734,    2.352473,   -1.447251,   0.000007709,   0.009275105,   0.015126607,   0.017743784
      3.601152,   -1.341957,    0.825578,   0.000000000,   0.005421341,   0.008846824,   0.010375800
      5.607294,   -1.844445,    1.134710,   0.000000000,   0.011544345,   0.018838658,   0.022094500
     -1.203453,   -2.842389,    1.748650,  -0.000003187,   0.005697540,   0.009286083,   0.010894646
      0.810762,   -0.662308,    0.407455,   0.000002970,  -0.000059561,  -0.000081495,   0.000100984
     -6.014565,   -1.511901,    0.930127,   0.000006052,   0.010600346,   0.017321905,   0.020308022
      4.407828,    2.185468,   -1.344509,   0.000008804,   0.008548969,   0.013940527,   0.016353080
      3.597261,   -1.514212,    0.931549,   0.000000000,   0.005421341,   0.008846824,   0.010375800
      5.610446,   -2.012179,    1.237901,   0.000000000,   0.011544345,   0.018838658,   0.022094500
     -1.404043,   -2.845427,    1.750519,  -0.000002481,   0.006356308,   0.010355043,   0.012150291
      0.611436,   -0.662202,    0.407389,   0.000002051,  -0.000114998,  -0.000173641,   0.000208279
     -6.015986,   -1.343872,    0.826755,   0.000008831,   0.010271361,   0.016784867,   0.019678229
      4.407095,    2.019368,   -1.242323,   0.000008728,   0.008043600,   0.013116653,   0.015386558
      5.611834,   -2.179420,    1.340788,  -0.000010529,   0.012050374,   0.019678662,   0.023075124
      3.595200,    1.690252,   -1.039850,   0.000000000,   0.005275250,   0.008608426,   0.010096200
     -1.605352,   -2.848243,    1.752251,  -0.000000797,   0.006838335,   0.011140446,   0.013071816
      0.410528,   -0.663059,    0.407916,   0.000001221,  -0.000069257,  -0.000101969,   0.000123271
     -6.017205,   -1.175835,    0.723379,   0.000012367,   0.009882576,   0.016151925,   0.018935420
      4.406078,    1.852898,   -1.139910,   0.000007716,   0.007750009,   0.012638702,   0.014825636
      5.612407,   -2.347221,    1.444020,  -0.000014653,   0.013001691,   0.021226204,   0.024891684
     -1.805646,   -2.849798,    1.753208,   0.000000412,   0.006953032,   0.011332430,   0.013295437
      3.600854,    1.520513,   -0.935426,   0.000000000,   0.005275250,   0.008608426,   0.010096200
      0.208919,   -0.662438,    0.407534,   0.000000543,   0.000000157,   0.000008489,   0.000008508
     -6.017980,   -1.008124,    0.620202,   0.000015692,   0.009482581,   0.015501226,   0.018171615
      4.405756,    1.687124,   -1.037926,   0.000006737,   0.007588242,   0.012375167,   0.014516412
      5.612299,   -2.515775,    1.547715,  -0.000016642,   0.014096326,   0.023002271,   0.026977975
     -2.006051,   -2.847958,    1.752076,   0.000001331,   0.006900755,   0.011248414,   0.013196486
      3.602325,    1.349681,   -0.830329,   0.000000000,   0.005275250,   0.008608426,   0.010096200
      0.009142,   -0.663379,    0.408114,   0.000000013,   0.000042151,   0.000075723,   0.000086665
     -6.017403,   -0.839524,    0.516479,   0.000017545,   0.009174449,   0.014998907,   0.017582321
      4.407109,    1.520257,   -0.935268,   0.000006068,   0.007487734,   0.012211332,   0.014324204
      5.612157,   -2.684337,    1.651415,  -0.000015532,   0.015252655,   0.024878243,   0.029181684
     -2.205550,   -2.845697,    1.750685,   0.000000932,   0.006761588,   0.011024788,   0.012933098
      3.604913,    1.179838,   -0.725841,   0.000004180,   0.005060983,   0.008260425,   0.009687528
     -0.191232,   -0.663358,    0.408101,  -0.000000519,   0.000002983,   0.000012955,   0.000013304
     -6.017038,   -0.671377,    0.413034,   0.000016762,   0.009056397,   0.014804250,   0.017354666
      4.407713,    1.351054,   -0.831174,   0.000006200,   0.007358072,   0.012000351,   0.014076565
      5.610229,   -2.854043,    1.755819,  -0.000009812,   0.016472395,   0.026858498,   0.031507441
     -2.405911,   -2.844128,    1.749719,  -0.000001479,   0.006724064,   0.010967746,   0.012864855
      3.606520,    1.011352,   -0.622188,   0.000007845,   0.004702303,   0.007674330,   0.009000392
     -0.396291,   -0.663324,    0.408080,  -0.000001200,  -0.000068308,  -0.000100595,   0.000121600
     -6.016756,   -0.503482,    0.309744,   0.000014504,   0.009063224,   0.014812295,   0.017365089
      4.407577,    1.183626,   -0.728171,   0.000006964,   0.007184289,   0.011718412,   0.013745371
     -2.606972,   -2.842600,    1.748779,  -0.000003703,   0.007011424,   0.011437489,   0.013415522
      5.608868,   -3.024242,    1.860526,   0.000000000,   0.017167108,   0.028014175,   0.032855800
      3.606151,    0.842282,   -0.518175,   0.000009665,   0.004391032,   0.007166272,   0.008404565
     -0.596193,   -0.663151,    0.407973,  -0.000002024,  -0.000117209,  -0.000177412,   0.000212643
     -6.015867,   -0.335587,    0.206455,   0.000011812,   0.009129438,   0.014916743,   0.017488739
      4.408596,    1.015213,   -0.624563,   0.000007821,   0.006996240,   0.011414430,   0.013387930
     -2.806340,   -2.842373,    1.748639,  -0.000004462,   0.007578859,   0.012360397,   0.014498915
      5.606654,   -3.194375,    1.965192,   0.000000000,   0.017167108,   0.028014175,   0.032855800
     -0.797760,   -0.662447,    0.407540,  -0.000002965,  -0.000067013,  -0.000093728,   0.000115259
     -6.014424,   -0.167647,    0.103137,   0.000009606,   0.009196278,   0.015022264,   0.017613632
      4.409334,    0.846452,   -0.520741,   0.000008519,   0.006813367,   0.011119779,   0.013041147
     -3.395044,    1.681438,   -1.034428,   0.000000000,   0.005449451,   0.008892696,   0.010429600
     -3.007049,   -2.845233,    1.750399,  -0.000003193,   0.008371101,   0.013647327,   0.016010149
     -0.998716,   -0.662907,    0.407823,  -0.000003539,   0.000133010,   0.000232372,   0.000267770
      5.602739,    3.369347,   -2.072836,   0.000000000,   0.016955967,   0.027669623,   0.032451700
     -6.013615,    0.000299,   -0.000184,   0.000008844,   0.009210562,   0.015042181,   0.017638076
     -3.200069,    1.677645,   -1.032094,   0.000000314,   0.005057869,   0.008251385,   0.009678191
     -3.207740,   -2.850210,    1.753461,  -0.000000721,   0.009280312,   0.015126130,   0.017746099
     -4.205957,    2.353741,   -1.448031,  -0.000011472,   0.008460006,   0.013796135,   0.016183485
     -1.199331,   -0.663553,    0.408220,  -0.000003483,   0.000459091,   0.000762276,   0.000889855
      5.607804,    3.201713,   -1.969707,   0.000000000,   0.016955967,   0.027669623,   0.032451700
     -6.014762,    0.168267,   -0.103518,   0.000009578,   0.009170944,   0.014974812,   0.017559935
     -3.000207,    1.676245,   -1.031233,  -0.000002214,   0.004380634,   0.007144136,   0.008380253
     -3.408022,   -2.853264,    1.755340,   0.000001364,   0.009927905,   0.016182749,   0.018985381
     -4.005705,    2.352968,   -1.447556,  -0.000012968,   0.007646813,   0.012468579,   0.014626667
     -1.399498,   -0.664114,    0.408566,  -0.000003202,   0.000810059,   0.001331985,   0.001558970
      5.611353,    3.033693,   -1.866341,   0.000000000,   0.016955967,   0.027669623,   0.032451700
     -6.016139,    0.336376,   -0.206940,   0.000011811,   0.009073721,   0.014814401,   0.017372364
     -2.802231,    1.672946,   -1.029203,  -0.000004809,   0.003694148,   0.006021905,   0.007064708
     -3.607587,   -2.856372,    1.757252,   0.000000818,   0.010120349,   0.016503488,   0.019359405
     -3.804250,    2.352691,   -1.447385,  -0.000012166,   0.007088798,   0.011558246,   0.013558918
     -1.600136,   -0.664960,    0.409086,  -0.000003336,   0.001078175,   0.001767170,   0.002070112
      5.613815,    2.864578,   -1.762300,  -0.000005823,   0.016264201,   0.026555797,   0.031140562
     -6.017390,    0.504666,   -0.310472,   0.000014639,   0.008969313,   0.014642666,   0.017171385
     -2.602887,    1.674384,   -1.030088,  -0.000005752,   0.003125194,   0.005092440,   0.005974932
     -3.807597,   -2.855369,    1.756635,  -0.000001123,   0.010194164,   0.016628700,   0.019504734
     -3.603610,    2.349874,   -1.445652,  -0.000011060,   0.006715425,   0.010948579,   0.012844005
     -1.800963,   -0.665334,    0.409316,  -0.000003923,   0.001243732,   0.002036527,   0.002386279
      5.614353,    2.696621,   -1.658973,  -0.000010788,   0.015035721,   0.024543714,   0.028783102
     -6.018188,    0.673539,   -0.414364,   0.000017110,   0.008924787,   0.014568463,   0.017084854
     -2.402955,    1.673423,   -1.029497,  -0.000004893,   0.002722458,   0.004435881,   0.005204695
     -4.007609,   -2.856115,    1.757093,  -0.000003098,   0.010507551,   0.017141528,   0.020105736
     -3.403815,    2.349033,   -1.445135,  -0.000009376,   0.006441424,   0.010500792,   0.012319036
     -2.001163,   -0.665453,    0.409390,  -0.000004784,   0.001322286,   0.002166292,   0.002537969
      5.613720,    2.528421,   -1.555495,  -0.000012148,   0.013823573,   0.022556432,   0.026455320
     -6.017497,    0.842270,   -0.518168,   0.000018015,   0.009025313,   0.014730496,   0.017275535
     -2.202699,    1.674091,   -1.029908,  -0.000002832,   0.002491115,   0.004060854,   0.004764053
     -4.207764,   -2.854957,    1.756381,  -0.000004372,   0.011112257,   0.018127034,   0.021261976
     -3.202861,    2.345088,   -1.442708,  -0.000008323,   0.006097783,   0.009939572,   0.011660966
     -2.201409,   -0.664486,    0.408794,  -0.000006015,   0.001422448,   0.002332633,   0.002732137
      5.613968,    2.360778,   -1.452360,  -0.000010889,   0.012728714,   0.020763257,   0.024354324
     -6.017356,    1.010276,   -0.621526,   0.000016169,   0.009328350,   0.015223175,   0.017853947
     -2.000977,    1.677854,   -1.032223,   0.000000000,   0.002373763,   0.003873630,   0.004543100
     -4.408154,   -2.854567,    1.756141,  -0.000002704,   0.012021487,   0.019607055,   0.022998973
     -3.003026,    2.342785,   -1.441291,  -0.000008062,   0.005632721,   0.009179543,   0.010769940
      5.612764,    2.194053,   -1.349790,  -0.000007867,   0.011861966,   0.019348143,   0.022694866
     -6.017179,    1.178269,   -0.724876,   0.000012943,   0.009724012,   0.015867496,   0.018610051
     -1.797600,    1.690252,   -1.039850,   0.000000000,   0.002373763,   0.003873630,   0.004543100
      2.402170,    0.671659,   -0.413207,   0.000008051,   0.001550231,   0.002533147,   0.002969868
     -4.608478,   -2.855529,    1.756733,   0.000001282,   0.013134326,   0.021417760,   0.025124310
      2.402009,    0.505376,   -0.310909,   0.000007292,   0.001455934,   0.002380893,   0.002790779
     -2.803105,    2.341777,   -1.440671,  -0.000008038,   0.005120791,   0.008343498,   0.009789613
      5.611116,    2.026811,   -1.246903,   0.000000000,   0.011419363,   0.018634707,   0.021855300
     -6.015956,    1.346191,   -0.828182,   0.000009564,   0.010107121,   0.016491180,   0.019342001
     -1.599828,    1.672133,   -1.028703,   0.000000000,   0.002373763,   0.003873630,   0.004543100
     -4.808732,   -2.855734,    1.756859,   0.000006716,   0.014365427,   0.023420475,   0.027475156
     -2.601872,    2.341630,   -1.440580,  -0.000007665,   0.004621609,   0.007528539,   0.008833925
      2.401254,    0.339325,   -0.208754,   0.000006188,   0.001427050,   0.002334814,   0.002736397
      5.607794,    1.859215,   -1.143797,   0.000000000,   0.011419363,   0.018634707,   0.021855300
     -6.014480,    1.514042,   -0.931445,   0.000006880,   0.010421882,   0.017002601,   0.019942520
     -1.402647,    1.665063,   -1.024353,   0.000000182,   0.002134791,   0.003480753,   0.004083255
     -2.401300,    2.341768,   -1.440665,  -0.000006698,   0.004187998,   0.006821076,   0.008004152
      2.400933,    0.172955,   -0.106403,   0.000005261,   0.001432085,   0.002343818,   0.002746703
      5.009753,    0.682882,   -0.420112,  -0.000006933,   0.009509490,   0.015520336,   0.018201958
      5.602861,    1.692946,   -1.041508,   0.000000000,   0.011419363,   0.018634707,   0.021855300
     -6.013710,    1.681867,   -1.034691,   0.000006397,   0.010612471,   0.017310406,   0.020304550
     -1.202455,    1.661990,   -1.022463,  -0.000001148,   0.001685124,   0.002744843,   0.003220840
      5.012393,    0.513524,   -0.315922,  -0.000007100,   0.009708656,   0.015846099,   0.018583781
     -2.201316,    2.341576,   -1.440547,  -0.000005608,   0.003864094,   0.006293329,   0.007384934
      2.401935,    0.006594,   -0.004057,   0.000004871,   0.001439657,   0.002357064,   0.002761953
      5.608624,    1.525246,   -0.938338,   0.000000000,   0.011419363,   0.018634707,   0.021855300
     -6.014837,    1.849718,   -1.137954,   0.000007625,   0.010776800,   0.017574599,   0.020615674
     -1.002407,    1.660528,   -1.021564,  -0.000002299,   0.001268819,   0.002063947,   0.002422764
      5.009772,    0.344420,   -0.211888,  -0.000006584,   0.009906188,   0.016166637,   0.018960294
     -2.000273,    2.342890,   -1.441356,  -0.000004754,   0.003668662,   0.005975793,   0.007012076
      2.402014,   -0.160476,    0.098725,   0.000005011,   0.001442745,   0.002363443,   0.002769008
      5.612438,    1.357304,   -0.835019,   0.000000000,   0.011419363,   0.018634707,   0.021855300
     -6.016304,    2.017611,   -1.241242,   0.000009985,   0.011040384,   0.018000767,   0.021116766
     -0.803665,    1.660655,   -1.021642,  -0.000002360,   0.001023801,   0.001663808,   0.001953569
      5.007683,    0.175481,   -0.107956,  -0.000005533,   0.009956907,   0.016247808,   0.019056004
     -1.799995,    2.343336,   -1.441630,  -0.000004619,   0.003549445,   0.005782077,   0.006784615
      2.404066,   -0.327919,    0.201737,   0.000005666,   0.001455630,   0.002386038,   0.002795008
      5.614517,    1.190207,   -0.732220,  -0.000003336,   0.011081733,   0.018085416,   0.021210542
     -6.016191,    2.185216,   -1.344354,   0.000013163,   0.011480162,   0.018715533,   0.021955990
     -0.603458,    1.661731,   -1.022304,  -0.000001782,   0.000974162,   0.001583876,   0.001859478
      5.006200,    0.006452,   -0.003969,  -0.000005419,   0.009949205,   0.016234744,   0.019040841
     -1.600418,    2.341110,   -1.440261,  -0.000004512,   0.003415686,   0.005563359,   0.006528238
      2.405506,   -0.495417,    0.304783,   0.000006620,   0.001502580,   0.002464545,   0.002886481
      5.614925,    1.023612,   -0.629730,  -0.000007215,   0.010595908,   0.017291548,   0.020279817
     -6.015581,    2.352667,   -1.447371,   0.000015981,   0.012147140,   0.019804764,   0.023233208
     -0.402257,    1.664999,   -1.024314,  -0.000001065,   0.001047447,   0.001705767,   0.002001696
      5.008996,   -0.162077,    0.099710,  -0.000005545,   0.009954137,   0.016242269,   0.019049834
     -1.399600,    2.338461,   -1.438631,  -0.000004336,   0.003219886,   0.005242696,   0.006152523
      5.615172,    0.854880,   -0.525926,  -0.000008807,   0.010278039,   0.016772645,   0.019671294
     -6.016262,    2.520286,   -1.550490,   0.000017124,   0.013006131,   0.021211701,   0.024881640
     -0.201135,    1.671724,   -1.028451,   0.000000000,   0.001108763,   0.001809337,   0.002122040
      5.011854,   -0.329605,    0.202774,  -0.000006627,   0.009899905,   0.016152683,   0.018945114
     -1.199883,    2.336004,   -1.437119,  -0.000004004,   0.002938849,   0.004782360,   0.005613183
     -2.205910,    0.667452,   -0.410619,  -0.000006937,   0.001319780,   0.002155893,   0.002527794
     -6.016004,    2.687953,   -1.653640,   0.000015640,   0.013982910,   0.022814247,   0.026758398
      0.000000,    1.690252,   -1.039850,   0.000000000,   0.001108763,   0.001809337,   0.002122040
      5.013599,   -0.498477,    0.306665,  -0.000007095,   0.009709649,   0.015843411,   0.018582008
     -5.392800,    3.380504,   -2.079700,   0.000000000,   0.017058794,   0.027837422,   0.032648500
     -1.000329,    2.335244,   -1.436652,  -0.000003399,   0.002635654,   0.004286220,   0.005031736
     -2.005149,    0.666564,   -0.410073,  -0.000005407,   0.001214023,   0.001982387,   0.002324595
     -6.016133,    2.855572,   -1.756760,   0.000012557,   0.014866265,   0.024262673,   0.028454934
      0.199937,    1.669982,   -1.027379,   0.000000000,   0.001108763,   0.001809337,   0.002122040
      5.013957,   -0.666241,    0.409874,  -0.000006999,   0.009559127,   0.015601441,   0.018297046
     -5.199504,    3.365949,   -2.070746,   0.000000000,   0.017058794,   0.027837422,   0.032648500
     -0.799502,    2.335795,   -1.436991,  -0.000002423,   0.002352374,   0.003822955,   0.004488726
     -1.804198,    0.666339,   -0.409934,  -0.000004099,   0.001129813,   0.001844229,   0.002162793
     -6.015292,    3.023326,   -1.859963,   0.000009105,   0.015535808,   0.025357731,   0.029738459
      0.398041,    1.662880,   -1.023011,   0.000000987,   0.001044150,   0.001700614,   0.001995579
      5.014019,   -0.834896,    0.513632,  -0.000007182,   0.009658523,   0.015766565,   0.018489772
     -5.000817,    3.361325,   -2.067901,   0.000006894,   0.016479153,   0.026900166,   0.031546497
     -0.599251,    2.336781,   -1.437597,  -0.000001191,   0.002103950,   0.003416825,   0.004012643
     -1.606105,    0.666613,   -0.410103,  -0.000003183,   0.000963119,   0.001572161,   0.001843719
     -6.013751,    3.190595,   -1.962867,   0.000006307,   0.015952378,   0.026036730,   0.030535057
      0.597094,    1.660041,   -1.021264,   0.000001619,   0.000964564,   0.001568624,   0.001841458
     -0.399362,    2.339035,   -1.438984,   0.000000004,   0.001849928,   0.003002690,   0.003526809
      5.014206,   -1.004406,    0.617915,  -0.000008068,   0.009998603,   0.016321920,   0.019140982
     -4.803318,    3.359057,   -2.066506,   0.000004822,   0.015358759,   0.025077078,   0.029406655
     -1.406037,    0.667209,   -0.410470,  -0.000003006,   0.000692382,   0.001131041,   0.001326143
     -6.013309,    3.357655,   -2.065643,   0.000005710,   0.016092888,   0.026263291,   0.030801648
      0.795979,    1.658805,   -1.020504,   0.000002140,   0.001007660,   0.001637977,   0.001923110
     -0.198239,    2.340657,   -1.439982,  -0.000000149,   0.001664954,   0.002700497,   0.003172500
      5.013044,   -1.172246,    0.721170,  -0.000008567,   0.010512687,   0.017158276,   0.020122701
     -4.603620,    3.359460,   -2.066753,   0.000000564,   0.014127988,   0.023069383,   0.027051737
     -1.207411,    0.666850,   -0.410249,  -0.000003392,   0.000342853,   0.000561606,   0.000657998
     -6.014422,    3.524836,   -2.168494,   0.000006680,   0.016083626,   0.026246519,   0.030782508
      0.996485,    1.659459,   -1.020906,   0.000002038,   0.001258892,   0.002048285,   0.002404222
      0.002201,    2.341231,   -1.440335,  -0.000000079,   0.001627453,   0.002639626,   0.003101005
      5.008932,   -1.339598,    0.824126,  -0.000008046,   0.010907289,   0.017798759,   0.020874981
     -4.404289,    3.357896,   -2.065792,  -0.000003138,   0.012946064,   0.021138628,   0.024787944
     -1.009386,    0.665031,   -0.409130,  -0.000003619,   0.000019708,   0.000035044,   0.000040368
     -6.016117,    3.691505,   -2.271029,   0.000008657,   0.015993077,   0.026098399,   0.030608904
      1.196784,    1.661151,   -1.021947,   0.000000917,   0.001684548,   0.002744267,   0.003220047
      0.202017,    2.339860,   -1.439491,  -0.000000065,   0.001661534,   0.002694929,   0.003165966
      5.005885,   -1.507886,    0.927658,  -0.000006072,   0.011022009,   0.017985913,   0.021094497
     -4.204018,    3.359157,   -2.066567,  -0.000005238,   0.011867054,   0.019374245,   0.022719779
     -0.810936,    0.665145,   -0.409200,  -0.000003216,  -0.000174483,  -0.000281608,   0.000331297
      1.396384,    1.664375,   -1.023930,  -0.000000301,   0.002132287,   0.003476783,   0.004078562
      0.403142,    2.337871,   -1.438268,  -0.000000247,   0.001835015,   0.002978227,   0.003498160
      5.002222,   -1.676737,    1.031536,  -0.000005100,   0.011037651,   0.018012716,   0.021125523
     -4.002304,    3.361273,   -2.067869,  -0.000004961,   0.010952640,   0.017877843,   0.020966106
      6.016110,   -3.690097,    2.270163,  -0.000009630,   0.015891942,   0.025937409,   0.030418795
     -0.611308,    0.665844,   -0.409630,  -0.000002460,  -0.000214946,  -0.000347976,   0.000409017
      1.598006,    1.673497,   -1.029542,   0.000000000,   0.002382980,   0.003888670,   0.004560740
      0.603230,    2.335676,   -1.436917,   0.000000867,   0.002071193,   0.003363138,   0.003949751
      5.004793,   -1.845567,    1.135400,  -0.000003965,   0.011070321,   0.018067645,   0.021189427
     -3.799612,    3.366179,   -2.070887,   0.000000000,   0.010463086,   0.017074205,   0.020025100
      5.814271,   -3.691533,    2.271046,  -0.000001778,   0.016807472,   0.027428106,   0.032168185
     -0.410216,    0.665317,   -0.409306,  -0.000001709,  -0.000154264,  -0.000249722,   0.000293532
      1.797600,    1.690252,   -1.039850,   0.000000000,   0.002382980,   0.003888670,   0.004560740
      0.802829,    2.334990,   -1.436495,   0.000002003,   0.002290639,   0.003721781,   0.004370204
      5.006402,   -2.013119,    1.238479,  -0.000003243,   0.011186830,   0.018260909,   0.021415087
     -3.595200,    3.380504,   -2.079700,   0.000000000,   0.010463086,   0.017074205,   0.020025100
      5.612646,   -3.694459,    2.272846,   0.000000000,   0.017167108,   0.028014175,   0.032855800
     -0.208557,    0.665207,   -0.409238,  -0.000000914,  -0.000070956,  -0.000114599,   0.000134791
      1.999671,    1.677448,   -1.031973,   0.000000000,   0.002382980,   0.003888670,   0.004560740
      1.003737,    2.335775,   -1.436978,   0.000002933,   0.002529053,   0.004111472,   0.004827040
      5.008026,   -2.180841,    1.341662,  -0.000004367,   0.011597084,   0.018931237,   0.022200994
     -3.399672,    3.362768,   -2.068789,   0.000000000,   0.010463086,   0.017074205,   0.020025100
      5.411361,   -3.696264,    2.273957,   0.000000000,   0.017167108,   0.028014175,   0.032855800
     -0.008755,    0.665726,   -0.409557,  -0.000000044,  -0.000023744,  -0.000037934,   0.000044752
      2.201285,    1.674382,   -1.030087,   0.000002620,   0.002475080,   0.004034997,   0.004733627
      1.204136,    2.336892,   -1.437665,   0.000003518,   0.002749987,   0.004472506,   0.005250310
      5.009133,   -2.349150,    1.445207,  -0.000007021,   0.012356324,   0.020166926,   0.023651294
     -3.200971,    3.355813,   -2.064510,   0.000001022,   0.010061697,   0.016423276,   0.019260367
      5.210924,   -3.694593,    2.272929,   0.000000000,   0.017167108,   0.028014175,   0.032855800
      0.191750,    0.666033,   -0.409746,   0.000000837,  -0.000067075,  -0.000108283,   0.000127377
      2.401570,    1.673496,   -1.029542,   0.000004538,   0.002673248,   0.004355789,   0.005110692
      1.404072,    2.338538,   -1.438678,   0.000004051,   0.002859288,   0.004651507,   0.005460042
      5.008079,   -2.517533,    1.548797,  -0.000009167,   0.013341887,   0.021766856,   0.025530414
     -3.001443,    3.353029,   -2.062797,  -0.000000778,   0.009398943,   0.015344301,   0.017994102
      5.008689,   -3.690539,    2.270435,  -0.000006142,   0.016585617,   0.027049982,   0.031729864
      0.396454,    0.666436,   -0.409994,   0.000001656,  -0.000150178,  -0.000243052,   0.000285711
      2.602658,    1.674287,   -1.030028,   0.000005425,   0.003030674,   0.004938137,   0.005793981
      1.605209,    2.340619,   -1.439959,   0.000003872,   0.002885106,   0.004693400,   0.005509252
      5.009888,   -2.686321,    1.652636,  -0.000010768,   0.014461285,   0.023582774,   0.027663624
     -2.803040,    3.351676,   -2.061965,  -0.000002996,   0.008705557,   0.014213360,   0.016667523
      4.809601,   -3.689273,    2.269656,  -0.000003360,   0.015449028,   0.025186452,   0.029547079
      0.595549,    0.665919,   -0.409676,   0.000002404,  -0.000213726,  -0.000345954,   0.000406656
      2.802243,    1.674597,   -1.030219,   0.000004619,   0.003563748,   0.005808756,   0.006814835
      1.805624,    2.341397,   -1.440437,   0.000003365,   0.002905984,   0.004726511,   0.005548393
     -2.601962,    3.351143,   -2.061637,  -0.000003678,   0.008138798,   0.013287909,   0.015582316
      4.607988,   -3.690281,    2.270276,   0.000001637,   0.014242074,   0.023214934,   0.027235452
      0.797542,    0.665162,   -0.409211,   0.000003181,  -0.000176657,  -0.000285102,   0.000335412
      5.009754,    2.860297,   -1.759667,  -0.000012959,   0.015352349,   0.025064399,   0.029392497
      3.001796,    1.677375,   -1.031928,   0.000002126,   0.004230712,   0.006899007,   0.008092912
      2.005369,    2.339948,   -1.439545,   0.000004498,   0.002981140,   0.004847973,   0.005691227
     -2.401074,    3.352311,   -2.062356,  -0.000002948,   0.007758277,   0.012665522,   0.014852822
      4.407540,   -3.689270,    2.269654,   0.000005861,   0.013097714,   0.021350134,   0.025047523
      0.997966,    0.666065,   -0.409766,   0.000003601,   0.000018478,   0.000033081,   0.000038062
      5.010030,    2.691436,   -1.655782,  -0.000011169,   0.014157588,   0.023108231,   0.027100327
      3.200858,    1.680370,   -1.033771,  -0.000000260,   0.004885584,   0.007969841,   0.009348118
      2.206438,    2.337846,   -1.438252,   0.000004530,   0.003306860,   0.005380418,   0.006315397
     -2.200914,    3.355045,   -2.064038,  -0.000001608,   0.007526832,   0.012285557,   0.014407918
      4.207381,   -3.690098,    2.270164,   0.000007915,   0.012070672,   0.019679915,   0.023086798
      1.199253,    0.667948,   -0.410924,   0.000003347,   0.000351019,   0.000574950,   0.000673642
      5.010296,    2.524579,   -1.553132,  -0.000008268,   0.013010883,   0.021229855,   0.024899596
      3.399032,    1.683563,   -1.035735,   0.000000000,   0.005275250,   0.008608426,   0.010096200
      2.406979,    2.338190,   -1.438464,   0.000005925,   0.003805763,   0.006194333,   0.007270050
     -1.999792,    3.361848,   -2.068222,   0.000000000,   0.007415352,   0.012100754,   0.014192100
      4.007018,   -3.691548,    2.271055,   0.000007156,   0.011195798,   0.018259806,   0.021418835
      1.399533,    0.668575,   -0.411310,   0.000002901,   0.000711211,   0.001161762,   0.001362175
      5.010895,    2.356158,   -1.449518,  -0.000005684,   0.012029859,   0.019625513,   0.023019085
      2.606400,    2.338976,   -1.438948,   0.000006992,   0.004321323,   0.007036617,   0.008257595
      3.601330,    0.169017,   -0.103980,   0.000000000,   0.004202743,   0.006858254,   0.008043550
     -1.797600,    3.380504,   -2.079700,   0.000000000,   0.007415352,   0.012100754,   0.014192100
      3.806545,   -3.693849,    2.272471,   0.000000000,   0.010685043,   0.017436406,   0.020449900
      1.600467,    0.669649,   -0.411971,   0.000003047,   0.000989874,   0.001615804,   0.001894910
      3.401213,    0.170145,   -0.104674,   0.000000000,   0.004202743,   0.006858254,   0.008043550
      5.010284,    2.187670,   -1.345864,  -0.000003471,   0.011346754,   0.018512181,   0.021712892
      2.806718,    2.339787,   -1.439447,   0.000007459,   0.004869649,   0.007932443,   0.009307910
      3.399014,    0.003745,   -0.002304,   0.000000000,   0.004202743,   0.006858254,   0.008043550
     -1.599640,    3.360921,   -2.067653,   0.000000000,   0.007415352,   0.012100754,   0.014192100
      3.606184,   -3.696249,    2.273947,   0.000000000,   0.010685043,   0.017436406,   0.020449900
      1.800850,    0.671059,   -0.412838,   0.000003961,   0.001164259,   0.001900469,   0.002228743
      5.009139,    2.020265,   -1.242875,  -0.000002700,   0.011022696,   0.017985664,   0.021094643
      3.007116,    2.342818,   -1.441311,   0.000007599,   0.005419593,   0.008831039,   0.010361433
     -1.399477,    3.353781,   -2.063260,   0.000000437,   0.007183990,   0.011726999,   0.013752535
      3.406145,   -3.693152,    2.272042,   0.000000000,   0.010685043,   0.017436406,   0.020449900
     -3.402231,   -1.508335,    0.927934,   0.000000000,   0.005475001,   0.008934390,   0.010478500
      2.001271,    0.671373,   -0.413032,   0.000005262,   0.001248437,   0.002038683,   0.002390576
      5.006621,    1.854514,   -1.140905,  -0.000003455,   0.010936177,   0.017845140,   0.020929620
      3.207125,    2.346016,   -1.443279,   0.000007968,   0.005906455,   0.009626981,   0.011294469
     -1.199359,    3.351268,   -2.061714,  -0.000000474,   0.006766131,   0.011047650,   0.012954964
      3.204456,   -3.689931,    2.270061,  -0.000001352,   0.010220276,   0.016670145,   0.019553715
     -3.404169,   -1.337799,    0.823019,   0.000000000,   0.005475001,   0.008934390,   0.010478500
      2.201721,    0.672470,   -0.413706,   0.000006788,   0.001353268,   0.002210868,   0.002592164
      5.004562,    1.686986,   -1.037841,  -0.000004714,   0.010912259,   0.017805604,   0.020883413
      3.406701,    2.348466,   -1.444786,   0.000009119,   0.006251802,   0.010191158,   0.011955953
     -1.000677,    3.350308,   -2.061123,  -0.000001261,   0.006367397,   0.010397798,   0.012192537
      3.005392,   -3.688251,    2.269027,   0.000001050,   0.009508461,   0.015504813,   0.018188185
     -3.404946,   -1.167819,    0.718447,  -0.000001439,   0.005066249,   0.008266671,   0.009695604
      5.007212,    1.521211,   -0.935855,  -0.000005873,   0.010902692,   0.017789409,   0.020864606
     -2.200756,   -0.498678,    0.306789,  -0.000004641,   0.001291622,   0.002116727,   0.002479686
      3.606846,    2.351211,   -1.446474,   0.000010870,   0.006544520,   0.010669560,   0.012516803
     -0.799720,    3.350155,   -2.061029,  -0.000001034,   0.006145702,   0.010035886,   0.011768120
      2.805400,   -3.688042,    2.268899,   0.000003493,   0.008817813,   0.014376629,   0.016865388
     -3.406745,   -0.999446,    0.614863,  -0.000005791,   0.004486511,   0.007326899,   0.008591406
      5.010068,    1.353117,   -0.832443,  -0.000008227,   0.010790528,   0.017604886,   0.020648670
     -2.200819,   -0.332435,    0.204515,  -0.000003312,   0.001243293,   0.002036314,   0.002385868
      3.807115,    2.352112,   -1.447029,   0.000012024,   0.006911628,   0.011268890,   0.013219630
     -0.599103,    3.351625,   -2.061933,  -0.000000587,   0.006129513,   0.010008424,   0.011736246
      2.604350,   -3.687951,    2.268842,   0.000004430,   0.008275646,   0.013493022,   0.015828708
     -3.405176,   -0.829618,    0.510384,  -0.000008161,   0.004089629,   0.006682435,   0.007834544
      5.011435,    1.186231,   -0.729774,  -0.000008728,   0.010382191,   0.016938004,   0.019866704
     -2.200735,   -0.166344,    0.102336,  -0.000002753,   0.001229529,   0.002012168,   0.002358086
      4.007453,    2.352911,   -1.447521,   0.000012833,   0.007474389,   0.012186828,   0.014296344
     -0.399670,    3.354585,   -2.063755,  -0.000000354,   0.006212154,   0.010140830,   0.011892321
      2.404025,   -3.688774,    2.269349,   0.000003835,   0.007936101,   0.012941586,   0.015181118
     -3.406839,   -0.660772,    0.406510,  -0.000007872,   0.003894075,   0.006363326,   0.007460281
      5.012222,    1.018749,   -0.626739,  -0.000007846,   0.009879270,   0.016118463,   0.018905155
     -2.200687,    0.000175,   -0.000108,  -0.000002662,   0.001228092,   0.002008622,   0.002354311
      4.207795,    2.352534,   -1.447289,   0.000011341,   0.008285596,   0.013510984,   0.015849224
     -0.199696,    3.361540,   -2.068033,   0.000000000,   0.006270923,   0.010233217,   0.012001800
      2.203743,   -3.690399,    2.270348,   0.000002337,   0.007775844,   0.012683610,   0.014877424
     -3.406073,   -0.492888,    0.303227,  -0.000004595,   0.003953532,   0.006457337,   0.007571502
      5.010697,    0.850833,   -0.523436,  -0.000006940,   0.009568634,   0.015614153,   0.018312852
     -2.201671,    0.166629,   -0.102511,  -0.000002776,   0.001227898,   0.002007571,   0.002353314
      0.000000,    3.380504,   -2.079700,   0.000000000,   0.006270923,   0.010233217,   0.012001800
      2.003367,   -3.693346,    2.272162,   0.000000000,   0.007703092,   0.012570303,   0.014742800
     -3.405013,   -0.325232,    0.200084,   0.000000000,   0.004055482,   0.006617946,   0.007761710
     -4.207046,   -2.184102,    1.343668,  -0.000009086,   0.007827372,   0.012799455,   0.015003129
     -2.202408,    0.333191,   -0.204981,  -0.000003858,   0.001229012,   0.002009611,   0.002355636
     -4.807703,    2.858743,   -1.758710,   0.000008178,   0.014273780,   0.023301866,   0.027326138
      0.200449,    3.360980,   -2.067689,   0.000000000,   0.006270923,   0.010233217,   0.012001800
      1.802961,   -3.695995,    2.273791,   0.000000000,   0.007703092,   0.012570303,   0.014742800
     -3.403547,   -0.157791,    0.097074,   0.000000000,   0.004055482,   0.006617946,   0.007761710
     -4.206119,   -2.016405,    1.240501,  -0.000008362,   0.007304658,   0.011946956,   0.014003137
     -2.204264,    0.500484,   -0.307900,  -0.000005652,   0.001239207,   0.002025778,   0.002374751
     -4.605473,    2.857217,   -1.757772,   0.000002643,   0.013051779,   0.021305000,   0.024985035
      0.401934,    3.353811,   -2.063278,   0.000000374,   0.006218334,   0.010151197,   0.011904389
      1.602595,   -3.692903,    2.271889,   0.000000000,   0.007703092,   0.012570303,   0.014742800
     -3.395977,    0.004190,   -0.002578,   0.000000000,   0.004055482,   0.006617946,   0.007761710
     -4.205397,   -1.848506,    1.137209,  -0.000007940,   0.006989511,   0.011431376,   0.013398868
     -4.405446,    2.856475,   -1.757315,  -0.000001806,   0.011954103,   0.019511844,   0.022882584
      0.602571,    3.351280,   -2.061721,   0.000000654,   0.006152076,   0.010045791,   0.011779897
      1.400863,   -3.689761,    2.269956,  -0.000000511,   0.007437681,   0.012131166,   0.014229697
     -3.396686,    0.169881,   -0.104511,   0.000000000,   0.004055482,   0.006617946,   0.007761710
      2.204629,   -0.495366,    0.304751,   0.000004792,   0.001288570,   0.002111750,   0.002473848
     -4.204861,   -1.680990,    1.034152,  -0.000007428,   0.006849023,   0.011198736,   0.013127103
     -4.205796,    2.855169,   -1.756512,  -0.000004231,   0.011037154,   0.018014242,   0.021126564
      0.801524,    3.350311,   -2.061125,   0.000001118,   0.006189143,   0.010107600,   0.011851965
      1.201534,   -3.688133,    2.268955,   0.000000728,   0.006960649,   0.011349364,   0.013313853
     -3.400574,    0.338268,   -0.208104,   0.000000000,   0.004055482,   0.006617946,   0.007761710
      2.002778,   -0.495868,    0.305060,   0.000003673,   0.001182005,   0.001934485,   0.002267021
     -4.205748,   -1.511568,    0.929923,  -0.000007314,   0.006763766,   0.011057111,   0.012961801
     -4.005395,    2.856181,   -1.757134,  -0.000003893,   0.010402050,   0.016977562,   0.019910808
      1.002477,    3.350141,   -2.061020,   0.000001307,   0.006433635,   0.010507004,   0.012320259
      1.001645,   -3.687927,    2.268828,   0.000001850,   0.006530656,   0.010646616,   0.012489992
     -3.403906,    0.505688,   -0.311101,  -0.000003869,   0.003930346,   0.006412503,   0.007521159
      1.802587,   -0.496229,    0.305282,   0.000002626,   0.001151964,   0.001883942,   0.002208227
     -4.207428,   -1.342342,    0.825814,  -0.000008136,   0.006652480,   0.010873712,   0.012747281
     -3.803982,    2.856458,   -1.757305,  -0.000002377,   0.010061486,   0.016423267,   0.019260250
      1.202808,    3.351601,   -2.061919,   0.000000413,   0.006854622,   0.011193205,   0.013125307
      0.800714,   -3.687845,    2.268777,   0.000001940,   0.006286115,   0.010248063,   0.012022398
     -3.404387,    0.673101,   -0.414094,  -0.000007470,   0.003839191,   0.006264456,   0.007347302
      1.602311,   -0.497027,    0.305773,   0.000002132,   0.001078178,   0.001764426,   0.002067770
     -4.207946,   -1.171853,    0.720929,  -0.000009451,   0.006491160,   0.010608835,   0.012437147
     -3.603043,    2.856430,   -1.757287,  -0.000000131,   0.009971263,   0.016279592,   0.019090605
      1.401648,    3.354542,   -2.063728,  -0.000000532,   0.007279562,   0.011883727,   0.013936103
      0.600471,   -3.688682,    2.269292,   0.000001525,   0.006259626,   0.010206608,   0.011973210
     -3.405538,    0.840881,   -0.517314,  -0.000008155,   0.004033180,   0.006581275,   0.007718794
      1.405060,   -0.497396,    0.306000,   0.000002227,   0.000802894,   0.001318213,   0.001543480
     -4.209235,   -1.003112,    0.617119,  -0.000010843,   0.006276245,   0.010256156,   0.012024146
     -3.402509,    2.853347,   -1.755391,   0.000001516,   0.009770437,   0.015955352,   0.018709215
      1.600412,    3.361465,   -2.067987,   0.000000000,   0.007509454,   0.012254315,   0.014372200
      0.400380,   -3.690305,    2.270291,   0.000001102,   0.006382576,   0.010410137,   0.012210988
     -3.404455,    1.008666,   -0.620535,  -0.000005930,   0.004439435,   0.007244998,   0.008496976
      1.208515,   -0.496861,    0.305671,   0.000002880,   0.000408262,   0.000677707,   0.000791185
     -4.210158,   -0.833429,    0.512729,  -0.000011705,   0.006027387,   0.009847854,   0.011545984
     -3.203090,    2.850028,   -1.753349,   0.000000022,   0.009144810,   0.014932793,   0.017510449
      1.797600,    3.380504,   -2.079700,   0.000000000,   0.007509454,   0.012254315,   0.014372200
      0.200112,   -3.693291,    2.272128,   0.000000000,   0.006470988,   0.010559693,   0.012384700
     -3.404772,    1.176758,   -0.723947,  -0.000001503,   0.005044488,   0.008234174,   0.009656526
      1.009315,   -0.496204,    0.305267,   0.000003190,   0.000058271,   0.000108869,   0.000123524
     -4.209728,   -0.663781,    0.408361,  -0.000011820,   0.005770862,   0.009426956,   0.011053076
     -3.002811,    2.847678,   -1.751903,  -0.000002646,   0.008305773,   0.013560457,   0.015901945
      2.000513,    3.361081,   -2.067751,   0.000000000,   0.007509454,   0.012254315,   0.014372200
     -0.000313,   -3.695980,    2.273782,   0.000000000,   0.006470988,   0.010559693,   0.012384700
     -3.402703,    1.345205,   -0.827576,   0.000000000,   0.005449451,   0.008892696,   0.010429600
      0.809360,   -0.496436,    0.305410,   0.000002715,  -0.000149734,  -0.000230158,   0.000274591
     -4.208941,   -0.495631,    0.304914,  -0.000010973,   0.005572083,   0.009100798,   0.010671118
     -2.801952,    2.845586,   -1.750616,  -0.000004306,   0.007578263,   0.012370530,   0.014507243
      2.203319,    3.353878,   -2.063319,   0.000001179,   0.007594809,   0.012397173,   0.014538604
     -0.200886,   -3.692915,    2.271896,   0.000000000,   0.006470988,   0.010559693,   0.012384700
     -3.400839,    1.513883,   -0.931347,   0.000000000,   0.005449451,   0.008892696,   0.010429600
      0.609327,   -0.496898,    0.305693,   0.000001811,  -0.000190862,  -0.000299005,   0.000354733
     -4.207641,   -0.326358,    0.200777,  -0.000009587,   0.005452792,   0.008905053,   0.010441887
     -2.602613,    2.844865,   -1.750173,  -0.000004268,   0.007058282,   0.011520908,   0.013511132
      2.404479,    3.351318,   -2.061745,   0.000002195,   0.007777874,   0.012698572,   0.014891241
     -0.402568,   -3.689792,    2.269975,  -0.000000592,   0.006377719,   0.010402753,   0.012202154
      0.408285,   -0.496654,    0.305544,   0.000000874,  -0.000110188,  -0.000171076,   0.000203492
     -4.206660,   -0.157377,    0.096819,  -0.000008515,   0.005404099,   0.008825617,   0.010348714
      3.399680,   -1.508554,    0.928069,   0.000000000,   0.005421341,   0.008846824,   0.010375800
     -2.402557,    2.844390,   -1.749880,  -0.000002932,   0.006786493,   0.011078067,   0.012991538
      2.603699,    3.350341,   -2.061144,   0.000002809,   0.008099246,   0.013224544,   0.015507622
     -0.602114,   -3.688148,    2.268964,  -0.000000895,   0.006233422,   0.010163900,   0.011923104
      0.207522,   -0.497071,    0.305800,   0.000000393,  -0.000023587,  -0.000033279,   0.000040792
     -4.206505,    0.010458,   -0.006434,  -0.000008108,   0.005402658,   0.008823678,   0.010346307
      3.201026,   -1.504874,    0.925805,  -0.000001040,   0.005015967,   0.008188959,   0.009603072
     -2.201913,    2.846920,   -1.751437,  -0.000001229,   0.006788682,   0.011083669,   0.012997458
      2.804661,    3.350146,   -2.061023,   0.000002342,   0.008614778,   0.014066438,   0.016494820
     -0.801927,   -3.687929,    2.268829,  -0.000001248,   0.006225431,   0.010148790,   0.011906046
      0.006552,   -0.497018,    0.305768,   0.000000005,  -0.000002015,   0.000000553,   0.000002090
     -4.208368,    0.179292,   -0.110301,  -0.000008730,   0.005425176,   0.008861379,   0.010390219
      3.002721,   -1.502697,    0.924465,   0.000001545,   0.004312955,   0.007049138,   0.008263893
     -2.000656,    2.849282,   -1.752890,  -0.000000314,   0.006873999,   0.011224693,   0.013162279
      3.004714,    3.351597,   -2.061916,   0.000000450,   0.009275511,   0.015143940,   0.017758773
     -1.002836,   -3.687842,    2.268776,  -0.000001205,   0.006437453,   0.010493985,   0.012311154
     -0.196555,   -0.497802,    0.306250,  -0.000000390,  -0.000022646,  -0.000031823,   0.000039060
     -4.210494,    0.348902,   -0.214646,  -0.000010016,   0.005491331,   0.008969726,   0.010517167
      2.803416,   -1.500088,    0.922860,   0.000004280,   0.003616614,   0.005919510,   0.006936895
     -1.800127,    2.850408,   -1.753583,   0.000000349,   0.006899168,   0.011267090,   0.013211580
      3.202965,    3.354512,   -2.063709,  -0.000001077,   0.009906649,   0.016170921,   0.018964187
     -1.203031,   -3.688673,    2.269287,  -0.000000186,   0.006841697,   0.011154628,   0.013085662
     -0.397027,   -0.497923,    0.306324,  -0.000000857,  -0.000108424,  -0.000168339,   0.000200236
     -4.211948,    0.518494,   -0.318979,  -0.000011480,   0.005615533,   0.009171495,   0.010754100
      2.603945,   -1.501364,    0.923645,   0.000005364,   0.003085950,   0.005056150,   0.005923493
     -1.599717,    2.848264,   -1.752264,   0.000000956,   0.006748892,   0.011023777,   0.012925603
      3.400531,    3.361401,   -2.067948,   0.000000000,   0.010295625,   0.016800933,   0.019704600
     -1.403026,   -3.690281,    2.270276,   0.000001082,   0.007316825,   0.011933039,   0.013997619
     -0.598403,   -0.497066,    0.305797,  -0.000001791,  -0.000191621,  -0.000300371,   0.000356293
     -4.209911,    0.684649,   -0.421199,  -0.000012231,   0.005791069,   0.009455292,   0.011087794
      2.403654,   -1.500378,    0.923039,   0.000004756,   0.002743658,   0.004495093,   0.005266265
     -1.400250,    2.845857,   -1.750783,  -0.000000021,   0.006274113,   0.010247607,   0.012015738
      3.595200,    3.380504,   -2.079700,   0.000000000,   0.010295625,   0.016800933,   0.019704600
     -1.603204,   -3.693267,    2.272113,   0.000000000,   0.007595091,   0.012394063,   0.014536100
     -0.798904,   -0.496691,    0.305566,  -0.000002706,  -0.000154703,  -0.000238333,   0.000284153
     -4.208297,    0.851257,   -0.523697,  -0.000011874,   0.006015784,   0.009818462,   0.011514859
      2.203354,   -1.502235,    0.924181,   0.000002791,   0.002558656,   0.004185860,   0.004905930
     -1.199896,    2.844216,   -1.749773,  -0.000001393,   0.005640437,   0.009210359,   0.010800243
      3.800416,    3.365125,   -2.070239,   0.000000000,   0.010295625,   0.016800933,   0.019704600
     -1.803633,   -3.695974,    2.273778,   0.000000000,   0.007595091,   0.012394063,   0.014536100
     -0.998700,   -0.497292,    0.305936,  -0.000003201,   0.000049762,   0.000094993,   0.000107286
      2.002139,   -1.504849,    0.925789,   0.000000000,   0.002453486,   0.004003725,   0.004695680
     -4.208342,    1.016129,   -0.625127,  -0.000010766,   0.006241842,   0.010183924,   0.011944581
     -0.998918,    2.842634,   -1.748800,  -0.000001657,   0.005152282,   0.008411130,   0.009863727
      4.003998,    3.359791,   -2.066957,   0.000004774,   0.010788104,   0.017608457,   0.020650447
     -2.004384,   -3.692937,    2.271910,   0.000000000,   0.007595091,   0.012394063,   0.014536100
     -1.199494,   -0.497641,    0.306151,  -0.000002894,   0.000401578,   0.000666829,   0.000778418
      1.800880,   -1.508767,    0.928200,   0.000000000,   0.002453486,   0.004003725,   0.004695680
     -4.206727,    1.183356,   -0.728006,  -0.000009254,   0.006438456,   0.010501989,   0.012318506
     -0.799554,    2.842384,   -1.748646,  -0.000000628,   0.004913902,   0.008021693,   0.009407124
      4.205556,    3.359081,   -2.066520,   0.000004729,   0.011714204,   0.019123042,   0.022425729
     -2.206016,   -3.689829,    2.269998,  -0.000001635,   0.007679359,   0.012526880,   0.014693375
     -1.400041,   -0.498310,    0.306562,  -0.000002197,   0.000807451,   0.001325593,   0.001552153
      1.601076,   -1.500364,    0.923030,   0.000000000,   0.002453486,   0.004003725,   0.004695680
     -4.205314,    1.350359,   -0.830747,  -0.000008022,   0.006581550,   0.010733804,   0.012590926
     -0.599490,    2.842420,   -1.748668,   0.000000667,   0.004947737,   0.008078981,   0.009473650
      4.406227,    3.358443,   -2.066128,   0.000002350,   0.012804912,   0.020906170,   0.024515989
     -2.405753,   -3.688166,    2.268975,  -0.000003071,   0.007850728,   0.012802416,   0.015017850
     -1.600235,   -0.498645,    0.306769,  -0.000002079,   0.001088429,   0.001781044,   0.002087295
      1.402490,   -1.495397,    0.919975,  -0.000000814,   0.002197388,   0.003590624,   0.004209643
     -4.203950,    1.517361,   -0.933487,  -0.000007497,   0.006680495,   0.010894350,   0.012779512
     -0.398872,    2.845462,   -1.750540,   0.000001137,   0.005255457,   0.008585130,   0.010065997
      4.606347,    3.358722,   -2.066300,  -0.000001355,   0.013998828,   0.022856703,   0.026802911
     -2.605490,   -3.687939,    2.268835,  -0.000003605,   0.008199872,   0.013369130,   0.015683480
     -1.800516,   -0.499332,    0.307191,  -0.000002577,   0.001162594,   0.001901230,   0.002228521
      1.203519,   -1.492986,    0.918491,   0.000000573,   0.001706185,   0.002796148,   0.003275593
     -4.203116,    1.684482,   -1.036300,  -0.000008143,   0.006745975,   0.011000542,   0.012904269
     -0.197597,    2.848272,   -1.752269,   0.000000576,   0.005546704,   0.009063030,   0.010625650
      4.805773,    3.360226,   -2.067225,  -0.000005434,   0.015238018,   0.024878613,   0.029174349
     -2.806378,   -3.687846,    2.268778,  -0.000002605,   0.008751638,   0.014267969,   0.016738163
     -2.000676,   -0.499296,    0.307169,  -0.000003581,   0.001193280,   0.001952850,   0.002288570
      1.004687,   -1.492107,    0.917950,   0.000001955,   0.001261416,   0.002076006,   0.002429193
     -4.203394,    1.851500,   -1.139050,  -0.000009640,   0.006860139,   0.011185810,   0.013121888
      0.002803,    2.849791,   -1.753203,   0.000000002,   0.005627540,   0.009194402,   0.010779900
      5.004194,    3.363076,   -2.068978,  -0.000007276,   0.016373698,   0.026727205,   0.031343924
     -3.006527,   -3.688670,    2.269285,  -0.000000164,   0.009449829,   0.015408184,   0.018075160
      0.804801,   -1.492128,    0.917963,   0.000002280,   0.001015260,   0.001675565,   0.001959152
     -4.204531,    2.018905,   -1.242038,  -0.000011059,   0.007158297,   0.011671259,   0.013691590
      2.201143,    0.505932,   -0.311252,   0.000005646,   0.001257832,   0.002056456,   0.002410639
      0.203208,    2.847915,   -1.752049,  -0.000000581,   0.005537922,   0.009048689,   0.010608834
      5.200785,    3.367929,   -2.071964,   0.000000000,   0.016955967,   0.027669623,   0.032451700
     -3.206428,   -3.690260,    2.270263,   0.000002065,   0.010170474,   0.016588056,   0.019457701
      0.605257,   -1.493480,    0.918795,   0.000001970,   0.000989084,   0.001629246,   0.001905973
     -4.205114,    2.186253,   -1.344992,  -0.000012091,   0.007683410,   0.012527265,   0.014695826
      2.200714,    0.338954,   -0.208526,   0.000003920,   0.001239936,   0.002027704,   0.002376771
      5.392800,    3.380504,   -2.079700,   0.000000000,   0.016955967,   0.027669623,   0.032451700
      0.402685,    2.845651,   -1.750656,  -0.000001097,   0.005251601,   0.008578956,   0.010058718
     -3.406521,   -3.693244,    2.272099,   0.000000000,   0.010627830,   0.017343042,   0.020340400
      0.405566,   -1.496593,    0.920710,   0.000001300,   0.001098674,   0.001800961,   0.002109632
      2.200438,    0.171965,   -0.105794,   0.000002833,   0.001237589,   0.002023523,   0.002371978
      4.205490,   -2.179829,    1.341040,   0.000008985,   0.007772355,   0.012710921,   0.014898896
      0.603036,    2.844088,   -1.749695,  -0.000000538,   0.004955069,   0.008091320,   0.009488001
     -3.606956,   -3.695960,    2.273770,   0.000000000,   0.010627830,   0.017343042,   0.020340400
     -5.404858,   -3.203319,    1.970695,   0.000000000,   0.017174162,   0.028025685,   0.032869300
      0.204598,   -1.501589,    0.923783,   0.000000000,   0.001163254,   0.001898258,   0.002226330
      2.200455,    0.005086,   -0.003129,   0.000002723,   0.001238876,   0.002026250,   0.002374976
      4.004968,   -2.180161,    1.341244,   0.000010446,   0.006741928,   0.011028944,   0.012926380
      0.804047,    2.842560,   -1.748755,   0.000000861,   0.004912894,   0.008020517,   0.009405595
     -3.807885,   -3.692955,    2.271921,   0.000000000,   0.010627830,   0.017343042,   0.020340400
      0.002558,   -1.508331,    0.927932,   0.000000000,   0.001163254,   0.001898258,   0.002226330
     -5.409791,   -3.030346,    1.864281,   0.000000000,   0.017174162,   0.028025685,   0.032869300
      2.201076,   -0.161560,    0.099392,   0.000002806,   0.001240035,   0.002029257,   0.002378146
      3.803692,   -2.180605,    1.341517,   0.000011136,   0.006065290,   0.009920566,   0.011627790
      1.003410,    2.842339,   -1.748619,   0.000002021,   0.005147746,   0.008404491,   0.009855697
     -4.008364,   -3.691804,    2.271213,  -0.000004790,   0.011109603,   0.018120682,   0.021255174
     -0.196510,   -1.499815,    0.922693,   0.000000000,   0.001163254,   0.001898258,   0.002226330
     -5.412216,   -2.859919,    1.759434,   0.000010069,   0.016630033,   0.027117746,   0.031810851
      2.202263,   -0.328793,    0.202275,   0.000003396,   0.001250118,   0.002047355,   0.002398848
      3.603600,   -2.179327,    1.340731,   0.000008940,   0.005874891,   0.009603029,   0.011257557
      1.203454,    2.842389,   -1.748650,   0.000001961,   0.005619481,   0.009177474,   0.010761254
     -4.209089,   -3.692415,    2.271589,  -0.000005504,   0.011974161,   0.019522276,   0.022901961
     -0.395402,   -1.494581,    0.919472,  -0.000001309,   0.001098095,   0.001799612,   0.002108179
     -5.413092,   -2.691080,    1.655563,   0.000014348,   0.015442157,   0.025184137,   0.029541516
      3.403000,   -2.177805,    1.339795,   0.000008274,   0.005818794,   0.009510716,   0.011149536
      1.404045,    2.845427,   -1.750519,   0.000000695,   0.006266647,   0.010237836,   0.012003506
     -4.409060,   -3.691720,    2.271161,  -0.000003117,   0.013006645,   0.021200287,   0.024872173
     -2.002872,    0.499931,   -0.307560,  -0.000004174,   0.001150139,   0.001878373,   0.002202527
     -0.593973,   -1.492082,    0.917935,  -0.000001984,   0.000985340,   0.001622639,   0.001898382
     -5.412581,   -2.521981,    1.551533,   0.000014185,   0.014215007,   0.023192287,   0.027202000
      3.203697,   -2.173951,    1.337424,   0.000007149,   0.005602872,   0.009162829,   0.010740096
      1.605353,    2.848243,   -1.752251,  -0.000000442,   0.006746940,   0.011023724,   0.012924538
     -4.609381,   -3.691201,    2.270842,   0.000001489,   0.014161696,   0.023081398,   0.027079597
     -1.803867,    0.499904,   -0.307543,  -0.000002394,   0.001123635,   0.001833560,   0.002150466
     -0.794123,   -1.491344,    0.917481,  -0.000002320,   0.001009652,   0.001665995,   0.001948061
     -5.412992,   -2.354145,    1.448280,   0.000011764,   0.013131286,   0.021431780,   0.025134677
      3.002064,   -2.171448,    1.335883,   0.000006168,   0.005250874,   0.008592406,   0.010069814
      1.805647,    2.849798,   -1.753208,  -0.000000262,   0.006874348,   0.011229375,   0.013166454
     -4.809615,   -3.691850,    2.271241,   0.000006768,   0.015370262,   0.025054899,   0.029393757
     -1.603608,    0.500869,   -0.308137,  -0.000001574,   0.001042557,   0.001701196,   0.001995244
     -0.993145,   -1.491975,    0.917869,  -0.000002027,   0.001253051,   0.002062092,   0.002412958
     -5.411672,   -2.186942,    1.345416,   0.000006338,   0.012158022,   0.019848210,   0.023275931
      2.800803,   -2.171076,    1.335655,   0.000005675,   0.004785408,   0.007835648,   0.009181369
      2.006052,    2.847958,   -1.752076,  -0.000000209,   0.006825094,   0.011147932,   0.013071277
     -5.009731,   -3.693426,    2.272211,   0.000010274,   0.016549376,   0.026986310,   0.031656640
     -1.406012,    0.501034,   -0.308238,  -0.000001751,   0.000749886,   0.001224901,   0.001436215
     -1.193002,   -1.493678,    0.918917,  -0.000000662,   0.001699530,   0.002785193,   0.003262775
     -5.410031,   -2.020100,    1.242774,   0.000000000,   0.011679149,   0.019058639,   0.022352500
      2.601421,   -2.170633,    1.335382,   0.000004994,   0.004277734,   0.007009203,   0.008211453
      2.205551,    2.845697,   -1.750685,   0.000000305,   0.006684835,   0.010916461,   0.012800630
     -5.210184,   -3.695369,    2.273406,   0.000000000,   0.017174162,   0.028025685,   0.032869300
     -1.207840,    0.500053,   -0.307635,  -0.000002730,   0.000329415,   0.000540664,   0.000633119
     -1.396901,   -1.497523,    0.921282,   0.000000815,   0.002211107,   0.003612869,   0.004235779
     -5.405730,   -1.854134,    1.140671,   0.000000000,   0.011679149,   0.019058639,   0.022352500
      2.401686,   -2.170205,    1.335119,   0.000003933,   0.003770312,   0.006181468,   0.007240568
      2.405911,    2.844128,   -1.749719,   0.000001985,   0.006628599,   0.010821646,   0.012690404
     -5.411116,   -3.697593,    2.274774,   0.000000000,   0.017174162,   0.028025685,   0.032869300
     -1.008869,    0.499151,   -0.307079,  -0.000003275,  -0.000031589,  -0.000047150,   0.000056848
     -1.599642,   -1.503155,    0.924747,   0.000000000,   0.002474898,   0.004038667,   0.004736660
     -5.392800,   -1.690252,    1.039850,   0.000000000,   0.011679149,   0.019058639,   0.022352500
      2.201530,   -2.172878,    1.336763,   0.000002512,   0.003275816,   0.005370971,   0.006291129
      2.606972,    2.842600,   -1.748779,   0.000003541,   0.006867274,   0.011209883,   0.013146138
     -5.612050,   -3.695389,    2.273419,   0.000000000,   0.017174162,   0.028025685,   0.032869300
     -0.808702,    0.500142,   -0.307690,  -0.000002984,  -0.000237875,  -0.000383456,   0.000451256
     -1.799709,   -1.511913,    0.930135,   0.000000000,   0.002474898,   0.004038667,   0.004736660
     -5.406276,   -1.518464,    0.934165,   0.000000000,   0.011679149,   0.019058639,   0.022352500
     -5.814299,   -3.693065,    2.271989,   0.000002692,   0.016813567,   0.027440139,   0.032181629
      2.000219,   -2.174360,    1.337675,   0.000002578,   0.002921773,   0.004786682,   0.005607949
      2.806340,    2.842373,   -1.748639,   0.000003818,   0.007375874,   0.012040761,   0.014120321
     -0.608737,    0.499372,   -0.307216,  -0.000002255,  -0.000264497,  -0.000427529,   0.000502737
     -1.999831,   -1.505570,    0.926233,   0.000000000,   0.002474898,   0.004038667,   0.004736660
     -5.411502,   -1.347335,    0.828886,   0.000000000,   0.011679149,   0.019058639,   0.022352500
      1.800328,   -2.174669,    1.337866,   0.000002710,   0.002664272,   0.004365388,   0.005114193
      3.007051,    2.844598,   -1.750009,   0.000002315,   0.008106961,   0.013236530,   0.015521874
     -0.407896,    0.499483,   -0.307284,  -0.000001558,  -0.000159260,  -0.000257277,   0.000302585
     -2.201508,   -1.500838,    0.923322,  -0.000002807,   0.002577264,   0.004215450,   0.004940882
     -5.414028,   -1.177795,    0.724584,   0.000006142,   0.011432601,   0.018654485,   0.021879082
      6.017037,    0.693062,   -0.426375,  -0.000017162,   0.008846195,   0.014440672,   0.016934830
      1.600142,   -2.172356,    1.336442,   0.000000000,   0.002453486,   0.004003725,   0.004695680
      3.207780,    2.849113,   -1.752786,  -0.000000311,   0.008965494,   0.014640656,   0.017167670
      6.016484,    0.524751,   -0.322829,  -0.000014877,   0.008899154,   0.014528489,   0.017037375
     -0.206934,    0.499268,   -0.307152,  -0.000000941,  -0.000053478,  -0.000086327,   0.000101553
     -2.401626,   -1.498833,    0.922088,  -0.000004824,   0.002763241,   0.004525890,   0.005302755
     -5.414636,   -1.009816,    0.621243,   0.000009039,   0.010961625,   0.017890106,   0.020981258
      1.401216,   -2.169197,    1.334499,   0.000002861,   0.002411174,   0.003960866,   0.004637050
      3.408077,    2.852261,   -1.754723,  -0.000001781,   0.009598654,   0.015675338,   0.018380707
      6.015675,    0.356349,   -0.219228,  -0.000012107,   0.009011903,   0.014713639,   0.017254151
     -0.005844,    0.499559,   -0.307331,  -0.000000022,  -0.000025583,  -0.000041556,   0.000048800
     -2.602440,   -1.498787,    0.922060,  -0.000005478,   0.003107633,   0.005090391,   0.005964017
     -5.414229,   -0.840621,    0.517154,   0.000009433,   0.010562446,   0.017241216,   0.020219418
      1.200372,   -2.166622,    1.332915,   0.000002796,   0.002377467,   0.003908250,   0.004574580
      3.607636,    2.855977,   -1.757009,  -0.000000094,   0.009810308,   0.016017187,   0.018782769
      6.014296,    0.188011,   -0.115665,  -0.000009797,   0.009119170,   0.014890230,   0.017460765
      0.195895,    0.500729,   -0.308050,   0.000000898,  -0.000052033,  -0.000083996,   0.000098811
     -2.802783,   -1.499658,    0.922596,  -0.000004423,   0.003642641,   0.005961151,   0.006985998
     -5.414361,   -0.671586,    0.413162,   0.000008565,   0.010464787,   0.017080433,   0.020031301
      0.999537,   -2.166292,    1.332711,   0.000002194,   0.002203192,   0.003626565,   0.004243352
      3.807627,    2.855299,   -1.756592,   0.000002222,   0.009905160,   0.016168299,   0.018961173
      6.013586,    0.019748,   -0.012149,  -0.000009004,   0.009161315,   0.014961625,   0.017543660
      0.396319,    0.500443,   -0.307874,   0.000001522,  -0.000156296,  -0.000252472,   0.000296939
     -3.002726,   -1.501809,    0.923919,  -0.000001617,   0.004347612,   0.007105090,   0.008329708
     -5.412990,   -0.503150,    0.309540,   0.000005234,   0.010493787,   0.017126254,   0.020085521
      0.800374,   -2.166516,    1.332850,   0.000001322,   0.001975750,   0.003256581,   0.003809056
      4.007631,    2.856060,   -1.757060,   0.000003784,   0.010245293,   0.016721462,   0.019610541
      6.014865,   -0.148452,    0.091329,  -0.000009671,   0.009146638,   0.014940950,   0.017518363
      0.597789,    0.499677,   -0.307403,   0.000002223,  -0.000264180,  -0.000427009,   0.000502128
     -3.202391,   -1.504523,    0.925589,   0.000001070,   0.005063744,   0.008266574,   0.009694213
     -5.410927,   -0.335088,    0.206148,   0.000000000,   0.010497310,   0.017130052,   0.020090600
      0.600516,   -2.168509,    1.334076,   0.000000372,   0.001724673,   0.002845820,   0.003327640
      4.207768,    2.855403,   -1.756656,   0.000004149,   0.010880653,   0.017758169,   0.020826454
      6.016395,   -0.316681,    0.194823,  -0.000011711,   0.009078932,   0.014833903,   0.017391717
      0.798521,    0.499658,   -0.307392,   0.000002963,  -0.000241939,  -0.000390042,   0.000458995
     -5.406049,   -0.166647,    0.102522,   0.000000000,   0.010497310,   0.017130052,   0.020090600
      3.407221,    0.671768,   -0.413275,   0.000007174,   0.003895049,   0.006356344,   0.007454835
      0.400115,   -2.170370,    1.335220,  -0.000000093,   0.001377870,   0.002278138,   0.002662412
      4.408139,    2.855380,   -1.756642,   0.000001694,   0.011800188,   0.019259737,   0.022587207
      6.017659,   -0.484989,    0.298367,  -0.000014285,   0.009003071,   0.014713651,   0.017249551
      0.998843,    0.501174,   -0.308324,   0.000003275,  -0.000038278,  -0.000058019,   0.000069585
      3.406561,    0.502697,   -0.309261,   0.000003442,   0.004048716,   0.006605838,   0.007747852
     -5.392800,    0.000000,    0.000000,   0.000000000,   0.010497310,   0.017130052,   0.020090600
      0.198471,   -2.172818,    1.336727,   0.000000000,   0.001163254,   0.001898258,   0.002226330
      4.608444,    2.856185,   -1.757137,  -0.000002809,   0.012903770,   0.021062475,   0.024700913
      6.018437,   -0.653697,    0.402157,  -0.000016501,   0.008978171,   0.014676159,   0.017204577
      1.199650,    0.501371,   -0.308445,   0.000002723,   0.000325360,   0.000534124,   0.000625424
      3.405040,    0.336155,   -0.206804,   0.000000000,   0.004202743,   0.006858254,   0.008043550
     -5.406661,    0.170915,   -0.105148,   0.000000000,   0.010497310,   0.017130052,   0.020090600
      4.808654,    2.858128,   -1.758332,  -0.000008341,   0.014120379,   0.023050718,   0.027031847
     -0.001868,   -2.173969,    1.337435,   0.000000011,   0.001149106,   0.001896820,   0.002217740
      6.017754,   -0.823991,    0.506922,  -0.000017253,   0.009081685,   0.014847205,   0.017404505
      1.399857,    0.502486,   -0.309131,   0.000001706,   0.000751997,   0.001228439,   0.001440335
     -5.412019,    0.341469,   -0.210073,   0.000000000,   0.010497310,   0.017130052,   0.020090600
      3.400471,   -0.163057,    0.100313,   0.000000000,   0.004202743,   0.006858254,   0.008043550
     -0.202494,   -2.171932,    1.336182,   0.000000000,   0.001163254,   0.001898258,   0.002226330
      6.017362,   -0.992952,    0.610868,  -0.000015402,   0.009375969,   0.015327117,   0.017967458
      1.600553,    0.502807,   -0.309329,   0.000001501,   0.001051390,   0.001715680,   0.002012208
     -4.809324,   -2.689079,    1.654332,   0.000006878,   0.013529913,   0.022065753,   0.025883509
     -5.414650,    0.510583,   -0.314113,   0.000005428,   0.010480195,   0.017101618,   0.020057414
      3.402919,   -0.329825,    0.202910,   0.000000000,   0.004202743,   0.006858254,   0.008043550
     -0.401811,   -2.169130,    1.334457,   0.000000150,   0.001371993,   0.002268175,   0.002650846
      6.016789,   -1.162072,    0.714912,  -0.000012114,   0.009766121,   0.015961947,   0.018712590
      1.800752,    0.504113,   -0.310132,   0.000002345,   0.001131934,   0.001847151,   0.002166390
     -4.810106,   -2.519794,    1.550188,   0.000005554,   0.012542341,   0.020465437,   0.024003009
     -5.415297,    0.679875,   -0.418262,   0.000008442,   0.010419152,   0.017002823,   0.019941284
      3.404439,   -0.496829,    0.305651,   0.000004070,   0.004078056,   0.006660158,   0.007809499
     -0.602421,   -2.166801,    1.333025,  -0.000000246,   0.001719989,   0.002837618,   0.003318198
      6.015877,   -1.331482,    0.819133,  -0.000008599,   0.010151809,   0.016589896,   0.019449524
      2.000873,    0.504479,   -0.310358,   0.000004154,   0.001162382,   0.001898472,   0.002226060
     -4.810530,   -2.351842,    1.446863,   0.000004022,   0.011658304,   0.019031007,   0.022318048
     -5.415142,    0.848113,   -0.521762,   0.000009058,   0.010495674,   0.017127164,   0.020087284
      3.406542,   -0.664760,    0.408963,   0.000007363,   0.003977615,   0.006499138,   0.007619729
     -0.803356,   -2.166601,    1.332902,  -0.000001106,   0.001986603,   0.003273316,   0.003828993
      6.014456,   -1.500884,    0.923350,  -0.000005834,   0.010482676,   0.017129997,   0.020082911
     -4.810205,   -2.184229,    1.343746,   0.000002631,   0.010956147,   0.017889312,   0.020977718
     -5.415134,    1.016951,   -0.625632,   0.000008440,   0.010894462,   0.017778027,   0.020850602
     -2.000698,   -0.332751,    0.204710,   0.000000000,   0.001146634,   0.001871136,   0.002194520
      3.405516,   -0.832629,    0.512237,   0.000007784,   0.004126228,   0.006741920,   0.007904385
     -1.002762,   -2.166718,    1.332974,  -0.000001885,   0.002228196,   0.003665864,   0.004289921
      6.013726,   -1.669996,    1.027389,  -0.000005508,   0.010693889,   0.017477833,   0.020489849
     -4.808373,   -2.016475,    1.240544,   0.000001865,   0.010491241,   0.017130594,   0.020087891
     -5.413785,    1.185749,   -0.729478,   0.000005439,   0.011372123,   0.018559178,   0.021766219
     -2.000139,   -0.166690,    0.102549,   0.000000000,   0.001146634,   0.001871136,   0.002194520
      3.405324,   -1.001293,    0.615999,   0.000005581,   0.004476423,   0.007310597,   0.008572236
     -1.202348,   -2.168217,    1.333896,  -0.000002398,   0.002423081,   0.003980620,   0.004660114
      6.014894,   -1.838740,    1.131200,  -0.000007483,   0.010887189,   0.017798212,   0.020864019
     -4.807123,   -1.848772,    1.137372,   0.000001849,   0.010239789,   0.016718619,   0.019605241
     -5.411363,    1.354114,   -0.833057,   0.000000000,   0.011610388,   0.018946432,   0.022220900
     -1.999503,   -0.000219,    0.000134,   0.000000000,   0.001146634,   0.001871136,   0.002194520
      3.405058,   -1.170447,    0.720064,   0.000001365,   0.005028964,   0.008206279,   0.009624630
     -1.402503,   -2.170847,    1.335514,  -0.000002515,   0.002466807,   0.004049327,   0.004741539
      6.015107,   -2.005881,    1.234026,  -0.000011181,   0.011190183,   0.018296275,   0.021447004
     -4.806022,   -1.681372,    1.034387,   0.000002600,   0.010124306,   0.016528389,   0.019382704
     -5.406411,    1.522145,   -0.936430,   0.000000000,   0.011610388,   0.018946432,   0.022220900
     -2.001770,    0.166514,   -0.102440,   0.000000000,   0.001146634,   0.001871136,   0.002194520
      3.403241,   -1.340017,    0.824384,   0.000000000,   0.005421341,   0.008846824,   0.010375800
     -1.604028,   -2.172795,    1.336712,   0.000000000,   0.002474898,   0.004038667,   0.004736660
      6.015439,   -2.172956,    1.336811,  -0.000016254,   0.011649707,   0.019047364,   0.022327517
     -4.807375,   -1.513189,    0.930920,   0.000003630,   0.010040505,   0.016390839,   0.019221638
     -5.392800,    1.690252,   -1.039850,   0.000000000,   0.011610388,   0.018946432,   0.022220900
     -2.002705,    0.333268,   -0.205028,   0.000000000,   0.001146634,   0.001871136,   0.002194520
     -1.804287,   -2.173849,    1.337361,  -0.000001439,   0.002460381,   0.004035380,   0.004726285
      6.016325,   -2.341157,    1.440290,  -0.000021101,   0.012306994,   0.020115579,   0.023581753
      3.400837,    1.516816,   -0.933151,   0.000000000,   0.005275250,   0.008608426,   0.010096200
     -4.809642,   -1.344499,    0.827141,   0.000004028,   0.009850846,   0.016082195,   0.018859379
     -5.403805,    1.854886,   -1.141133,   0.000000000,   0.011610388,   0.018946432,   0.022220900
     -2.004900,   -2.171915,    1.336171,   0.000000000,   0.002474898,   0.004038667,   0.004736660
      6.016763,   -2.510203,    1.544287,  -0.000023855,   0.013120194,   0.021433457,   0.025130323
      2.001038,   -0.329619,    0.202783,   0.000000000,   0.001145400,   0.001869124,   0.002192160
      3.402523,    1.347021,   -0.828693,   0.000000000,   0.005275250,   0.008608426,   0.010096200
     -4.811181,   -1.176009,    0.723486,   0.000004435,   0.009562267,   0.015612301,   0.018307947
     -5.407273,    2.021343,   -1.243539,   0.000000000,   0.011610388,   0.018946432,   0.022220900
     -2.204838,   -2.171019,    1.335620,  -0.000003639,   0.002864520,   0.004704864,   0.005508288
      6.016735,   -2.679232,    1.648274,  -0.000023461,   0.014012518,   0.022877317,   0.026827651
      1.802384,   -0.330585,    0.203377,   0.000000000,   0.001145400,   0.001869124,   0.002192160
      3.404812,    1.177609,   -0.724470,   0.000001870,   0.004895469,   0.007990785,   0.009371140
     -4.811826,   -1.008390,    0.620366,   0.000003974,   0.009194856,   0.015013442,   0.017605364
     -5.409751,    2.188169,   -1.346170,   0.000005078,   0.012030146,   0.019625739,   0.023019428
     -2.405150,   -2.170819,    1.335497,  -0.000004541,   0.003503104,   0.005747803,   0.006731196
      6.016262,   -2.847976,    1.752087,  -0.000020397,   0.014810498,   0.024169180,   0.028346085
      1.604107,   -0.331549,    0.203971,   0.000000000,   0.001145400,   0.001869124,   0.002192160
      3.404993,    1.009048,   -0.620771,   0.000006117,   0.004349589,   0.007098765,   0.008325349
     -4.812231,   -0.837909,    0.515485,   0.000002940,   0.008860687,   0.014466915,   0.016964769
     -5.410030,    2.355497,   -1.449111,   0.000009099,   0.012914527,   0.021069191,   0.024712262
     -2.605688,   -2.170233,    1.335136,  -0.000005400,   0.004086518,   0.006699389,   0.007847386
      6.015396,   -3.016959,    1.856046,  -0.000015844,   0.015421297,   0.025161021,   0.029510907
      1.405399,   -0.331420,    0.203891,   0.000000731,   0.000870882,   0.001427050,   0.001671798
      3.406386,    0.839852,   -0.516680,   0.000008080,   0.004012691,   0.006548609,   0.007680236
     -4.812481,   -0.667844,    0.410861,   0.000002745,   0.008723596,   0.014239630,   0.016699347
     -5.410538,    2.523507,   -1.552472,   0.000011064,   0.013991647,   0.022831499,   0.026777671
     -2.805383,   -2.171897,    1.336160,  -0.000005733,   0.004671687,   0.007651174,   0.008964662
      6.013937,   -3.185250,    1.959579,  -0.000011104,   0.015822251,   0.025814440,   0.030277534
      1.207133,   -0.330135,    0.203100,   0.000002074,   0.000417471,   0.000690678,   0.000807045
     -4.812217,   -0.497129,    0.305836,   0.000002585,   0.008720995,   0.014232263,   0.016691707
     -5.409537,    2.692013,   -1.656137,   0.000011527,   0.015269677,   0.024926417,   0.029231652
     -3.202164,    1.511037,   -0.929596,   0.000000902,   0.005040025,   0.008223323,   0.009644941
     -3.005260,   -2.173896,    1.337389,  -0.000005999,   0.005195346,   0.008502140,   0.009963836
      6.013247,   -3.353999,    2.063394,  -0.000008866,   0.015969714,   0.026058915,   0.030563032
      1.006324,   -0.330654,    0.203420,   0.000002748,   0.000033220,   0.000066129,   0.000074055
     -4.809610,   -0.328657,    0.202191,   0.000002477,   0.008772286,   0.014314884,   0.016788952
     -5.409132,    2.861049,   -1.760129,   0.000008172,   0.016497451,   0.026935445,   0.031586138
     -3.004121,    1.508651,   -0.928128,  -0.000001833,   0.004303111,   0.007019233,   0.008233250
      6.014559,   -3.522163,    2.166849,  -0.000008802,   0.015968688,   0.026060501,   0.030563848
     -3.205698,   -2.177285,    1.339474,  -0.000006822,   0.005601217,   0.009159792,   0.010736642
      0.806370,   -0.330568,    0.203367,   0.000002438,  -0.000182503,  -0.000285473,   0.000338833
     -4.808360,   -0.159211,    0.097947,   0.000002683,   0.008835270,   0.014418282,   0.016910022
     -5.406716,    3.031166,   -1.864786,   0.000000000,   0.017058794,   0.027837422,   0.032648500
     -2.805126,    1.506794,   -0.926986,  -0.000004746,   0.003562536,   0.005808995,   0.006814405
     -3.405912,   -2.180390,    1.341385,  -0.000007943,   0.005848372,   0.009558373,   0.011205624
      0.606654,   -0.330987,    0.203625,   0.000001635,  -0.000209013,  -0.000330590,   0.000391125
      6.016141,    3.693936,   -2.272525,  -0.000008660,   0.015897453,   0.025942432,   0.030425958
     -5.402134,    3.203466,   -1.970786,   0.000000000,   0.017058794,   0.027837422,   0.032648500
     -4.807599,    0.009362,   -0.005759,   0.000002618,   0.008853000,   0.014448764,   0.016945277
