x,y,z,ux,uy,uz,usum
     -4.205906,    0.006540,    3.746900,   0.000000391,   0.020384973,   0.000002020,   0.020384973
     -0.198621,   -0.004452,   -2.551083,  -0.000000397,   0.000530245,   0.000008039,   0.000530306
      0.002047,    0.000340,    0.195044,   0.000000000,   0.000000000,   0.000000000,   0.000000000
      3.005812,    0.002735,    1.567084,  -0.000000190,   0.004615997,   0.000008156,   0.004616005
     -1.605526,    0.005488,    3.144530,  -0.000000119,   0.005844047,   0.000007980,   0.005844052
      0.402565,   -0.007561,   -4.332124,   0.000000092,   0.010345391,   0.000001736,   0.010345391
     -6.420000,    0.008247,    4.724993,  -0.000000901,   0.012827558,   0.000029724,   0.012827592
     -6.219375,    0.008247,    4.724993,  -0.000000879,   0.017871500,   0.000021822,   0.017871513
     -4.406515,    0.006537,    3.745454,   0.000000391,   0.021672257,   0.000002116,   0.021672257
      0.001706,   -0.004455,   -2.552403,  -0.000000006,   0.000818190,   0.000007210,   0.000818222
     -0.199787,    0.000341,    0.195439,   0.000000000,   0.000000000,   0.000000000,   0.000000000
      2.805738,    0.002732,    1.565070,  -0.000000048,   0.002621160,   0.000010610,   0.002621181
     -1.805866,    0.005490,    3.145516,   0.000000157,   0.006375567,   0.000007781,   0.006375572
      0.602111,   -0.007558,   -4.330194,   0.000000352,   0.009330893,   0.000002989,   0.009330894
     -6.218877,    0.007904,    4.528756,  -0.000000090,   0.019118402,   0.000019601,   0.019118412
     -6.420000,    0.007903,    4.528118,  -0.000000126,   0.013951385,   0.000027748,   0.013951413
     -4.606731,    0.006537,    3.745460,   0.000000265,   0.024178901,   0.000000586,   0.024178901
      0.202333,   -0.004451,   -2.550011,   0.000000381,   0.000524256,   0.000008071,   0.000524319
     -0.399728,    0.000339,    0.194216,   0.000000221,  -0.000833842,   0.000003845,   0.000833850
      2.605224,    0.002729,    1.563555,   0.000000125,   0.001595896,   0.000011112,   0.001595934
     -2.005610,    0.005488,    3.144193,   0.000000405,   0.006396677,   0.000008355,   0.006396682
      0.801925,   -0.007557,   -4.329937,   0.000000631,   0.008929891,   0.000003663,   0.008929892
     -6.218179,    0.007562,    4.332526,   0.000000389,   0.020211932,   0.000017480,   0.020211940
     -4.806650,    0.006539,    3.746672,   0.000000033,   0.027550387,  -0.000001828,   0.027550387
      0.401653,   -0.004445,   -2.546730,   0.000000537,  -0.000085131,   0.000009966,   0.000085714
     -0.600949,    0.000338,    0.193724,   0.000000168,  -0.002215684,   0.000007455,   0.002215697
      2.404895,    0.002730,    1.564182,   0.000000273,   0.001673663,   0.000009447,   0.001673690
     -2.206821,    0.005484,    3.142171,   0.000000505,   0.006050718,   0.000009590,   0.006050726
      1.002834,   -0.007557,   -4.329834,   0.000000904,   0.009372926,   0.000003418,   0.009372927
     -6.420000,    0.007559,    4.331243,   0.000000460,   0.014813002,   0.000026082,   0.014813025
     -5.006132,    0.006545,    3.749759,  -0.000000200,   0.031122827,  -0.000004045,   0.031122827
      0.602264,   -0.004440,   -2.544009,   0.000000447,  -0.000737558,   0.000012038,   0.000737656
     -0.800638,    0.000339,    0.194299,   0.000000062,  -0.002891527,   0.000009478,   0.002891542
      2.204897,    0.002729,    1.563796,   0.000000354,   0.002563558,   0.000006109,   0.002563565
     -2.406975,    0.005481,    3.140239,   0.000000418,   0.005795691,   0.000010830,   0.005795701
      1.203030,   -0.007559,   -4.330810,   0.000001112,   0.010596059,   0.000002354,   0.010596059
     -6.217314,    0.007219,    4.136128,   0.000000800,   0.020799858,   0.000015998,   0.020799864
     -6.420000,    0.007216,    4.134369,   0.000000958,   0.015122506,   0.000025120,   0.015122527
     -5.205310,    0.006553,    3.754502,   0.000000000,   0.032869300,   0.000000000,   0.032869300
      0.803200,   -0.004440,   -2.543777,   0.000000201,  -0.001030058,   0.000013311,   0.001030144
     -1.000822,    0.000339,    0.194085,  -0.000000035,  -0.002468156,   0.000009232,   0.002468173
      1.403025,   -0.007562,   -4.332698,   0.000001234,   0.012271988,   0.000000996,   0.012271988
     -2.606259,    0.005477,    3.138328,   0.000000209,   0.005999349,   0.000011504,   0.005999360
      2.003439,    0.002733,    1.565847,   0.000000188,   0.003394504,   0.000003073,   0.003394505
     -6.217100,    0.006876,    3.939494,   0.000001338,   0.020497129,   0.000015892,   0.020497135
      1.603204,   -0.007568,   -4.336204,   0.000001157,   0.013447612,   0.000000508,   0.013447612
     -2.808031,    0.005482,    3.140884,  -0.000000041,   0.006902000,   0.000011238,   0.006902009
      1.002606,   -0.004440,   -2.543905,  -0.000000053,  -0.000613880,   0.000013095,   0.000614019
      1.801634,    0.002735,    1.567088,  -0.000000137,   0.003645361,   0.000001804,   0.003645362
     -1.200653,    0.000339,    0.194212,  -0.000000129,  -0.001000559,   0.000006834,   0.001000583
     -6.420000,    0.006872,    3.937494,   0.000001544,   0.014650548,   0.000025286,   0.014650570
      5.414431,   -0.001402,   -0.803192,   0.000000185,   0.015838225,   0.000007650,   0.015838227
      5.413066,   -0.001055,   -0.604707,   0.000000091,   0.017565488,   0.000004426,   0.017565489
      1.803633,   -0.007574,   -4.339381,   0.000000923,   0.013736940,   0.000000841,   0.013736940
     -3.008845,    0.005488,    3.144483,  -0.000000206,   0.008357578,   0.000010204,   0.008357584
      1.202194,   -0.004443,   -2.545653,  -0.000000296,   0.000455604,   0.000011501,   0.000455749
      1.603690,    0.002728,    1.563215,  -0.000000242,   0.003244047,   0.000002376,   0.003244048
     -1.400551,    0.000340,    0.194764,  -0.000000171,   0.001019989,   0.000003141,   0.001019993
     -6.217150,    0.006532,    3.742670,   0.000002033,   0.019219003,   0.000017330,   0.019219011
     -6.420000,    0.006529,    3.740619,   0.000002235,   0.013267480,   0.000026967,   0.013267507
      2.004384,   -0.007567,   -4.335816,   0.000001024,   0.013584878,   0.000001261,   0.013584878
      5.408966,   -0.000708,   -0.405471,  -0.000000097,   0.019403036,   0.000001130,   0.019403036
     -3.208451,    0.005494,    3.147596,  -0.000000204,   0.009989168,   0.000008951,   0.009989172
      1.402354,   -0.004448,   -2.548732,  -0.000000419,   0.001722306,   0.000009341,   0.001722331
      1.405610,    0.002722,    1.559647,  -0.000000225,   0.001799817,   0.000004873,   0.001799823
     -1.600206,    0.000340,    0.194742,   0.000000000,   0.002194520,   0.000000000,   0.002194520
     -6.217847,    0.006188,    3.545709,   0.000002731,   0.016978928,   0.000020399,   0.016978940
      2.206015,   -0.007561,   -4.332168,   0.000001220,   0.013000102,   0.000002279,   0.013000102
      5.404399,   -0.000357,   -0.204535,   0.000000000,   0.020030200,   0.000000000,   0.020030200
     -3.408025,    0.005501,    3.151867,  -0.000000015,   0.011434992,   0.000008020,   0.011434995
      1.603887,   -0.004452,   -2.551017,  -0.000000334,   0.002741318,   0.000007558,   0.002741328
      1.206052,    0.002717,    1.557004,  -0.000000152,  -0.000209096,   0.000008292,   0.000209260
     -6.420000,    0.006185,    3.543745,   0.000002907,   0.011141812,   0.000029950,   0.011141853
      1.799792,   -0.000346,   -0.198215,   0.000000000,   0.002192160,   0.000000000,   0.002192160
      2.405752,   -0.007558,   -4.330215,   0.000001585,   0.012377823,   0.000003492,   0.012377824
      5.392800,    0.000000,    0.000000,   0.000000000,   0.020030200,   0.000000000,   0.020030200
     -3.607547,    0.005504,    3.153663,   0.000000270,   0.012335105,   0.000007954,   0.012335108
      1.804160,   -0.004455,   -2.552262,   0.000000006,   0.003277101,   0.000006938,   0.003277109
      1.006585,    0.002716,    1.556289,  -0.000000015,  -0.001653894,   0.000010544,   0.001653927
     -6.218412,    0.005845,    3.348666,   0.000003230,   0.014255238,   0.000024242,   0.014255259
      1.797600,    0.000000,    0.000000,   0.000000000,   0.002192160,   0.000000000,   0.002192160
     -6.420000,    0.005841,    3.346870,   0.000003403,   0.008618263,   0.000033676,   0.008618330
      2.605490,   -0.007557,   -4.329949,   0.000001927,   0.012463153,   0.000003938,   0.012463153
      5.407373,    0.000333,    0.190634,   0.000000000,   0.020030200,   0.000000000,   0.020030200
     -3.807849,    0.005508,    3.155694,   0.000000502,   0.012880642,   0.000008531,   0.012880645
      2.004792,   -0.004451,   -2.550002,   0.000000388,   0.003180259,   0.000008020,   0.003180269
      0.807387,    0.002717,    1.556845,   0.000000149,  -0.002114151,   0.000010831,   0.002114179
     -6.218860,    0.005501,    3.151578,   0.000003434,   0.011644938,   0.000027846,   0.011644972
      2.806378,   -0.007557,   -4.329839,   0.000002211,   0.013435786,   0.000003389,   0.013435787
      5.412571,    0.000673,    0.385880,   0.000000076,   0.019365565,   0.000001261,   0.019365565
     -4.008278,    0.005506,    3.154615,   0.000000583,   0.013262711,   0.000009554,   0.013262715
      2.204802,   -0.004450,   -2.549541,   0.000000586,   0.002818078,   0.000010116,   0.002818096
      0.607353,    0.002720,    1.558603,   0.000000289,  -0.001528664,   0.000009039,   0.001528691
     -1.601825,   -0.000344,   -0.197205,   0.000000000,   0.002194520,   0.000000000,   0.002194520
     -6.420000,    0.005498,    3.149995,   0.000003618,   0.006184498,   0.000037234,   0.006184611
      3.006527,   -0.007559,   -4.330807,   0.000002380,   0.015161168,   0.000002058,   0.015161168
      5.414953,    0.001016,    0.581871,  -0.000000121,   0.017552079,   0.000004560,   0.017552080
     -4.208439,    0.005507,    3.155533,   0.000000505,   0.014013643,   0.000010258,   0.014013647
      2.405116,   -0.004451,   -2.549982,   0.000000518,   0.002540434,   0.000012226,   0.002540464
      0.407597,    0.002723,    1.560244,   0.000000367,  -0.000211567,   0.000005722,   0.000211645
     -1.403837,   -0.000343,   -0.196716,   0.000000172,   0.001035590,   0.000003081,   0.001035595
     -6.218793,    0.005158,    2.955157,   0.000003345,   0.009657517,   0.000030308,   0.009657565
     -6.420000,    0.005154,    2.953121,   0.000003550,   0.004306409,   0.000039768,   0.004306594
      3.206428,   -0.007562,   -4.332673,   0.000002413,   0.017257010,   0.000000594,   0.017257010
      5.415390,    0.001364,    0.781262,  -0.000000221,   0.015833692,   0.000007812,   0.015833694
     -4.408598,    0.005506,    3.154683,   0.000000341,   0.015398075,   0.000010163,   0.015398079
      2.605749,   -0.004452,   -2.550580,   0.000000275,   0.002716917,   0.000013374,   0.002716950
      0.206083,    0.002729,    1.563424,   0.000000267,   0.000880996,   0.000002870,   0.000881000
     -1.203151,   -0.000343,   -0.196711,   0.000000129,  -0.000991282,   0.000006790,   0.000991306
     -6.218142,    0.004814,    2.758255,   0.000003031,   0.008638715,   0.000031043,   0.008638772
      3.406521,   -0.007568,   -4.336176,   0.000002249,   0.018700572,   0.000000260,   0.018700572
      5.414904,    0.001707,    0.978158,  -0.000000290,   0.015473119,   0.000008814,   0.015473121
     -4.608963,    0.005506,    3.154936,   0.000000174,   0.017504389,   0.000009056,   0.017504392
      2.805496,   -0.004457,   -2.553459,   0.000000013,   0.003625137,   0.000013010,   0.003625160
      0.005533,    0.002733,    1.565899,  -0.000000001,   0.001200419,   0.000001885,   0.001200420
     -1.004224,   -0.000344,   -0.196953,   0.000000033,  -0.002463854,   0.000009203,   0.002463871
     -6.420000,    0.004811,    2.756246,   0.000003243,   0.003199166,   0.000040879,   0.003199429
      3.606956,   -0.007574,   -4.339365,   0.000001914,   0.019069036,   0.000000922,   0.019069036
      5.415039,    0.002053,    1.176350,  -0.000000332,   0.016495178,   0.000007536,   0.016495179
      3.005297,   -0.004461,   -2.556105,  -0.000000247,   0.005163998,   0.000011302,   0.005164010
     -0.193816,    0.002727,    1.562343,  -0.000000261,   0.000891861,   0.000002821,   0.000891865
     -0.804342,   -0.000343,   -0.196537,  -0.000000065,  -0.002901844,   0.000009482,   0.002901860
     -6.218364,    0.004470,    2.561166,   0.000002545,   0.008446006,   0.000030333,   0.008446061
      4.811730,   -0.001395,   -0.799282,   0.000000270,   0.011518434,   0.000010571,   0.011518439
     -6.420000,    0.004467,    2.559371,   0.000002765,   0.002854213,   0.000040577,   0.002854502
      4.811656,   -0.001051,   -0.602041,   0.000000347,   0.012634145,   0.000008436,   0.012634147
      3.807885,   -0.007567,   -4.335837,   0.000002293,   0.019082494,   0.000001863,   0.019082495
      5.413422,    0.002401,    1.375877,  -0.000000351,   0.018845714,   0.000004072,   0.018845714
      3.205758,   -0.004468,   -2.559959,  -0.000000407,   0.006826187,   0.000009145,   0.006826193
     -0.392090,    0.002722,    1.559628,  -0.000000370,  -0.000166603,   0.000005573,   0.000166697
     -0.603849,   -0.000343,   -0.196691,  -0.000000171,  -0.002237526,   0.000007484,   0.002237539
     -6.217677,    0.004126,    2.364156,   0.000001961,   0.008827908,   0.000028614,   0.008827954
      4.008428,   -0.007566,   -4.334772,   0.000002674,   0.019166859,   0.000003190,   0.019166859
      5.411429,    0.002752,    1.576541,  -0.000000361,   0.021197343,   0.000000769,   0.021197343
      4.810504,   -0.000704,   -0.403509,   0.000000333,   0.014037270,   0.000005863,   0.014037271
      3.406015,   -0.004473,   -2.563010,  -0.000000366,   0.008112862,   0.000007539,   0.008112865
     -0.590955,    0.002719,    1.557688,  -0.000000305,  -0.001508395,   0.000008929,   0.001508421
     -0.402809,   -0.000343,   -0.196408,  -0.000000225,  -0.000849705,   0.000003875,   0.000849713
     -6.420000,    0.004123,    2.362496,   0.000002193,   0.002954346,   0.000039419,   0.002954610
      4.209186,   -0.007567,   -4.335381,   0.000003090,   0.019741853,   0.000004045,   0.019741853
      5.406174,    0.003103,    1.778074,   0.000000000,   0.022094500,   0.000000000,   0.022094500
      4.808675,   -0.000358,   -0.205020,   0.000000210,   0.015178943,   0.000003826,   0.015178944
      3.606069,   -0.004478,   -2.565714,   0.000000005,   0.008882731,   0.000007186,   0.008882734
     -0.790172,    0.002717,    1.556817,  -0.000000171,  -0.002147638,   0.000010833,   0.002147666
     -0.201833,   -0.000342,   -0.195702,   0.000000000,   0.000000000,   0.000000000,   0.000000000
     -6.217120,    0.003783,    2.167228,   0.000001382,   0.009222704,   0.000026897,   0.009222744
     -6.420000,    0.003780,    2.165622,   0.000001630,   0.003076354,   0.000038149,   0.003076591
      4.409103,   -0.007565,   -4.334641,   0.000003349,   0.021314700,   0.000003637,   0.021314701
      5.392800,    0.003464,    1.984497,   0.000000000,   0.022094500,   0.000000000,   0.022094500
      4.807517,   -0.000012,   -0.006829,  -0.000000004,   0.015673589,   0.000002933,   0.015673590
      3.806087,   -0.004480,   -2.566943,   0.000000478,   0.009155091,   0.000008477,   0.009155095
     -0.991180,    0.002717,    1.556941,  -0.000000008,  -0.001743901,   0.000010677,   0.001743934
     -0.001646,   -0.000343,   -0.196386,   0.000000000,   0.000000000,   0.000000000,   0.000000000
     -6.216965,    0.003439,    1.970327,   0.000000931,   0.009107341,   0.000026097,   0.009107378
      4.609378,   -0.007564,   -4.334115,   0.000003438,   0.023819387,   0.000002192,   0.023819387
      5.404075,    0.003791,    2.172218,   0.000000000,   0.022094500,   0.000000000,   0.022094500
      4.809071,    0.000330,    0.189213,  -0.000000218,   0.015196823,   0.000003840,   0.015196823
      4.006424,   -0.004481,   -2.567424,   0.000000804,   0.009448269,   0.000010492,   0.009448275
     -1.196195,    0.002719,    1.557823,   0.000000132,  -0.000292129,   0.000008444,   0.000292251
      0.200091,   -0.000344,   -0.197085,   0.000000000,   0.000000000,   0.000000000,   0.000000000
     -6.420000,    0.003436,    1.968747,   0.000001179,   0.002843633,   0.000037479,   0.002843881
      4.809597,   -0.007566,   -4.335178,   0.000003322,   0.026898877,   0.000000259,   0.026898877
      5.408579,    0.004130,    2.366095,  -0.000000502,   0.021906875,   0.000001914,   0.021906875
      4.811432,    0.000677,    0.387768,  -0.000000343,   0.014070647,   0.000005898,   0.014070649
     -1.397936,    0.002728,    1.562982,   0.000000207,   0.001774081,   0.000004953,   0.001774088
      0.399657,   -0.000344,   -0.196907,   0.000000226,  -0.000833993,   0.000003827,   0.000834001
     -6.217381,    0.003095,    1.773399,   0.000000680,   0.008298400,   0.000026598,   0.008298442
     -4.005288,    0.004132,    2.367643,   0.000000930,   0.010245285,   0.000007944,   0.010245288
     -6.420000,    0.003093,    1.771872,   0.000000900,   0.002021827,   0.000037882,   0.002022182
      5.009708,   -0.007570,   -4.337276,   0.000002980,   0.029918242,  -0.000001115,   0.029918242
      5.409593,    0.004469,    2.560455,  -0.000001090,   0.021168046,   0.000004963,   0.021168046
      4.813010,    0.001020,    0.584475,  -0.000000364,   0.012693809,   0.000008468,   0.012693812
     -1.599163,    0.002737,    1.568033,   0.000000227,   0.003289924,   0.000002346,   0.003289925
      0.600216,   -0.000344,   -0.197090,   0.000000178,  -0.002217280,   0.000007431,   0.002217292
     -4.003972,    0.003789,    2.170827,   0.000000445,   0.010608532,   0.000006093,   0.010608534
     -6.218036,    0.002751,    1.576420,   0.000000604,   0.006795709,   0.000028418,   0.006795769
      5.210166,   -0.007574,   -4.339598,   0.000002257,   0.031704822,  -0.000000786,   0.031704822
      5.410447,    0.004813,    2.757863,  -0.000001410,   0.020852036,   0.000007346,   0.020852037
      4.813484,    0.001368,    0.784010,  -0.000000292,   0.011583896,   0.000010645,   0.011583901
     -1.800217,    0.002740,    1.569948,   0.000000125,   0.003690413,   0.000001778,   0.003690413
      0.801074,   -0.000345,   -0.197824,   0.000000072,  -0.002899426,   0.000009467,   0.002899441
     -6.420000,    0.002749,    1.574998,   0.000000782,   0.000713335,   0.000039263,   0.000714415
     -4.002953,    0.003446,    1.974283,  -0.000000145,   0.010690813,   0.000004526,   0.010690814
      5.411113,   -0.007579,   -4.342216,   0.000001218,   0.032154855,   0.000000068,   0.032154855
      5.410924,    0.005157,    2.954924,  -0.000001574,   0.021980070,   0.000007370,   0.021980071
      4.813971,    0.001714,    0.982110,  -0.000000183,   0.011399563,   0.000011345,   0.011399569
     -2.000335,    0.002737,    1.567940,  -0.000000195,   0.003439581,   0.000003023,   0.003439582
      1.001058,   -0.000345,   -0.197806,  -0.000000025,  -0.002475665,   0.000009217,   0.002475682
     -6.218638,    0.002407,    1.379390,   0.000000620,   0.005036184,   0.000030815,   0.005036278
     -4.004631,    0.003097,    1.774626,  -0.000000392,   0.010364353,   0.000004768,   0.010364354
     -6.420000,    0.002405,    1.378123,   0.000000756,  -0.000787753,   0.000041142,   0.000788827
      5.612036,   -0.007576,   -4.340481,   0.000000690,   0.031653264,   0.000000714,   0.031653264
      5.410105,    0.005504,    3.153646,  -0.000001565,   0.024496317,   0.000005262,   0.024496318
      4.813245,    0.002056,    1.178010,  -0.000000060,   0.012179372,   0.000010492,   0.012179377
     -2.201672,    0.002730,    1.564453,  -0.000000365,   0.002590063,   0.000006060,   0.002590070
      1.201149,   -0.000346,   -0.198411,  -0.000000120,  -0.001006550,   0.000006813,   0.001006573
     -4.005678,    0.002748,    1.574607,  -0.000000473,   0.009102510,   0.000006619,   0.009102512
     -6.219077,    0.002064,    1.182326,   0.000000642,   0.003567689,   0.000032814,   0.003567840
      5.814304,   -0.007572,   -4.338489,   0.000000375,   0.029264707,   0.000003695,   0.029264707
      5.409187,    0.005852,    3.353131,  -0.000001391,   0.028188699,   0.000001542,   0.028188699
      4.810744,    0.002398,    1.374011,   0.000000059,   0.013779268,   0.000008315,   0.013779270
     -2.402111,    0.002727,    1.562541,  -0.000000296,   0.001663500,   0.000009433,   0.001663527
      1.400924,   -0.000347,   -0.198708,  -0.000000164,   0.001015500,   0.000003118,   0.001015504
     -6.420000,    0.002062,    1.181248,   0.000000750,  -0.002050623,   0.000042764,   0.002051069
     -4.007944,    0.002400,    1.375346,  -0.000000250,   0.007216357,   0.000009830,   0.007216364
      5.405923,    0.006204,    3.554555,  -0.000000951,   0.031566486,  -0.000000900,   0.031566486
      4.808324,    0.002744,    1.572093,   0.000000081,   0.015590216,   0.000005831,   0.015590217
     -2.602447,    0.002726,    1.561899,  -0.000000158,   0.001568258,   0.000011117,   0.001568297
      1.599901,   -0.000346,   -0.197990,   0.000000000,   0.002192160,   0.000000000,   0.002192160
     -6.218971,    0.001720,    0.985373,   0.000000628,   0.002815144,   0.000033657,   0.002815346
     -5.811389,    0.007228,    4.141112,   0.000000238,   0.030829663,   0.000001408,   0.030829663
     -4.008404,    0.002053,    1.176142,  -0.000000039,   0.005580372,   0.000012428,   0.005580386
     -6.420000,    0.001718,    0.984374,   0.000000718,  -0.002686374,   0.000043417,   0.002686725
      4.804812,    0.003090,    1.770285,  -0.000000021,   0.017000170,   0.000004142,   0.017000171
     -2.802777,    0.002728,    1.562958,   0.000000008,   0.002573463,   0.000010651,   0.002573485
     -5.808990,    0.006886,    3.945517,   0.000000340,   0.031110868,   0.000000437,   0.031110868
      5.404924,   -0.006569,   -3.763868,   0.000000000,   0.032451700,   0.000000000,   0.032451700
     -4.008491,    0.001708,    0.978606,   0.000000158,   0.004702738,   0.000013521,   0.004702758
     -6.218216,    0.001376,    0.788176,   0.000000573,   0.003034267,   0.000032885,   0.003034445
      4.805496,    0.003434,    1.967381,  -0.000000194,   0.017773010,   0.000003646,   0.017773010
     -3.002955,    0.002730,    1.564212,   0.000000148,   0.004559927,   0.000008230,   0.004559934
     -6.420000,    0.001374,    0.787499,   0.000000645,  -0.002570441,   0.000042859,   0.002570798
     -5.811157,    0.006542,    3.748546,   0.000001270,   0.030330978,   0.000000338,   0.030330978
      5.409870,   -0.006217,   -3.562309,   0.000000941,   0.031168434,  -0.000000865,   0.031168434
     -4.008509,    0.001360,    0.779249,   0.000000354,   0.004778872,   0.000012777,   0.004778889
      1.600902,   -0.000003,   -0.001844,   0.000000000,   0.002192160,   0.000000000,   0.002192160
      4.803739,    0.003779,    2.164976,  -0.000000372,   0.017583505,   0.000004904,   0.017583505
     -6.218478,    0.001031,    0.590924,   0.000000479,   0.003964435,   0.000030956,   0.003964556
     -5.813475,    0.006197,    3.550856,   0.000002307,   0.027762888,   0.000003624,   0.027762888
      5.412267,   -0.005870,   -3.363435,   0.000001349,   0.027865486,   0.000001511,   0.027865486
     -4.007970,    0.001015,    0.581448,   0.000000544,   0.005668279,   0.000010443,   0.005668289
      3.205218,   -0.001370,   -0.784870,  -0.000000092,   0.001778500,   0.000011784,   0.001778539
     -1.599908,   -0.000001,   -0.000809,   0.000000000,   0.002194520,   0.000000000,   0.002194520
     -6.420000,    0.001031,    0.590624,   0.000000534,  -0.001800704,   0.000041244,   0.001801176
      3.206369,   -0.001026,   -0.587838,  -0.000000217,   0.003242618,   0.000008854,   0.003242631
      4.806929,    0.004123,    2.362108,  -0.000000485,   0.017072286,   0.000006853,   0.017072287
     -5.815011,    0.005854,    3.354284,   0.000002745,   0.024090327,   0.000008365,   0.024090329
      5.413002,   -0.005522,   -3.163774,   0.000001509,   0.024210741,   0.000005186,   0.024210742
     -4.006791,    0.000669,    0.383584,   0.000000713,   0.006928234,   0.000007342,   0.006928238
     -6.217868,    0.000687,    0.393792,   0.000000351,   0.005271016,   0.000028450,   0.005271092
      4.806457,    0.004467,    2.559441,  -0.000000548,   0.016594288,   0.000008827,   0.016594291
      3.202144,   -0.000693,   -0.396998,  -0.000000237,   0.005128595,   0.000005249,   0.005128598
     -6.420000,    0.000687,    0.393749,   0.000000387,  -0.000757689,   0.000039234,   0.000758704
     -5.816163,    0.005507,    3.155465,   0.000002809,   0.020729169,   0.000012493,   0.020729173
      5.412368,   -0.005180,   -2.967683,   0.000001507,   0.021754461,   0.000007235,   0.021754462
     -4.005266,    0.000325,    0.186223,   0.000000423,   0.007799260,   0.000005375,   0.007799262
      1.402369,   -0.000005,   -0.002800,   0.000000001,   0.001361288,   0.000002300,   0.001361290
      4.807983,    0.004812,    2.757138,  -0.000000533,   0.016708315,   0.000009967,   0.016708318
      3.200938,   -0.000353,   -0.202347,  -0.000000116,   0.006510224,   0.000002659,   0.006510224
     -6.217292,    0.000343,    0.196722,   0.000000190,   0.006369253,   0.000026397,   0.006369307
     -5.815477,    0.005163,    2.958452,   0.000002665,   0.018430527,   0.000014830,   0.018430533
      5.413004,   -0.004836,   -2.770942,   0.000001350,   0.020634927,   0.000007227,   0.020634928
     -4.004578,   -0.000019,   -0.010808,   0.000000009,   0.008021443,   0.000004437,   0.008021444
      1.201889,   -0.000004,   -0.002541,   0.000000003,  -0.000539444,   0.000005985,   0.000539478
     -6.420000,    0.000344,    0.196875,   0.000000209,   0.000111527,   0.000037600,   0.000117695
      4.808520,    0.005157,    2.954853,  -0.000000395,   0.017850724,   0.000009455,   0.017850726
      3.199829,   -0.000011,   -0.006363,  -0.000000001,   0.006891218,   0.000001847,   0.006891218
     -5.815375,    0.004821,    2.761948,   0.000002376,   0.017429262,   0.000014991,   0.017429269
      5.411589,   -0.004492,   -2.573990,   0.000001039,   0.020952089,   0.000004871,   0.020952089
     -4.007301,   -0.000366,   -0.209679,  -0.000000421,   0.007802613,   0.000005407,   0.007802615
      1.002378,   -0.000004,   -0.002435,   0.000000004,  -0.002125569,   0.000008586,   0.002125587
     -6.217072,   -0.000001,   -0.000325,   0.000000011,   0.006765846,   0.000025647,   0.006765894
      3.202034,    0.000331,    0.189902,   0.000000119,   0.006546368,   0.000002632,   0.006546368
     -6.420000,    0.000000,   -0.000000,   0.000000014,   0.000459363,   0.000036949,   0.000460846
     -5.814657,    0.004477,    2.565009,   0.000001977,   0.017736697,   0.000012944,   0.017736702
      5.409952,   -0.004149,   -2.377166,   0.000000451,   0.021690626,   0.000001828,   0.021690626
      4.809222,   -0.005513,   -3.158749,   0.000000078,   0.019561354,   0.000007344,   0.019561355
     -4.009961,   -0.000717,   -0.410741,  -0.000000699,   0.006924202,   0.000007402,   0.006924206
      0.802482,   -0.000004,   -0.002186,   0.000000005,  -0.002562735,   0.000008857,   0.002562751
      3.204590,    0.000675,    0.386766,   0.000000258,   0.005201679,   0.000005200,   0.005201682
     -6.217455,   -0.000344,   -0.197354,  -0.000000167,   0.006366281,   0.000026380,   0.006366336
     -5.813558,    0.004133,    2.368097,   0.000001456,   0.018985725,   0.000009374,   0.018985728
      5.405682,   -0.003806,   -2.180886,   0.000000000,   0.021855300,   0.000000000,   0.021855300
      4.810087,   -0.005167,   -2.960443,   0.000000330,   0.017487762,   0.000009432,   0.017487764
     -4.008066,   -0.001055,   -0.604652,  -0.000000521,   0.005718906,   0.000010335,   0.005718916
      0.602284,   -0.000003,   -0.001966,   0.000000005,  -0.001798105,   0.000006703,   0.001798117
     -6.420000,   -0.000344,   -0.196875,  -0.000000180,   0.000109877,   0.000037578,   0.000116125
      3.204972,    0.001017,    0.582752,   0.000000240,   0.003261589,   0.000008939,   0.003261601
     -5.811132,    0.003790,    2.171270,   0.000000710,   0.020089220,   0.000006418,   0.020089221
      5.392800,   -0.003464,   -1.984497,   0.000000000,   0.021855300,   0.000000000,   0.021855300
      4.810582,   -0.004823,   -2.763290,   0.000000472,   0.016407162,   0.000009893,   0.016407165
     -4.007043,   -0.001396,   -0.799771,  -0.000000333,   0.004880737,   0.000012544,   0.004880753
      0.400965,   -0.000003,   -0.001650,   0.000000007,  -0.000534637,   0.000003030,   0.000534645
     -6.218110,   -0.000688,   -0.394361,  -0.000000324,   0.005261375,   0.000028422,   0.005261452
      3.206109,    0.001361,    0.779609,   0.000000117,   0.001869586,   0.000011802,   0.001869623
     -6.420000,   -0.000687,   -0.393749,  -0.000000354,  -0.000767856,   0.000039204,   0.000768857
     -5.809133,    0.003446,    1.974318,   0.000000162,   0.020411156,   0.000004722,   0.020411157
      5.406417,   -0.003122,   -1.788991,   0.000000000,   0.021855300,   0.000000000,   0.021855300
      4.810257,   -0.004480,   -2.566617,   0.000000495,   0.016343043,   0.000008727,   0.016343045
     -4.008226,   -0.001737,   -0.995187,  -0.000000144,   0.004835824,   0.000013228,   0.004835842
      0.200406,   -0.000002,   -0.001271,   0.000000000,   0.000000000,   0.000000000,   0.000000000
      3.205919,    0.001705,    0.976638,  -0.000000028,   0.001585477,   0.000012765,   0.001585528
     -6.218668,   -0.001032,   -0.591376,  -0.000000447,   0.003940791,   0.000030931,   0.003940913
     -5.811637,    0.003101,    1.776977,   0.000000207,   0.019800502,   0.000005102,   0.019800502
      5.411560,   -0.002780,   -1.593094,   0.000000343,   0.020983458,   0.000000792,   0.020983458
      4.808553,   -0.004138,   -2.371083,   0.000000446,   0.016807128,   0.000006806,   0.016807129
     -4.006956,   -0.002080,   -1.191989,   0.000000051,   0.005706109,   0.000012126,   0.005706122
      0.000001,    0.000000,    0.000001,   0.000000000,   0.000000000,   0.000000000,   0.000000000
     -6.420000,   -0.001031,   -0.590624,  -0.000000498,  -0.001830519,   0.000041227,   0.001830983
      3.205709,    0.002049,    1.174241,  -0.000000165,   0.002543569,   0.000011567,   0.002543596
     -5.814139,    0.002757,    1.579463,   0.000000367,   0.017757200,   0.000008145,   0.017757201
      5.413673,   -0.002438,   -1.396661,   0.000000319,   0.018733355,   0.000003987,   0.018733355
      4.807230,   -0.003797,   -2.175460,   0.000000345,   0.017358324,   0.000004853,   0.017358325
     -4.005728,   -0.002422,   -1.387680,   0.000000255,   0.007285833,   0.000009608,   0.007285839
     -0.201699,   -0.000001,   -0.000489,   0.000000000,   0.000000000,   0.000000000,   0.000000000
     -6.219090,   -0.001376,   -0.788445,  -0.000000537,   0.002962799,   0.000032923,   0.002962982
      3.205471,    0.002395,    1.372452,  -0.000000273,   0.004584817,   0.000008509,   0.004584824
     -6.420000,   -0.001374,   -0.787499,  -0.000000605,  -0.002631451,   0.000042876,   0.002631800
     -5.815940,    0.002413,    1.382488,   0.000000486,   0.014982973,   0.000012497,   0.014982978
      5.414034,   -0.002091,   -1.198110,   0.000000294,   0.016447429,   0.000007379,   0.016447431
      4.806016,   -0.003458,   -1.981168,   0.000000178,   0.017516916,   0.000003671,   0.017516916
     -4.004148,   -0.002764,   -1.583931,   0.000000469,   0.009102720,   0.000006525,   0.009102723
     -0.401546,   -0.000002,   -0.001227,   0.000000001,  -0.000540883,   0.000003045,   0.000540891
     -6.218971,   -0.001721,   -0.986084,  -0.000000591,   0.002727913,   0.000033702,   0.002728121
     -5.816783,    0.002065,    1.183302,   0.000000505,   0.012808126,   0.000015797,   0.012808136
      5.414638,   -0.001747,   -1.000699,   0.000000251,   0.015457645,   0.000008649,   0.015457647
      4.807428,   -0.003115,   -1.784679,   0.000000009,   0.016818538,   0.000004099,   0.016818538
     -4.002997,   -0.003108,   -1.780861,   0.000000392,   0.010318010,   0.000004747,   0.010318011
      3.202602,   -0.002752,   -1.576895,   0.000000297,   0.006768250,   0.000004866,   0.006768251
     -0.601430,   -0.000002,   -0.001090,  -0.000000002,  -0.001797136,   0.000006697,   0.001797149
     -6.420000,   -0.001718,   -0.984374,  -0.000000677,  -0.002786164,   0.000043484,   0.002786503
     -5.816049,    0.001721,    0.986104,   0.000000471,   0.011829528,   0.000017034,   0.011829540
      4.809355,   -0.002772,   -1.588351,  -0.000000095,   0.015431698,   0.000005778,   0.015431699
     -4.001630,   -0.003451,   -1.977515,   0.000000149,   0.010640433,   0.000004513,   0.010640434
      3.203765,   -0.002406,   -1.378571,   0.000000300,   0.004305570,   0.000008666,   0.004305579
     -0.801908,   -0.000002,   -0.001168,  -0.000000002,  -0.002566125,   0.000008865,   0.002566140
     -6.218167,   -0.002066,   -1.183474,  -0.000000606,   0.003468938,   0.000032860,   0.003469093
     -5.201923,   -0.006553,   -3.754386,   0.000000000,   0.032648500,   0.000000000,   0.032648500
     -6.420000,   -0.002062,   -1.181248,  -0.000000710,  -0.002190017,   0.000042882,   0.002190437
     -5.816082,    0.001377,    0.788983,   0.000000403,   0.012160407,   0.000016032,   0.012160417
      4.810698,   -0.002431,   -1.393144,  -0.000000081,   0.013670488,   0.000008214,   0.013670491
     -4.002836,   -0.003794,   -2.173747,  -0.000000438,   0.010555740,   0.000006053,   0.010555742
      3.205022,   -0.002060,   -1.180432,   0.000000193,   0.002328995,   0.000011668,   0.002329024
     -1.002459,   -0.000002,   -0.001304,  -0.000000001,  -0.002128192,   0.000008595,   0.002128209
     -5.002507,   -0.006546,   -3.750417,   0.000000195,   0.030895995,  -0.000004044,   0.030895995
     -6.218870,   -0.002409,   -1.380512,  -0.000000589,   0.004875401,   0.000030951,   0.004875499
     -5.815001,    0.001033,    0.591714,   0.000000323,   0.013707212,   0.000012939,   0.013707218
      4.810499,   -0.002086,   -1.194954,   0.000000033,   0.012051263,   0.000010431,   0.012051267
     -4.004008,   -0.004137,   -2.370103,  -0.000000901,   0.010177760,   0.000007896,   0.010177763
      3.204791,   -0.001715,   -0.982801,   0.000000056,   0.001429064,   0.000012812,   0.001429121
     -1.201479,   -0.000002,   -0.001143,   0.000000000,  -0.000545756,   0.000006001,   0.000545789
     -6.420000,   -0.002405,   -1.378123,  -0.000000721,  -0.000959990,   0.000041299,   0.000960879
     -4.804206,   -0.006545,   -3.749817,  -0.000000037,   0.027345227,  -0.000001826,   0.027345227
     -5.813935,    0.000688,    0.394284,   0.000000258,   0.015957053,   0.000008661,   0.015957055
      4.810769,   -0.001739,   -0.996302,   0.000000159,   0.011288938,   0.000011288,   0.011288944
     -1.401154,   -0.000001,   -0.000854,   0.000000004,   0.001352752,   0.000002325,   0.001352754
     -6.217820,   -0.002753,   -1.577446,  -0.000000579,   0.006627404,   0.000028547,   0.006627466
     -4.605204,   -0.006540,   -3.747151,  -0.000000259,   0.023955527,   0.000000617,   0.023955527
      4.004292,    0.004125,    2.363320,  -0.000000946,   0.010139071,   0.000008020,   0.010139074
     -3.005693,   -0.002747,   -1.574010,  -0.000000123,   0.004620441,   0.000008007,   0.004620448
     -6.420000,   -0.002749,   -1.574998,  -0.000000752,   0.000519544,   0.000039439,   0.000521039
     -5.811437,    0.000344,    0.196861,   0.000000129,   0.017661009,   0.000005493,   0.017661010
     -4.404691,   -0.006543,   -3.748658,  -0.000000385,   0.021427257,   0.000002167,   0.021427257
     -4.607744,   -0.005511,   -3.157649,  -0.000000137,   0.017367027,   0.000008999,   0.017367029
      3.802579,    0.004126,    2.364220,  -0.000000563,   0.010065306,   0.000004814,   0.010065308
     -2.805584,   -0.002743,   -1.571393,   0.000000017,   0.002599988,   0.000010464,   0.002600009
     -6.217212,   -0.003097,   -1.774459,  -0.000000661,   0.008119201,   0.000026727,   0.008119245
     -5.809382,   -0.000001,   -0.000581,   0.000000002,   0.018155062,   0.000004463,   0.018155063
     -6.420000,   -0.003093,   -1.771872,  -0.000000875,   0.001816551,   0.000038056,   0.001816950
     -4.203937,   -0.006540,   -3.747423,  -0.000000377,   0.020094841,   0.000002109,   0.020094841
     -4.406677,   -0.005509,   -3.156659,  -0.000000304,   0.015232030,   0.000010132,   0.015232033
      3.602170,    0.004127,    2.364773,   0.000000208,   0.010021543,   0.000003142,   0.010021544
     -2.605266,   -0.002742,   -1.570995,   0.000000181,   0.001562502,   0.000010968,   0.001562541
     -5.811871,   -0.000347,   -0.198571,  -0.000000119,   0.017659771,   0.000005475,   0.017659771
     -6.217019,   -0.003441,   -1.971518,  -0.000000916,   0.008916474,   0.000026229,   0.008916513
     -4.002945,   -0.006544,   -3.749468,  -0.000000290,   0.019940513,   0.000000563,   0.019940513
     -4.205504,   -0.005509,   -3.156153,  -0.000000471,   0.013814646,   0.000010254,   0.013814650
      3.402858,    0.004118,    2.359659,   0.000000472,   0.009649355,   0.000003503,   0.009649356
     -2.405393,   -0.002738,   -1.568616,   0.000000318,   0.001594540,   0.000009364,   0.001594567
     -6.420000,   -0.003436,   -1.968747,  -0.000001157,   0.002632781,   0.000037642,   0.002633050
     -5.814490,   -0.000693,   -0.396875,  -0.000000241,   0.015954309,   0.000008628,   0.015954312
     -3.801744,   -0.006550,   -3.753006,   0.000000000,   0.020025100,   0.000000000,   0.020025100
     -4.005202,   -0.005509,   -3.156332,  -0.000000552,   0.013071593,   0.000009532,   0.013071596
      3.200561,    0.004113,    2.356406,   0.000000426,   0.008163103,   0.000005992,   0.008163105
     -2.205825,   -0.002741,   -1.570525,   0.000000390,   0.002483849,   0.000006026,   0.002483856
     -6.217443,   -0.003785,   -2.168575,  -0.000001367,   0.009017228,   0.000027038,   0.009017269
     -5.816356,   -0.001039,   -0.595414,  -0.000000301,   0.013671653,   0.000012948,   0.013671659
     -6.420000,   -0.003780,   -2.165622,  -0.000001607,   0.002859665,   0.000038301,   0.002859922
     -3.600354,   -0.006559,   -3.758075,   0.000000000,   0.020025100,   0.000000000,   0.020025100
     -3.804366,   -0.005510,   -3.156746,  -0.000000480,   0.012678371,   0.000008511,   0.012678373
      2.999988,    0.004106,    2.352655,   0.000000188,   0.006022262,   0.000009249,   0.006022269
     -2.004479,   -0.002740,   -1.569890,   0.000000214,   0.003273978,   0.000003045,   0.003273979
     -5.817158,   -0.001386,   -0.794129,  -0.000000379,   0.012107387,   0.000016051,   0.012107398
     -6.218128,   -0.004129,   -2.365600,  -0.000001943,   0.008608112,   0.000028763,   0.008608160
     -3.400694,   -0.006542,   -3.748463,   0.000000000,   0.020025100,   0.000000000,   0.020025100
     -3.603851,   -0.005505,   -3.153902,  -0.000000260,   0.012118947,   0.000007942,   0.012118950
      2.801347,    0.004105,    2.351828,  -0.000000013,   0.004244923,   0.000011390,   0.004244938
     -1.802543,   -0.002740,   -1.569937,  -0.000000120,   0.003507256,   0.000001809,   0.003507257
     -6.420000,   -0.004123,   -2.362496,  -0.000002166,   0.002727359,   0.000039571,   0.002727647
     -5.816414,   -0.001730,   -0.991380,  -0.000000445,   0.011772290,   0.000017035,   0.011772302
     -3.201958,   -0.006531,   -3.741987,   0.000000110,   0.018373189,  -0.000001925,   0.018373190
     -3.404042,   -0.005501,   -3.151572,   0.000000012,   0.011207703,   0.000008016,   0.011207706
      2.601212,    0.004103,    2.350788,  -0.000000226,   0.003237885,   0.000011864,   0.003237906
     -1.604479,   -0.002734,   -1.566269,  -0.000000229,   0.003108495,   0.000002381,   0.003108496
     -6.218745,   -0.004473,   -2.562591,  -0.000002521,   0.008215377,   0.000030486,   0.008215434
     -5.816616,   -0.002075,   -1.188899,  -0.000000479,   0.012741558,   0.000015790,   0.012741568
     -6.420000,   -0.004467,   -2.559371,  -0.000002734,   0.002610854,   0.000040742,   0.002611173
     -3.002111,   -0.006526,   -3.738933,  -0.000000077,   0.015649843,   0.000000279,   0.015649843
     -3.202877,   -0.005496,   -3.148848,   0.000000194,   0.009768062,   0.000008932,   0.009768066
      2.401120,    0.004105,    2.351909,  -0.000000427,   0.003122655,   0.000010484,   0.003122673
     -1.405057,   -0.002728,   -1.562882,  -0.000000217,   0.001656757,   0.000004898,   0.001656764
     -5.815514,   -0.002419,   -1.386135,  -0.000000461,   0.014878406,   0.000012527,   0.014878412
     -6.218110,   -0.004816,   -2.759458,  -0.000003001,   0.008403381,   0.000031188,   0.008403440
     -2.801286,   -0.006522,   -3.736856,  -0.000000276,   0.013482667,   0.000002054,   0.013482667
     -3.002789,   -0.005491,   -3.145868,   0.000000188,   0.008128916,   0.000010188,   0.008128923
      2.201421,    0.004109,    2.354284,  -0.000000652,   0.003689761,   0.000007342,   0.003689768
     -1.204885,   -0.002724,   -1.560545,  -0.000000145,  -0.000348845,   0.000008317,   0.000348944
     -6.420000,   -0.004811,   -2.756246,  -0.000003208,   0.002934707,   0.000041069,   0.002934997
     -5.814294,   -0.002763,   -1.583279,  -0.000000348,   0.017623438,   0.000008205,   0.017623440
     -2.602031,   -0.006521,   -3.736424,  -0.000000397,   0.012390983,   0.000002586,   0.012390983
     -2.803605,   -0.005486,   -3.142962,   0.000000025,   0.006687448,   0.000011204,   0.006687457
      2.000531,    0.004114,    2.357113,  -0.000000439,   0.004214041,   0.000004267,   0.004214043
     -1.005695,   -0.002722,   -1.559482,  -0.000000013,  -0.001780341,   0.000010549,   0.001780372
     -6.217646,   -0.005161,   -2.956943,  -0.000003311,   0.009437947,   0.000030416,   0.009437996
     -5.811592,   -0.003108,   -1.780531,  -0.000000198,   0.019659825,   0.000005157,   0.019659826
     -6.420000,   -0.005154,   -2.953121,  -0.000003513,   0.004018759,   0.000039988,   0.004018960
     -2.402014,   -0.006522,   -3.737091,  -0.000000429,   0.012470954,   0.000001626,   0.012470954
     -2.602541,   -0.005483,   -3.141456,  -0.000000220,   0.005789778,   0.000011455,   0.005789789
      1.800505,    0.004117,    2.358915,   0.000000114,   0.004323683,   0.000002996,   0.004323684
     -0.807032,   -0.002722,   -1.559557,   0.000000147,  -0.002229883,   0.000010825,   0.002229910
     -5.809427,   -0.003452,   -1.977842,  -0.000000163,   0.020261515,   0.000004778,   0.020261516
     -6.218033,   -0.005504,   -3.153518,  -0.000003399,   0.011403839,   0.000027982,   0.011403874
     -2.201268,   -0.006528,   -3.740292,  -0.000000369,   0.013494529,  -0.000000403,   0.013494529
     -2.401914,   -0.005487,   -3.143560,  -0.000000425,   0.005578786,   0.000010772,   0.005578796
      1.601446,    0.004109,    2.354194,   0.000000434,   0.004035967,   0.000003641,   0.004035969
     -0.607161,   -0.002725,   -1.561247,   0.000000285,  -0.001636014,   0.000009032,   0.001636039
     -6.420000,   -0.005498,   -3.149995,  -0.000003582,   0.005874335,   0.000037484,   0.005874455
     -5.811988,   -0.003796,   -2.175169,  -0.000000718,   0.019913595,   0.000006517,   0.019913596
     -2.000101,   -0.006538,   -3.745738,   0.000000000,   0.014192100,   0.000000000,   0.014192100
     -2.201925,   -0.005489,   -3.144841,  -0.000000504,   0.005820692,   0.000009539,   0.005820700
      1.400002,    0.004100,    2.349201,   0.000000456,   0.002854075,   0.000006244,   0.002854081
     -0.407407,   -0.002730,   -1.564234,   0.000000362,  -0.000300817,   0.000005701,   0.000300871
     -6.218089,   -0.005847,   -3.350074,  -0.000003198,   0.013979256,   0.000024426,   0.013979278
     -5.812854,   -0.004138,   -2.371042,  -0.000001447,   0.018827164,   0.000009418,   0.018827167
     -6.420000,   -0.005841,   -3.346870,  -0.000003372,   0.008291408,   0.000033950,   0.008291478
     -1.799072,   -0.006552,   -3.754144,   0.000000000,   0.014192100,   0.000000000,   0.014192100
     -2.001053,   -0.005491,   -3.146394,  -0.000000399,   0.006153977,   0.000008313,   0.006153982
      1.200010,    0.004095,    2.346197,   0.000000230,   0.001165087,   0.000009479,   0.001165125
     -0.205951,   -0.002735,   -1.566904,   0.000000265,   0.000789767,   0.000002861,   0.000789772
     -5.813377,   -0.004480,   -2.566606,  -0.000001955,   0.017584306,   0.000012953,   0.017584311
     -6.217509,   -0.006190,   -3.546574,  -0.000002708,   0.016687404,   0.000020599,   0.016687417
     -1.599171,   -0.006536,   -3.744905,   0.000000000,   0.014192100,   0.000000000,   0.014192100
     -1.800488,   -0.005492,   -3.146767,  -0.000000148,   0.006111453,   0.000007761,   0.006111458
      1.001462,    0.004093,    2.345229,   0.000000035,  -0.000081961,   0.000011434,   0.000082754
     -0.005544,   -0.002739,   -1.569417,   0.000000001,   0.001108943,   0.000001882,   0.001108945
     -6.420000,   -0.006185,   -3.543745,  -0.000002885,   0.010808057,   0.000030230,   0.010808100
     -5.814290,   -0.004824,   -2.764058,  -0.000002350,   0.017260250,   0.000015022,   0.017260256
     -1.400120,   -0.006526,   -3.738867,   0.000000207,   0.012873453,  -0.000001579,   0.012873453
     -1.600616,   -0.005489,   -3.144758,   0.000000128,   0.005558840,   0.000007989,   0.005558845
      0.800952,    0.004094,    2.345814,  -0.000000174,  -0.000534993,   0.000011693,   0.000535121
      0.193657,   -0.002732,   -1.565152,  -0.000000256,   0.000792017,   0.000002835,   0.000792022
     -6.217173,   -0.006533,   -3.743340,  -0.000002022,   0.018915873,   0.000017540,   0.018915881
     -5.814144,   -0.005167,   -2.960595,  -0.000002635,   0.018255710,   0.000014859,   0.018255716
     -6.420000,   -0.006529,   -3.740619,  -0.000002224,   0.012937341,   0.000027234,   0.012937370
     -1.199976,   -0.006521,   -3.736323,   0.000000101,   0.010688726,   0.000000556,   0.010688726
     -1.399409,   -0.005484,   -3.142178,   0.000000287,   0.004476457,   0.000009038,   0.004476466
      0.600234,    0.004098,    2.347856,  -0.000000376,  -0.000126636,   0.000010138,   0.000127041
      0.391857,   -0.002725,   -1.561509,  -0.000000363,  -0.000277682,   0.000005603,   0.000277739
     -5.813854,   -0.005512,   -3.158123,  -0.000002776,   0.020566913,   0.000012491,   0.020566917
     -6.216630,   -0.006876,   -3.939847,  -0.000001338,   0.020216894,   0.000016057,   0.020216901
     -0.998965,   -0.006518,   -3.734770,  -0.000000047,   0.009168288,   0.000002085,   0.009168288
     -1.199305,   -0.005480,   -3.139970,   0.000000252,   0.003268668,   0.000010324,   0.003268684
      0.399906,    0.004103,    2.350997,  -0.000000605,   0.000875196,   0.000006986,   0.000875224
      0.590699,   -0.002721,   -1.559158,  -0.000000294,  -0.001627226,   0.000008966,   0.001627251
     -6.420000,   -0.006872,   -3.937494,  -0.000001544,   0.014333276,   0.000025524,   0.014333299
     -5.813151,   -0.005856,   -3.355182,  -0.000002716,   0.023878666,   0.000008420,   0.023878667
     -0.799767,   -0.006518,   -3.734812,  -0.000000172,   0.008747515,   0.000002309,   0.008747516
     -1.000083,   -0.005477,   -3.138003,   0.000000070,   0.002333399,   0.000011261,   0.002333426
      0.198655,    0.004110,    2.354734,  -0.000000463,   0.001660534,   0.000004116,   0.001660539
      0.789928,   -0.002720,   -1.558683,  -0.000000157,  -0.002273073,   0.000010873,   0.002273099
     -6.217207,   -0.007218,   -4.135860,  -0.000000811,   0.020525914,   0.000016143,   0.020525920
     -5.812441,   -0.006200,   -3.552485,  -0.000002284,   0.027536567,   0.000003691,   0.027536567
     -6.420000,   -0.007216,   -4.134369,  -0.000000968,   0.014823679,   0.000025321,   0.014823701
     -0.599795,   -0.006520,   -3.735916,  -0.000000263,   0.009461190,   0.000001132,   0.009461190
     -0.799037,   -0.005476,   -3.137288,  -0.000000179,   0.001969420,   0.000011400,   0.001969453
     -0.001584,    0.004115,    2.357862,   0.000000019,   0.001842075,   0.000003134,   0.001842078
      0.990967,   -0.002721,   -1.559248,   0.000000009,  -0.001879539,   0.000010726,   0.001879569
     -5.810242,   -0.006545,   -3.749766,  -0.000001261,   0.030092919,   0.000000410,   0.030092919
     -6.218013,   -0.007561,   -4.332277,  -0.000000408,   0.019959211,   0.000017586,   0.019959219
     -0.399427,   -0.006527,   -3.739485,  -0.000000284,   0.011008237,  -0.000000925,   0.011008237
     -0.598456,   -0.005481,   -3.140158,  -0.000000370,   0.002257861,   0.000010644,   0.002257886
     -0.200779,    0.004108,    2.353495,   0.000000497,   0.001656470,   0.000004128,   0.001656475
      1.195635,   -0.002724,   -1.560822,   0.000000152,  -0.000440762,   0.000008504,   0.000440844
     -6.420000,   -0.007559,   -4.331243,  -0.000000479,   0.014533965,   0.000026245,   0.014533988
     -5.808846,   -0.006887,   -3.945909,  -0.000000348,   0.030867090,   0.000000492,   0.030867090
     -0.198701,   -0.006537,   -3.745222,   0.000000000,   0.012001800,   0.000000000,   0.012001800
     -0.398524,   -0.005484,   -3.142153,  -0.000000420,   0.002915311,   0.000009436,   0.002915326
     -0.401768,    0.004099,    2.348745,   0.000000630,   0.000864507,   0.000007000,   0.000864535
      1.397545,   -0.002735,   -1.567026,   0.000000232,   0.001622119,   0.000004998,   0.001622126
     -6.218801,   -0.007904,   -4.528833,   0.000000063,   0.018878577,   0.000019684,   0.018878587
     -5.811436,   -0.007228,   -4.141524,  -0.000000247,   0.030596732,   0.000001449,   0.030596732
     -6.420000,   -0.007903,   -4.528118,   0.000000099,   0.013691215,   0.000027876,   0.013691244
      0.001866,   -0.006552,   -3.753947,   0.000000000,   0.012001800,   0.000000000,   0.012001800
     -0.197679,   -0.005488,   -3.144372,  -0.000000282,   0.003578217,   0.000008334,   0.003578227
     -0.602110,    0.004095,    2.346087,   0.000000402,  -0.000145886,   0.000010157,   0.000146240
      1.599184,   -0.002745,   -1.572737,   0.000000251,   0.003133955,   0.000002370,   0.003133956
     -6.420000,   -0.008247,   -4.724993,   0.000000864,   0.012584719,   0.000029822,   0.012584754
      5.811499,    0.007224,    4.138765,  -0.000000227,   0.030806368,   0.000001374,   0.030806368
      0.202161,   -0.006536,   -3.744854,   0.000000000,   0.012001800,   0.000000000,   0.012001800
      0.002743,   -0.005490,   -3.145326,  -0.000000012,   0.003815020,   0.000007965,   0.003815028
     -0.801295,    0.004093,    2.345321,   0.000000205,  -0.000552337,   0.000011697,   0.000552461
      1.800324,   -0.002751,   -1.576017,   0.000000145,   0.003535022,   0.000001788,   0.003535023
     -6.219375,   -0.008247,   -4.724993,   0.000000842,   0.017645984,   0.000021878,   0.017645997
      5.608412,    0.007233,    4.144042,   0.000000000,   0.032855800,   0.000000000,   0.032855800
      0.401641,   -0.006526,   -3.738853,   0.000000269,   0.011034133,  -0.000000928,   0.011034133
      0.202534,   -0.005487,   -3.144032,   0.000000255,   0.003577392,   0.000008354,   0.003577402
     -1.001015,    0.004094,    2.345760,  -0.000000002,  -0.000094525,   0.000011430,   0.000095213
      2.000301,   -0.002748,   -1.574467,  -0.000000170,   0.003279728,   0.000003042,   0.003279730
      6.420000,    0.008247,    4.724993,   0.000000971,   0.012746262,   0.000029724,   0.012746296
      6.420000,    0.007901,    4.526770,   0.000000171,   0.013888131,   0.000027715,   0.013888159
      5.406184,    0.007245,    4.151129,   0.000000000,   0.032855800,   0.000000000,   0.032855800
      0.602121,   -0.006521,   -3.736306,   0.000000243,   0.009517887,   0.000001110,   0.009517887
      0.403720,   -0.005484,   -3.142080,   0.000000390,   0.002927173,   0.000009460,   0.002927188
     -1.201045,    0.004098,    2.348012,  -0.000000199,   0.001169831,   0.000009456,   0.001169870
      2.201472,   -0.002741,   -1.570740,  -0.000000331,   0.002420552,   0.000006100,   0.002420560
      6.218836,    0.007901,    4.526679,   0.000000132,   0.019066155,   0.000019570,   0.019066165
      6.219375,    0.008247,    4.724993,   0.000000948,   0.017792743,   0.000021838,   0.017792756
      5.204887,    0.007230,    4.142269,   0.000000000,   0.032855800,   0.000000000,   0.032855800
      0.803267,   -0.006518,   -3.734768,   0.000000150,   0.008826503,   0.000002281,   0.008826503
      0.603828,   -0.005481,   -3.140214,   0.000000334,   0.002288938,   0.000010660,   0.002288963
     -1.401052,    0.004103,    2.350703,  -0.000000426,   0.002869667,   0.000006214,   0.002869674
      2.401786,   -0.002741,   -1.570442,  -0.000000248,   0.001494910,   0.000009475,   0.001494940
      6.017551,    0.007904,    4.528387,  -0.000000048,   0.023934501,   0.000012297,   0.023934504
      5.006478,    0.007223,    4.138233,  -0.000001494,   0.031457938,  -0.000003137,   0.031457938
      1.002458,   -0.006518,   -3.734797,   0.000000024,   0.009280461,   0.000002038,   0.009280461
      0.803064,   -0.005477,   -3.138336,   0.000000141,   0.002036260,   0.000011381,   0.002036292
     -1.602280,    0.004110,    2.354987,  -0.000000407,   0.004056900,   0.000003624,   0.004056902
      2.602195,   -0.002742,   -1.570778,  -0.000000099,   0.001382570,   0.000011180,   0.001382615
      6.018750,    0.008247,    4.724993,   0.000000716,   0.022394445,   0.000014942,   0.022394450
      4.804297,    0.007219,    4.136296,  -0.000001900,   0.028341570,  -0.000001812,   0.028341570
      1.202280,   -0.006520,   -3.735885,  -0.000000125,   0.010816960,   0.000000511,   0.010816960
      1.004137,   -0.005476,   -3.137570,  -0.000000107,   0.002407183,   0.000011245,   0.002407209
     -1.802766,    0.004115,    2.357993,  -0.000000099,   0.004351187,   0.000002969,   0.004351188
      2.802483,   -0.002744,   -1.572322,   0.000000072,   0.002360246,   0.000010737,   0.002360271
      5.816286,    0.007907,    4.530142,  -0.000000505,   0.027792596,   0.000006882,   0.027792596
      5.818125,    0.008247,    4.724993,  -0.000000003,   0.026113954,   0.000009641,   0.026113955
      4.605511,    0.007218,    4.135826,  -0.000001966,   0.025162863,   0.000000259,   0.025162863
      1.402336,   -0.006527,   -3.739448,  -0.000000227,   0.013031728,  -0.000001629,   0.013031728
      1.204718,   -0.005481,   -3.140310,  -0.000000287,   0.003380685,   0.000010271,   0.003380701
     -2.003340,    0.004111,    2.355501,   0.000000441,   0.004239608,   0.000004245,   0.004239610
      3.002697,   -0.002746,   -1.573276,   0.000000214,   0.004305780,   0.000008344,   0.004305788
      5.615142,    0.007908,    4.530678,  -0.000001269,   0.030228464,   0.000003561,   0.030228464
      4.405531,    0.007217,    4.134875,  -0.000001884,   0.022655697,   0.000001793,   0.022655698
      1.602643,   -0.006537,   -3.745180,   0.000000000,   0.014372200,   0.000000000,   0.014372200
      1.404644,   -0.005484,   -3.142254,  -0.000000312,   0.004601045,   0.000008980,   0.004601054
     -2.203751,    0.004108,    2.353603,   0.000000639,   0.003708361,   0.000007315,   0.003708368
      5.617500,    0.008247,    4.724993,  -0.000001393,   0.028505660,   0.000006226,   0.028505661
     -3.003560,    0.002386,    1.366815,   0.000000114,   0.002600626,   0.000010989,   0.002600649
      4.205165,    0.007220,    4.136878,  -0.000001614,   0.021196215,   0.000002074,   0.021196215
      1.802777,   -0.006552,   -3.753963,   0.000000000,   0.014372200,   0.000000000,   0.014372200
      1.605525,   -0.005488,   -3.144530,  -0.000000140,   0.005683773,   0.000007933,   0.005683778
     -2.403832,    0.004104,    2.351372,   0.000000416,   0.003144059,   0.000010428,   0.003144077
      5.414294,    0.007910,    4.532349,  -0.000002391,   0.031096056,   0.000001923,   0.031096056
     -3.004142,    0.002037,    1.167190,   0.000000054,   0.000822979,   0.000013484,   0.000823089
      5.416875,    0.008247,    4.724993,  -0.000003291,   0.029316777,   0.000004586,   0.029316777
      4.004573,    0.007225,    4.139537,  -0.000001111,   0.020645132,   0.000001351,   0.020645132
      2.003473,   -0.006536,   -3.744933,   0.000000000,   0.014372200,   0.000000000,   0.014372200
      1.805866,   -0.005490,   -3.145516,   0.000000151,   0.006214960,   0.000007722,   0.006214965
     -2.604028,    0.004104,    2.351330,   0.000000219,   0.003271386,   0.000011788,   0.003271407
     -3.004090,    0.001693,    0.970024,  -0.000000032,  -0.000063097,   0.000014505,   0.000064743
      5.213696,    0.007906,    4.530075,  -0.000003543,   0.030398830,   0.000001546,   0.030398831
      3.803579,    0.007233,    4.144287,   0.000000000,   0.020449900,   0.000000000,   0.020449900
      2.203383,   -0.006526,   -3.738921,   0.000000382,   0.013648665,  -0.000000538,   0.013648665
      2.005610,   -0.005488,   -3.144193,   0.000000414,   0.006224140,   0.000008289,   0.006224146
     -2.804653,    0.004106,    2.352702,   0.000000012,   0.004302142,   0.000011284,   0.004302157
      5.216250,    0.008247,    4.724993,  -0.000005307,   0.028650427,   0.000004205,   0.028650428
     -3.005064,    0.001346,    0.771363,  -0.000000122,   0.000130775,   0.000013727,   0.000131493
      3.602822,    0.007244,    4.150687,   0.000000000,   0.020449900,   0.000000000,   0.020449900
      2.404203,   -0.006521,   -3.736344,   0.000000442,   0.012551479,   0.000001503,   0.012551479
      2.206822,   -0.005484,   -3.142171,   0.000000528,   0.005851190,   0.000009527,   0.005851197
     -3.004700,    0.004111,    2.355546,  -0.000000185,   0.006110096,   0.000009127,   0.006110103
      5.013300,    0.007904,    4.528861,  -0.000004519,   0.028534117,   0.000001918,   0.028534117
     -3.003744,    0.001000,    0.572723,  -0.000000184,   0.001228856,   0.000011459,   0.001228909
      5.015625,    0.008247,    4.724993,  -0.000006870,   0.026745134,   0.000004832,   0.026745136
      3.401848,    0.007229,    4.142088,   0.000000000,   0.020449900,   0.000000000,   0.020449900
      2.605498,   -0.006518,   -3.734808,   0.000000404,   0.012369392,   0.000002529,   0.012369392
      2.406976,   -0.005481,   -3.140239,   0.000000450,   0.005554889,   0.000010781,   0.005554899
     -3.204261,    0.004117,    2.359068,  -0.000000414,   0.008260029,   0.000005889,   0.008260031
     -3.000903,    0.000666,    0.381664,  -0.000000172,   0.002555039,   0.000008906,   0.002555055
      4.811296,    0.007903,    4.527992,  -0.000005069,   0.025875726,   0.000003057,   0.025875727
      3.203466,    0.007219,    4.136102,  -0.000001183,   0.019165063,  -0.000001613,   0.019165063
      2.804682,   -0.006518,   -3.734811,   0.000000280,   0.013358398,   0.000002071,   0.013358398
      2.606259,   -0.005477,   -3.138328,   0.000000245,   0.005706802,   0.000011478,   0.005706814
     -3.404047,    0.004126,    2.363873,  -0.000000467,   0.009735679,   0.000003478,   0.009735679
      4.815000,    0.008247,    4.724993,  -0.000007687,   0.024113784,   0.000006159,   0.024113787
     -3.000686,    0.000331,    0.189378,  -0.000000109,   0.003688423,   0.000006766,   0.003688429
      3.003190,    0.007214,    4.133272,  -0.000001437,   0.016932518,  -0.000000245,   0.016932518
      3.004351,   -0.006520,   -3.735880,   0.000000079,   0.015409941,   0.000000374,   0.015409941
      2.808033,   -0.005481,   -3.140527,  -0.000000005,   0.006547177,   0.000011242,   0.006547186
     -3.604122,    0.004133,    2.368046,  -0.000000215,   0.010124087,   0.000003101,   0.010124087
      4.611452,    0.007904,    4.528458,  -0.000005229,   0.022996303,   0.000004768,   0.022996305
     -3.000052,   -0.000008,   -0.004572,   0.000000001,   0.004190519,   0.000005848,   0.004190523
      4.614375,    0.008247,    4.724993,  -0.000007769,   0.021370196,   0.000007730,   0.021370198
      2.802197,    0.007212,    4.132422,  -0.000001393,   0.014953215,   0.000001273,   0.014953215
      3.204097,   -0.006527,   -3.739433,  -0.000000111,   0.018062487,  -0.000001815,   0.018062487
      3.008847,   -0.005487,   -3.143947,  -0.000000174,   0.007944457,   0.000010228,   0.007944464
     -3.804442,    0.004133,    2.368234,   0.000000548,   0.010163892,   0.000004788,   0.010163893
     -3.001057,   -0.000349,   -0.199696,   0.000000116,   0.003753999,   0.000006635,   0.003754004
      4.410928,    0.007902,    4.527581,  -0.000005096,   0.020644229,   0.000006049,   0.020644231
      2.603237,    0.007212,    4.132202,  -0.000001232,   0.013869653,   0.000001900,   0.013869653
      3.404282,   -0.006541,   -3.747496,   0.000000000,   0.019704600,   0.000000000,   0.019704600
      3.208464,   -0.005493,   -3.147029,  -0.000000182,   0.009528144,   0.000008982,   0.009528149
      4.413750,    0.008247,    4.724993,  -0.000007359,   0.019031273,   0.000009030,   0.019031276
      4.008249,   -0.001387,   -0.794439,   0.000000299,   0.004867523,   0.000012545,   0.004867539
     -3.002825,   -0.000690,   -0.395316,   0.000000189,   0.002654007,   0.000008705,   0.002654021
      4.007135,   -0.001041,   -0.596245,   0.000000480,   0.005826098,   0.000010191,   0.005826107
      2.403036,    0.007214,    4.133255,  -0.000000932,   0.013786834,   0.000001378,   0.013786835
      3.603197,   -0.006558,   -3.757474,   0.000000000,   0.019704600,   0.000000000,   0.019704600
      3.408060,   -0.005500,   -3.151524,  -0.000000007,   0.010941643,   0.000008048,   0.010941646
      4.210213,    0.007903,    4.528042,  -0.000004791,   0.019138778,   0.000006414,   0.019138780
     -3.004258,   -0.001031,   -0.590745,   0.000000208,   0.001300382,   0.000011294,   0.001300431
      4.213125,    0.008247,    4.724993,  -0.000006742,   0.017449900,   0.000009533,   0.017449904
      2.202142,    0.007220,    4.136661,  -0.000000546,   0.014363715,   0.000000285,   0.014363715
      3.803972,   -0.006547,   -3.751188,   0.000000000,   0.019704600,   0.000000000,   0.019704600
      3.607566,   -0.005503,   -3.153106,   0.000000259,   0.011817198,   0.000007985,   0.011817201
      4.005896,   -0.000695,   -0.398255,   0.000000647,   0.007144150,   0.000007091,   0.007144153
     -3.005396,   -0.001373,   -0.786685,   0.000000153,   0.000238024,   0.000013481,   0.000238405
      4.009565,    0.007904,    4.528921,  -0.000004433,   0.018416096,   0.000005901,   0.018416097
      2.001483,    0.007229,    4.142063,   0.000000000,   0.014742800,   0.000000000,   0.014742800
      4.005139,   -0.006543,   -3.748838,   0.000000276,   0.019628246,   0.000000584,   0.019628246
      3.807878,   -0.005507,   -3.155552,   0.000000473,   0.012357330,   0.000008564,   0.012357333
      4.004987,   -0.000352,   -0.201469,   0.000000398,   0.008045182,   0.000005145,   0.008045183
      4.012500,    0.008247,    4.724993,  -0.000006120,   0.016632226,   0.000009180,   0.016632230
     -3.005843,   -0.001716,   -0.983200,   0.000000068,   0.000069347,   0.000014203,   0.000070787
      1.800984,    0.007243,    4.150095,   0.000000000,   0.014742800,   0.000000000,   0.014742800
      4.205961,   -0.006540,   -3.747274,   0.000000358,   0.019794299,   0.000002123,   0.019794300
      4.008302,   -0.005506,   -3.154680,   0.000000540,   0.012740062,   0.000009598,   0.012740065
      4.004617,   -0.000008,   -0.004475,   0.000000006,   0.008274222,   0.000004270,   0.008274223
      3.809068,    0.007908,    4.530710,  -0.000004087,   0.018206062,   0.000004875,   0.018206063
     -3.005679,   -0.002060,   -1.180030,  -0.000000019,   0.000948638,   0.000013179,   0.000948730
      3.811875,    0.008247,    4.724993,  -0.000005706,   0.016259601,   0.000008359,   0.016259604
      1.599811,    0.007228,    4.141350,   0.000000000,   0.014742800,   0.000000000,   0.014742800
      4.406563,   -0.006539,   -3.746376,   0.000000357,   0.021121553,   0.000002196,   0.021121553
      4.208445,   -0.005508,   -3.155771,   0.000000454,   0.013496689,   0.000010311,   0.013496693
      4.007692,    0.000338,    0.193702,  -0.000000401,   0.008045279,   0.000005243,   0.008045281
     -3.005001,   -0.002403,   -1.376905,  -0.000000081,   0.002680155,   0.000010743,   0.002680176
      3.608678,    0.007909,    4.531781,  -0.000003958,   0.018013007,   0.000003901,   0.018013007
      1.401173,    0.007218,    4.135382,  -0.000000629,   0.013761266,  -0.000001123,   0.013761266
      4.606755,   -0.006539,   -3.746572,   0.000000233,   0.023668228,   0.000000634,   0.023668228
      4.408585,   -0.005507,   -3.155353,   0.000000285,   0.014893405,   0.000010217,   0.014893409
      4.007952,    0.000678,    0.388742,  -0.000000655,   0.007164194,   0.000007167,   0.007164198
      3.611250,    0.008247,    4.724993,  -0.000005545,   0.015868280,   0.000007631,   0.015868283
      1.200772,    0.007213,    4.132725,  -0.000000676,   0.012024890,   0.000000143,   0.012024890
      4.806671,   -0.006542,   -3.748409,   0.000000006,   0.027081336,  -0.000001817,   0.027081336
      4.608929,   -0.005509,   -3.156173,   0.000000117,   0.017015210,   0.000009100,   0.017015212
      4.007604,    0.001019,    0.584114,  -0.000000491,   0.005888826,   0.000010203,   0.005888835
      3.005545,    0.002390,    1.369290,  -0.000000164,   0.002685150,   0.000010879,   0.002685172
      3.408364,    0.007907,    4.530427,  -0.000003900,   0.017302981,   0.000003553,   0.017302982
      3.410625,    0.008247,    4.724993,  -0.000005605,   0.015089056,   0.000007369,   0.015089059
      0.999678,    0.007212,    4.132031,  -0.000000548,   0.010649141,   0.000001363,   0.010649141
      5.006148,   -0.006548,   -3.751869,  -0.000000220,   0.030687396,  -0.000004060,   0.030687396
      4.008889,    0.001366,    0.782670,  -0.000000308,   0.004955832,   0.000012573,   0.004955848
      2.805225,    0.002386,    1.367309,  -0.000000040,   0.000977321,   0.000012767,   0.000977405
     -4.609700,    0.005163,    2.957961,   0.000000402,   0.015573947,   0.000011135,   0.015573951
      3.208084,    0.007904,    4.528750,  -0.000003896,   0.015964681,   0.000003931,   0.015964682
      0.800606,    0.007212,    4.131911,  -0.000000390,   0.010190071,   0.000001636,   0.010190071
      5.205337,   -0.006557,   -3.757069,   0.000000000,   0.032451700,   0.000000000,   0.032451700
      4.008378,    0.001709,    0.979437,  -0.000000121,   0.004822596,   0.000013354,   0.004822614
      2.604738,    0.002386,    1.367056,   0.000000091,   0.000054786,   0.000013115,   0.000056334
      3.210000,    0.008247,    4.724993,  -0.000005575,   0.013767139,   0.000007771,   0.013767143
     -4.609884,    0.004818,    2.760708,   0.000000564,   0.014482878,   0.000011748,   0.014482883
      0.600616,    0.007214,    4.133040,  -0.000000175,   0.010693485,   0.000000848,   0.010693485
      4.007132,    0.002054,    1.176729,   0.000000072,   0.005626856,   0.000012332,   0.005626870
      2.405058,    0.002383,    1.365605,   0.000000201,  -0.000004081,   0.000011786,   0.000012474
      3.006484,    0.007902,    4.527599,  -0.000003705,   0.014187073,   0.000004950,   0.014187075
     -5.208948,    0.006205,    3.555213,   0.000000014,   0.031033570,  -0.000001632,   0.031033570
     -4.608960,    0.004475,    2.564057,   0.000000624,   0.014168445,   0.000011067,   0.014168450
      3.009375,    0.008247,    4.724993,  -0.000005279,   0.012144158,   0.000008652,   0.012144162
      0.399870,    0.007220,    4.136501,   0.000000007,   0.011742387,  -0.000000303,   0.011742387
      4.005839,    0.002399,    1.374804,   0.000000278,   0.007186262,   0.000009819,   0.007186269
      2.206005,    0.002387,    1.367846,   0.000000214,   0.000482410,   0.000009471,   0.000482503
     -5.211072,    0.005859,    3.356739,   0.000000490,   0.027563782,   0.000001336,   0.027563782
     -4.607760,    0.004132,    2.367578,   0.000000564,   0.014391729,   0.000009542,   0.014391732
      2.806580,    0.007902,    4.527538,  -0.000003360,   0.012522670,   0.000006122,   0.012522672
      0.199587,    0.007229,    4.141958,   0.000000000,   0.012384700,   0.000000000,   0.012384700
      4.004938,    0.002746,    1.573171,   0.000000497,   0.009014651,   0.000006697,   0.009014654
      2.004576,    0.002385,    1.366702,   0.000000101,   0.001029038,   0.000007236,   0.001029063
      2.808750,    0.008247,    4.724993,  -0.000004668,   0.010661130,   0.000009547,   0.010661136
     -5.211496,    0.005513,    3.158653,   0.000000832,   0.024216498,   0.000004614,   0.024216499
     -4.606546,    0.003789,    2.170780,   0.000000395,   0.014697944,   0.000007949,   0.014697946
     -0.000641,    0.007243,    4.150076,   0.000000000,   0.012384700,   0.000000000,   0.012384700
      4.003160,    0.003092,    1.771461,   0.000000413,   0.010248891,   0.000004864,   0.010248892
      1.803982,    0.002387,    1.367612,  -0.000000059,   0.001254060,   0.000005992,   0.001254074
      2.606723,    0.007902,    4.527776,  -0.000002935,   0.011530354,   0.000006644,   0.011530356
     -5.211744,    0.005168,    2.960847,   0.000000971,   0.021754901,   0.000006742,   0.021754903
     -4.606526,    0.003445,    1.974115,   0.000000168,   0.014634099,   0.000007101,   0.014634101
      2.608125,    0.008247,    4.724993,  -0.000003894,   0.009707177,   0.000010005,   0.009707183
     -0.202145,    0.007228,    4.141394,   0.000000000,   0.012384700,   0.000000000,   0.012384700
      4.002161,    0.003437,    1.969465,   0.000000153,   0.010576494,   0.000004614,   0.010576495
      1.606901,    0.002383,    1.365444,  -0.000000174,   0.000652882,   0.000006605,   0.000652916
     -5.211463,    0.004824,    2.763907,   0.000000934,   0.020707771,   0.000006701,   0.020707772
     -4.607669,    0.003099,    1.775730,  -0.000000042,   0.013991903,   0.000007331,   0.013991905
      2.406211,    0.007903,    4.527817,  -0.000002489,   0.011341131,   0.000006292,   0.011341133
     -0.401197,    0.007218,    4.135424,  -0.000000022,   0.011737344,  -0.000000332,   0.011737344
      4.003000,    0.003782,    2.166795,  -0.000000449,   0.010497349,   0.000006173,   0.010497350
      1.407048,    0.002379,    1.362967,  -0.000000174,  -0.000541637,   0.000008469,   0.000541703
      2.407500,    0.008247,    4.724993,  -0.000003173,   0.009431641,   0.000009771,   0.009431647
     -5.210924,    0.004481,    2.567306,   0.000000706,   0.020849035,   0.000004825,   0.020849036
     -4.609448,    0.002753,    1.577563,  -0.000000147,   0.012719595,   0.000008771,   0.012719598
     -0.601813,    0.007213,    4.132744,   0.000000153,   0.010655030,   0.000000842,   0.010655030
      1.207131,    0.002378,    1.362254,  -0.000000101,  -0.001997691,   0.000010794,   0.001997720
      2.205465,    0.007905,    4.529161,  -0.000002142,   0.011658660,   0.000005441,   0.011658661
     -5.209341,    0.004138,    2.370661,   0.000000374,   0.021791341,   0.000001855,   0.021791341
     -4.610718,    0.002411,    1.381208,  -0.000000120,   0.011171588,   0.000010771,   0.011171593
      4.005366,   -0.004140,   -2.372291,   0.000000917,   0.009838081,   0.000007975,   0.009838084
      2.206875,    0.008247,    4.724993,  -0.000002670,   0.009670730,   0.000008996,   0.009670735
     -0.803028,    0.007212,    4.132042,   0.000000369,   0.010103429,   0.000001670,   0.010103429
      1.007688,    0.002377,    1.361861,   0.000000009,  -0.003203481,   0.000012566,   0.003203506
     -5.206009,    0.003795,    2.174134,   0.000000000,   0.022352500,   0.000000000,   0.022352500
     -4.611485,    0.002059,    1.179725,   0.000000017,   0.009788232,   0.000012566,   0.009788240
      4.003983,   -0.003799,   -2.176766,   0.000000445,   0.010209218,   0.000006152,   0.010209220
      2.004745,    0.007907,    4.530580,  -0.000001927,   0.012111455,   0.000004479,   0.012111456
     -1.002096,    0.007212,    4.131897,   0.000000527,   0.010518179,   0.000001430,   0.010518179
      0.808024,    0.002377,    1.361793,   0.000000131,  -0.003628737,   0.000012802,   0.003628759
      2.006250,    0.008247,    4.724993,  -0.000002514,   0.010026983,   0.000008108,   0.010026987
     -5.200760,    0.003451,    1.977556,   0.000000000,   0.022352500,   0.000000000,   0.022352500
     -4.612087,    0.001713,    0.981389,   0.000000199,   0.009032874,   0.000013373,   0.009032884
      4.002916,   -0.003457,   -1.980782,  -0.000000146,   0.010295452,   0.000004614,   0.010295453
     -1.201931,    0.007213,    4.133017,   0.000000654,   0.011843002,   0.000000235,   0.011843002
      0.609207,    0.002376,    1.361248,   0.000000237,  -0.003227007,   0.000011421,   0.003227027
      1.804193,    0.007909,    4.531462,  -0.000001917,   0.012270260,   0.000003796,   0.012270261
     -5.205913,    0.003106,    1.779538,   0.000000000,   0.022352500,   0.000000000,   0.022352500
     -4.612519,    0.001365,    0.782136,   0.000000363,   0.009139500,   0.000012785,   0.009139509
      4.004335,   -0.003109,   -1.781476,  -0.000000410,   0.009984815,   0.000004885,   0.009984816
      1.805625,    0.008247,    4.724993,  -0.000002643,   0.010072862,   0.000007550,   0.010072865
     -1.402387,    0.007220,    4.136466,   0.000000616,   0.013551380,  -0.000001044,   0.013551380
      0.410070,    0.002381,    1.364018,   0.000000269,  -0.002365351,   0.000009160,   0.002365368
     -5.209976,    0.002758,    1.579978,   0.000000132,   0.020945405,   0.000000682,   0.020945405
     -4.610704,    0.001016,    0.582321,   0.000000452,   0.009896730,   0.000011142,   0.009896736
      4.004391,   -0.002766,   -1.584619,  -0.000000511,   0.008798787,   0.000006651,   0.008798790
      1.603782,    0.007907,    4.530201,  -0.000001952,   0.011769345,   0.000003773,   0.011769345
     -1.602287,    0.007229,    4.141916,   0.000000000,   0.014536100,   0.000000000,   0.014536100
      0.208376,    0.002383,    1.365566,   0.000000185,  -0.001537582,   0.000007070,   0.001537599
      1.605000,    0.008247,    4.724993,  -0.000002880,   0.009589205,   0.000007509,   0.009589209
     -5.212389,    0.002415,    1.383588,   0.000000231,   0.018452697,   0.000003989,   0.018452697
     -4.610042,    0.000670,    0.384131,   0.000000421,   0.010984410,   0.000009046,   0.010984414
      4.005371,   -0.002421,   -1.387114,  -0.000000292,   0.007014861,   0.000009758,   0.007014868
     -1.802238,    0.007243,    4.150062,   0.000000000,   0.014536100,   0.000000000,   0.014536100
      0.006991,    0.002387,    1.367721,   0.000000001,  -0.001118706,   0.000006077,   0.001118723
      1.403409,    0.007904,    4.528628,  -0.000001937,   0.010703021,   0.000004319,   0.010703022
     -5.213136,    0.002065,    1.183423,   0.000000272,   0.016322155,   0.000006931,   0.016322156
     -4.608489,    0.000324,    0.185676,   0.000000255,   0.011887190,   0.000007334,   0.011887192
      4.006670,   -0.002075,   -1.189127,  -0.000000083,   0.005485708,   0.000012281,   0.005485722
      1.404375,    0.008247,    4.724993,  -0.000002925,   0.008574268,   0.000008046,   0.008574273
     -2.004088,    0.007228,    4.141452,   0.000000000,   0.014536100,   0.000000000,   0.014536100
     -0.190497,    0.002384,    1.366020,  -0.000000184,  -0.001496569,   0.000006963,   0.001496585
     -5.213398,    0.001721,    0.985877,   0.000000281,   0.015240460,   0.000008248,   0.015240463
     -4.608150,   -0.000021,   -0.012097,   0.000000000,   0.012208676,   0.000006739,   0.012208678
      4.006684,   -0.001731,   -0.991792,   0.000000112,   0.004704294,   0.000013310,   0.004704313
      1.202039,    0.007902,    4.527521,  -0.000001735,   0.009360877,   0.000005271,   0.009360879
     -2.203549,    0.007218,    4.135482,   0.000000551,   0.014169821,   0.000000327,   0.014169821
     -0.389822,    0.002380,    1.363702,  -0.000000275,  -0.002309796,   0.000008995,   0.002309813
      1.203750,    0.008247,    4.724993,  -0.000002632,   0.007357070,   0.000008891,   0.007357076
     -5.213592,    0.001375,    0.788097,   0.000000260,   0.015589202,   0.000007249,   0.015589204
     -4.609389,   -0.000367,   -0.210453,  -0.000000253,   0.011886502,   0.000007338,   0.011886504
     -2.404388,    0.007213,    4.132777,   0.000000939,   0.013601522,   0.000001450,   0.013601522
     -3.802388,   -0.004136,   -2.369644,  -0.000000524,   0.010103637,   0.000004730,   0.010103638
     -0.588738,    0.002378,    1.362345,  -0.000000254,  -0.003184843,   0.000011278,   0.003184863
      1.001990,    0.007902,    4.527437,  -0.000001382,   0.008234662,   0.000006193,   0.008234664
     -5.212341,    0.001030,    0.589967,   0.000000194,   0.017014866,   0.000004551,   0.017014866
     -4.611120,   -0.000714,   -0.408893,  -0.000000415,   0.010986851,   0.000009038,   0.010986854
      1.003125,    0.008247,    4.724993,  -0.000002022,   0.006382414,   0.000009592,   0.006382421
     -2.605723,    0.007212,    4.132073,   0.000001240,   0.013696302,   0.000001988,   0.013696302
     -3.601789,   -0.004134,   -2.368471,   0.000000224,   0.010065948,   0.000003046,   0.010065948
     -0.789448,    0.002377,    1.361700,  -0.000000154,  -0.003661995,   0.000012808,   0.003662017
     -5.210667,    0.000681,    0.390166,   0.000000130,   0.019003693,   0.000001167,   0.019003693
     -4.612330,   -0.001060,   -0.607444,  -0.000000443,   0.009927167,   0.000011085,   0.009927174
      0.802045,    0.007902,    4.527692,  -0.000000968,   0.007811947,   0.000006415,   0.007811950
     -2.804781,    0.007212,    4.131899,   0.000001398,   0.014798519,   0.000001351,   0.014798519
     -3.402567,   -0.004129,   -2.365459,   0.000000456,   0.009673522,   0.000003421,   0.009673522
     -0.994846,    0.002375,    1.361051,  -0.000000032,  -0.003285470,   0.000012687,   0.003285494
      0.802500,    0.008247,    4.724993,  -0.000001261,   0.005975486,   0.000009789,   0.005975494
     -5.207282,    0.000335,    0.191793,   0.000000000,   0.020090600,   0.000000000,   0.020090600
     -4.613238,   -0.001405,   -0.804746,  -0.000000353,   0.009207930,   0.000012640,   0.009207939
     -3.004465,    0.007213,    4.133006,   0.000001440,   0.016781967,  -0.000000178,   0.016781967
     -3.200239,   -0.004119,   -2.359876,   0.000000396,   0.008180455,   0.000005808,   0.008180457
     -1.196891,    0.002382,    1.364686,   0.000000077,  -0.002058686,   0.000010908,   0.002058715
      0.601518,    0.007902,    4.527767,  -0.000000554,   0.008155478,   0.000005833,   0.008155480
     -5.202104,   -0.000010,   -0.005974,   0.000000000,   0.020090600,   0.000000000,   0.020090600
     -4.613578,   -0.001753,   -1.004613,  -0.000000191,   0.009153609,   0.000013140,   0.009153618
      0.601875,    0.008247,    4.724993,  -0.000000568,   0.006202040,   0.000009377,   0.006202047
     -3.204637,    0.007219,    4.136442,   0.000001193,   0.019031077,  -0.000001577,   0.019031077
     -2.999732,   -0.004118,   -2.359255,   0.000000170,   0.005989754,   0.000009079,   0.005989761
     -1.398259,    0.002385,    1.366476,   0.000000152,  -0.000568268,   0.000008539,   0.000568332
     -5.207209,   -0.000357,   -0.204441,   0.000000000,   0.020090600,   0.000000000,   0.020090600
     -4.612051,   -0.002090,   -1.197287,  -0.000000018,   0.009892783,   0.000012329,   0.009892791
      0.400752,    0.007905,    4.529137,  -0.000000246,   0.008887072,   0.000004955,   0.008887073
     -3.404152,    0.007229,    4.141875,   0.000000000,   0.020340400,   0.000000000,   0.020340400
     -2.801130,   -0.004113,   -2.356738,  -0.000000025,   0.004178356,   0.000011213,   0.004178371
     -1.599767,    0.002388,    1.368344,   0.000000154,   0.000657560,   0.000006625,   0.000657593
      0.401250,    0.008247,    4.724993,  -0.000000111,   0.006834916,   0.000008594,   0.006834922
     -5.211104,   -0.000704,   -0.403451,  -0.000000124,   0.019009798,   0.000001138,   0.019009798
     -4.608535,   -0.002430,   -1.392488,   0.000000112,   0.011178026,   0.000010641,   0.011178032
     -3.603827,    0.007243,    4.150032,   0.000000000,   0.020340400,   0.000000000,   0.020340400
     -2.600989,   -0.004111,   -2.355384,  -0.000000231,   0.003133498,   0.000011712,   0.003133520
     -1.800640,    0.002393,    1.371217,   0.000000040,   0.001300739,   0.000005939,   0.001300753
      0.200038,    0.007907,    4.530537,  -0.000000081,   0.009593047,   0.000004191,   0.009593048
     -5.213369,   -0.001052,   -0.602487,  -0.000000189,   0.017032669,   0.000004490,   0.017032669
     -4.606915,   -0.002772,   -1.588028,   0.000000139,   0.012679619,   0.000008702,   0.012679622
      0.200625,    0.008247,    4.724993,   0.000000033,   0.007461533,   0.000007887,   0.007461537
     -3.804854,    0.007233,    4.144167,   0.000000000,   0.020340400,   0.000000000,   0.020340400
     -2.400924,   -0.004113,   -2.356646,  -0.000000427,   0.002985235,   0.000010369,   0.002985253
     -2.000788,    0.002389,    1.369070,  -0.000000120,   0.001064742,   0.000007186,   0.001064766
     -5.214049,   -0.001396,   -0.799879,  -0.000000254,   0.015614791,   0.000007150,   0.015614793
     -4.604750,   -0.003113,   -1.783405,   0.000000039,   0.013897838,   0.000007327,   0.013897840
     -0.000512,    0.007909,    4.531426,  -0.000000034,   0.009904130,   0.000003850,   0.009904131
     -4.005703,    0.007228,    4.141358,   0.000001139,   0.020547036,   0.000001402,   0.020547036
     -2.201271,   -0.004116,   -2.358339,  -0.000000643,   0.003529945,   0.000007267,   0.003529953
     -2.201555,    0.002386,    1.367038,  -0.000000236,   0.000477512,   0.000009460,   0.000477605
      0.000000,    0.008247,    4.724993,  -0.000000046,   0.007704203,   0.000007626,   0.007704207
     -5.214354,   -0.001744,   -0.999083,  -0.000000276,   0.015279044,   0.000008112,   0.015279046
     -4.604270,   -0.003454,   -1.979091,  -0.000000161,   0.014525242,   0.000007104,   0.014525244
     -4.206541,    0.007225,    4.139673,   0.000001647,   0.021113314,   0.000002147,   0.021113314
     -2.000413,   -0.004119,   -2.359944,  -0.000000429,   0.004046811,   0.000004217,   0.004046814
     -2.402204,    0.002382,    1.364741,  -0.000000231,  -0.000031481,   0.000011804,   0.000033622
     -0.200957,    0.007907,    4.530194,   0.000000011,   0.009586859,   0.000004183,   0.009586860
     -5.214346,   -0.002089,   -1.197034,  -0.000000269,   0.016373885,   0.000006755,   0.016373886
     -4.604498,   -0.003796,   -2.174928,  -0.000000378,   0.014589479,   0.000007933,   0.014589481
     -0.200625,    0.008247,    4.724993,  -0.000000129,   0.007450106,   0.000007887,   0.007450110
     -4.407011,    0.007224,    4.139052,   0.000001920,   0.022591167,   0.000001876,   0.022591167
     -1.800422,   -0.004120,   -2.360564,   0.000000113,   0.004155645,   0.000002951,   0.004155647
     -2.602673,    0.002382,    1.364645,  -0.000000130,  -0.000006338,   0.000013178,   0.000014624
     -5.213135,   -0.002434,   -1.394625,  -0.000000230,   0.018460309,   0.000003856,   0.018460309
     -4.605561,   -0.004138,   -2.371108,  -0.000000537,   0.014282372,   0.000009504,   0.014282375
     -0.401403,    0.007904,    4.528640,   0.000000171,   0.008866653,   0.000004946,   0.008866655
     -4.607263,    0.007222,    4.138172,   0.000001986,   0.025130530,   0.000000310,   0.025130530
     -1.601449,   -0.004111,   -2.355520,   0.000000417,   0.003863934,   0.000003596,   0.003863936
     -2.803126,    0.002381,    1.364484,  -0.000000007,   0.000896479,   0.000012860,   0.000896572
     -0.401250,    0.008247,    4.724993,   0.000000004,   0.006805379,   0.000008600,   0.006805384
     -5.211207,   -0.002779,   -1.592320,  -0.000000133,   0.020916039,   0.000000608,   0.020916039
     -4.605872,   -0.004481,   -2.567595,  -0.000000590,   0.014045561,   0.000011025,   0.014045565
     -4.807069,    0.007224,    4.139318,   0.000001914,   0.028347577,  -0.000001788,   0.028347577
     -1.400125,   -0.004102,   -2.350337,   0.000000433,   0.002676734,   0.000006189,   0.002676742
     -0.602520,    0.007902,    4.527547,   0.000000475,   0.008102057,   0.000005845,   0.008102059
     -5.205499,   -0.003114,   -1.784327,   0.000000000,   0.022220900,   0.000000000,   0.022220900
     -4.606984,   -0.004825,   -2.764356,  -0.000000525,   0.014357503,   0.000011695,   0.014357508
      3.005966,   -0.001368,   -0.783944,  -0.000000029,   0.000245962,   0.000013489,   0.000246332
     -0.601875,    0.008247,    4.724993,   0.000000450,   0.006143081,   0.000009398,   0.006143088
      3.002286,   -0.001032,   -0.591201,  -0.000000091,   0.001347728,   0.000011278,   0.001347775
     -5.006863,    0.007229,    4.141756,   0.000001512,   0.031448052,  -0.000003122,   0.031448052
     -1.200271,   -0.004096,   -2.347115,   0.000000209,   0.000987209,   0.000009413,   0.000987254
     -5.200031,   -0.003456,   -1.980131,   0.000000000,   0.022220900,   0.000000000,   0.022220900
     -4.606707,   -0.005168,   -2.961107,  -0.000000362,   0.015435935,   0.000011080,   0.015435939
     -0.802634,    0.007902,    4.527442,   0.000000886,   0.007719326,   0.000006451,   0.007719328
     -5.206132,    0.007236,    4.145871,   0.000000000,   0.032869300,   0.000000000,   0.032869300
     -1.001863,   -0.004094,   -2.345896,   0.000000016,  -0.000255123,   0.000011366,   0.000255376
      3.002997,   -0.000693,   -0.397106,  -0.000000100,   0.002775106,   0.000008610,   0.002775119
     -0.802500,    0.008247,    4.724993,   0.000001135,   0.005877144,   0.000009833,   0.005877152
     -5.202862,   -0.003799,   -2.176605,   0.000000000,   0.022220900,   0.000000000,   0.022220900
     -5.405890,    0.007247,    4.152029,   0.000000000,   0.032869300,   0.000000000,   0.032869300
      4.607452,    0.005155,    2.953325,  -0.000000410,   0.015473041,   0.000011192,   0.015473045
     -0.801480,   -0.004095,   -2.346221,  -0.000000190,  -0.000698041,   0.000011623,   0.000698138
      3.000995,   -0.000353,   -0.202385,  -0.000000066,   0.003926591,   0.000006480,   0.003926597
     -1.002556,    0.007902,    4.527681,   0.000001303,   0.008094475,   0.000006260,   0.008094477
     -5.207216,   -0.004142,   -2.373006,  -0.000000359,   0.021658392,   0.000001848,   0.021658392
     -1.003125,    0.008247,    4.724993,   0.000001896,   0.006240874,   0.000009658,   0.006240882
     -5.608241,    0.007236,    4.145773,   0.000000000,   0.032869300,   0.000000000,   0.032869300
      4.406962,    0.005153,    2.952577,  -0.000000529,   0.013454305,   0.000012247,   0.013454311
     -0.600871,   -0.004098,   -2.347984,  -0.000000387,  -0.000274927,   0.000010065,   0.000275111
      3.001576,   -0.000012,   -0.007024,   0.000000004,   0.004446016,   0.000005567,   0.004446019
     -5.207191,   -0.004484,   -2.569066,  -0.000000679,   0.020711900,   0.000004798,   0.020711901
     -1.203023,    0.007902,    4.527766,   0.000001663,   0.009184936,   0.000005345,   0.009184938
      4.206241,    0.005154,    2.953154,  -0.000000639,   0.012021187,   0.000012361,   0.012021193
     -0.400624,   -0.004103,   -2.351000,  -0.000000611,   0.000742816,   0.000006922,   0.000742848
      3.003173,    0.000329,    0.188469,   0.000000078,   0.003993772,   0.000006409,   0.003993777
     -1.203750,    0.008247,    4.724993,   0.000002516,   0.007178758,   0.000008966,   0.007178764
      5.816041,   -0.001413,   -0.809362,   0.000000283,   0.011960783,   0.000015998,   0.011960794
     -5.208580,   -0.004827,   -2.765915,  -0.000000902,   0.020572500,   0.000006662,   0.020572501
      5.814835,   -0.001068,   -0.611788,   0.000000218,   0.013531054,   0.000012923,   0.013531060
      4.005665,    0.005155,    2.953436,  -0.000000636,   0.011163439,   0.000011667,   0.011163445
     -0.199273,   -0.004110,   -2.354847,  -0.000000473,   0.001539522,   0.000004068,   0.001539527
      3.003406,    0.000672,    0.384828,   0.000000120,   0.002843969,   0.000008568,   0.002843982
     -1.403764,    0.007905,    4.529143,   0.000001879,   0.010495767,   0.000004391,   0.010495768
     -5.209192,   -0.005171,   -2.962983,  -0.000000938,   0.021616751,   0.000006699,   0.021616752
     -1.404375,    0.008247,    4.724993,   0.000002831,   0.008370790,   0.000008114,   0.008370794
      5.813878,   -0.000723,   -0.414112,   0.000000179,   0.015810162,   0.000008650,   0.015810164
      3.804416,    0.005156,    2.953998,  -0.000000475,   0.010600579,   0.000010734,   0.010600584
      0.001095,   -0.004115,   -2.357914,  -0.000000002,   0.001724478,   0.000003097,   0.001724481
      3.006059,    0.001014,    0.580872,   0.000000121,   0.001461649,   0.000011211,   0.001461692
     -5.209801,   -0.005516,   -3.160405,  -0.000000804,   0.024068616,   0.000004576,   0.024068616
     -1.604470,    0.007907,    4.530524,   0.000001913,   0.011554248,   0.000003822,   0.011554249
      5.811381,   -0.000377,   -0.216152,   0.000000095,   0.017564370,   0.000005432,   0.017564371
      3.604382,    0.005153,    2.952215,  -0.000000201,   0.010010688,   0.000010117,   0.010010693
      0.200370,   -0.004108,   -2.353515,   0.000000465,   0.001538189,   0.000004084,   0.001538195
      3.005377,    0.001357,    0.777732,   0.000000058,   0.000331436,   0.000013499,   0.000331711
     -1.605000,    0.008247,    4.724993,   0.000002820,   0.009372705,   0.000007564,   0.009372709
     -5.207375,   -0.005861,   -3.358235,  -0.000000463,   0.027384165,   0.000001317,   0.027384165
      5.809363,   -0.000032,   -0.018324,  -0.000000002,   0.018081979,   0.000004403,   0.018081979
      3.403727,    0.005149,    2.950174,   0.000000073,   0.009071000,   0.000010310,   0.009071005
      0.401411,   -0.004099,   -2.348739,   0.000000596,   0.000740548,   0.000006949,   0.000740581
      3.006612,    0.001702,    0.975064,  -0.000000027,   0.000127068,   0.000014275,   0.000127868
     -1.805042,    0.007909,    4.531412,   0.000001900,   0.012055075,   0.000003831,   0.012055076
     -5.205769,   -0.006207,   -3.556438,  -0.000000002,   0.030834595,  -0.000001625,   0.030834595
     -1.805625,    0.008247,    4.724993,   0.000002621,   0.009852370,   0.000007600,   0.009852373
      5.812152,    0.000312,    0.178919,  -0.000000104,   0.017589116,   0.000005417,   0.017589117
      3.204266,    0.005145,    2.947759,   0.000000224,   0.007811274,   0.000011171,   0.007811282
      0.601801,   -0.004095,   -2.346064,   0.000000368,  -0.000281042,   0.000010114,   0.000281224
      3.004667,    0.002046,    1.172492,  -0.000000109,   0.000962067,   0.000013305,   0.000962159
     -2.005561,    0.007907,    4.530195,   0.000001928,   0.011901174,   0.000004517,   0.011901175
      5.814843,    0.000656,    0.376007,  -0.000000211,   0.015899393,   0.000008545,   0.015899396
      5.205447,    0.006198,    3.551300,  -0.000000019,   0.031008923,  -0.000001672,   0.031008924
      3.003595,    0.005140,    2.944793,   0.000000198,   0.006346409,   0.000012407,   0.006346421
      0.801036,   -0.004093,   -2.345292,   0.000000172,  -0.000699437,   0.000011671,   0.000699535
     -2.006250,    0.008247,    4.724993,   0.000002528,   0.009808279,   0.000008166,   0.009808283
      3.003628,   -0.002402,   -1.376263,   0.000000195,   0.002429669,   0.000011021,   0.002429694
      5.816717,    0.001001,    0.573799,  -0.000000260,   0.013595573,   0.000012897,   0.013595579
      5.005791,    0.006194,    3.548835,   0.000000485,   0.028908297,  -0.000001511,   0.028908297
      2.802462,    0.005135,    2.942130,   0.000000015,   0.005048977,   0.000013365,   0.005048994
      1.000808,   -0.004094,   -2.345743,  -0.000000032,  -0.000251354,   0.000011416,   0.000251613
     -2.206124,    0.007904,    4.528654,   0.000002158,   0.011455395,   0.000005496,   0.011455396
      3.004557,   -0.002058,   -1.179085,   0.000000142,   0.000767359,   0.000013393,   0.000767476
     -2.206875,    0.008247,    4.724993,   0.000002706,   0.009457831,   0.000009071,   0.009457836
      5.817512,    0.001350,    0.773750,  -0.000000331,   0.011966801,   0.000016114,   0.011966812
      4.805564,    0.006192,    3.547840,   0.000000250,   0.025555742,   0.000000431,   0.025555742
      2.602823,    0.005137,    2.943061,  -0.000000224,   0.004228706,   0.000013561,   0.004228727
      1.200888,   -0.004098,   -2.348006,  -0.000000224,   0.001005676,   0.000009448,   0.001005721
      3.004983,   -0.001714,   -0.982302,   0.000000060,  -0.000026448,   0.000014329,   0.000030080
     -2.407045,    0.007902,    4.527567,   0.000002514,   0.011143788,   0.000006372,   0.011143790
      5.816717,    0.001694,    0.970479,  -0.000000394,   0.011577666,   0.000017190,   0.011577679
      4.605576,    0.006188,    3.545278,   0.000000023,   0.022336808,   0.000002860,   0.022336809
      2.402690,    0.005138,    2.943903,  -0.000000418,   0.003940988,   0.000012905,   0.003941009
      1.400937,   -0.004103,   -2.350704,  -0.000000443,   0.002699651,   0.000006207,   0.002699658
     -2.407500,    0.008247,    4.724993,   0.000003218,   0.009225847,   0.000009864,   0.009225853
      5.816322,    0.002042,    1.170141,  -0.000000430,   0.012525750,   0.000015983,   0.012525760
      4.405370,    0.006189,    3.546161,  -0.000000195,   0.019987679,   0.000004197,   0.019987680
      2.202037,    0.005141,    2.945697,  -0.000000467,   0.004054661,   0.000011680,   0.004054678
      1.602231,   -0.004110,   -2.355000,  -0.000000417,   0.003884909,   0.000003609,   0.003884911
     -2.805707,   -0.002401,   -1.375384,   0.000000040,   0.000969704,   0.000012617,   0.000969786
     -2.607250,    0.007902,    4.527449,   0.000002962,   0.011342887,   0.000006734,   0.011342890
     -2.608125,    0.008247,    4.724993,   0.000003939,   0.009509348,   0.000010109,   0.009509355
      5.815282,    0.002391,    1.369744,  -0.000000418,   0.014674136,   0.000012704,   0.014674142
      4.204926,    0.006188,    3.545494,  -0.000000363,   0.018753822,   0.000004056,   0.018753822
      2.000412,    0.005143,    2.946758,  -0.000000339,   0.004217319,   0.000010512,   0.004217332
      1.802756,   -0.004115,   -2.358002,  -0.000000103,   0.004182859,   0.000002930,   0.004182860
     -2.605870,   -0.002399,   -1.374307,   0.000000163,   0.000026693,   0.000012987,   0.000029685
     -2.807157,    0.007902,    4.527674,   0.000003391,   0.012342323,   0.000006218,   0.012342325
      5.814348,    0.002738,    1.568585,  -0.000000316,   0.017450123,   0.000008333,   0.017450125
      4.004496,    0.006190,    3.546817,  -0.000000517,   0.018643893,   0.000002593,   0.018643893
      1.800150,    0.005142,    2.946251,  -0.000000087,   0.004143158,   0.000009890,   0.004143169
      2.003427,   -0.004113,   -2.356373,   0.000000447,   0.004069306,   0.000004195,   0.004069309
     -2.406138,   -0.002397,   -1.373408,   0.000000264,  -0.000041754,   0.000011668,   0.000043354
     -2.808750,    0.008247,    4.724993,   0.000004709,   0.010472293,   0.000009652,   0.010472299
      5.811600,    0.003085,    1.767290,  -0.000000183,   0.019525280,   0.000005223,   0.019525280
      3.803791,    0.006195,    3.549552,  -0.000000609,   0.018928714,   0.000001157,   0.018928714
      1.599544,    0.005140,    2.944841,   0.000000169,   0.003582443,   0.000010206,   0.003582457
      2.203901,   -0.004112,   -2.356162,   0.000000652,   0.003517033,   0.000007304,   0.003517040
     -2.206654,   -0.002394,   -1.371853,   0.000000265,   0.000399983,   0.000009413,   0.000400094
     -3.007571,    0.007902,    4.527767,   0.000003737,   0.014023527,   0.000005030,   0.014023528
     -3.009375,    0.008247,    4.724993,   0.000005318,   0.011968133,   0.000008743,   0.011968137
      5.809486,    0.003431,    1.965730,  -0.000000163,   0.020133235,   0.000004841,   0.020133236
      3.602619,    0.006199,    3.551635,  -0.000000438,   0.019051150,   0.000000409,   0.019051150
      1.400208,    0.005137,    2.943303,   0.000000302,   0.002676724,   0.000011179,   0.002676747
      2.403926,   -0.004112,   -2.356152,   0.000000438,   0.002918943,   0.000010450,   0.002918962
     -2.004814,   -0.002396,   -1.372727,   0.000000140,   0.000961153,   0.000007151,   0.000961180
     -3.208292,    0.007905,    4.529153,   0.000003932,   0.015807198,   0.000003995,   0.015807199
      5.810780,    0.003771,    2.160878,  -0.000000723,   0.019824223,   0.000006516,   0.019824224
      3.403313,    0.006190,    3.546717,   0.000000117,   0.018472183,  -0.000000006,   0.018472183
      1.199736,    0.005133,    2.941198,   0.000000264,   0.001610092,   0.000012450,   0.001610140
      2.604084,   -0.004113,   -2.356672,   0.000000240,   0.003010018,   0.000011832,   0.003010041
     -1.804266,   -0.002394,   -1.371416,  -0.000000031,   0.001151772,   0.000005966,   0.001151787
     -3.210000,    0.008247,    4.724993,   0.000005616,   0.013608105,   0.000007837,   0.013608109
      5.812109,    0.004113,    2.356474,  -0.000001490,   0.018752696,   0.000009417,   0.018752698
      3.202090,    0.006182,    3.542201,   0.000000412,   0.016563905,   0.000000851,   0.016563905
      0.998764,    0.005130,    2.939010,   0.000000076,   0.000760243,   0.000013366,   0.000760360
      2.804643,   -0.004118,   -2.359339,   0.000000027,   0.003998503,   0.000011354,   0.003998519
     -1.605281,   -0.002389,   -1.368971,  -0.000000155,   0.000535825,   0.000006608,   0.000535866
     -3.408993,    0.007907,    4.530510,   0.000003936,   0.017169320,   0.000003586,   0.017169321
     -3.410625,    0.008247,    4.724993,   0.000005655,   0.014949301,   0.000007408,   0.014949304
      5.813273,    0.004459,    2.554690,  -0.000002030,   0.017486932,   0.000013055,   0.017486937
      3.002332,    0.006178,    3.539762,   0.000000194,   0.013994733,   0.000002831,   0.013994733
      0.799323,    0.005132,    2.940338,  -0.000000161,   0.000406375,   0.000013485,   0.000406598
      3.004726,   -0.004122,   -2.361933,  -0.000000179,   0.005769512,   0.000009198,   0.005769520
     -1.406084,   -0.002386,   -1.367222,  -0.000000161,  -0.000651135,   0.000008467,   0.000651190
     -3.609586,    0.007909,    4.531393,   0.000003997,   0.017900130,   0.000003912,   0.017900131
      5.813533,    0.004804,    2.752482,  -0.000002435,   0.017180414,   0.000015137,   0.017180421
      2.803317,    0.006174,    3.537629,  -0.000000034,   0.011983908,   0.000004523,   0.011983909
      0.599407,    0.005134,    2.941530,  -0.000000346,   0.000554693,   0.000012792,   0.000554840
      3.204231,   -0.004128,   -2.365148,  -0.000000416,   0.007885278,   0.000005952,   0.007885280
     -1.206989,   -0.002384,   -1.365825,  -0.000000093,  -0.002108566,   0.000010799,   0.002108593
     -3.611250,    0.008247,    4.724993,   0.000005606,   0.015748549,   0.000007650,   0.015748552
      5.813931,    0.005150,    2.950609,  -0.000002728,   0.018197826,   0.000014994,   0.018197833
      2.601978,    0.006173,    3.537043,  -0.000000269,   0.010967941,   0.000004934,   0.010967942
      0.398937,    0.005138,    2.943674,  -0.000000381,   0.001040630,   0.000011612,   0.001040695
      3.403983,   -0.004133,   -2.368049,  -0.000000468,   0.009350401,   0.000003494,   0.009350402
     -1.007754,   -0.002383,   -1.365328,   0.000000013,  -0.003307902,   0.000012566,   0.003307926
     -3.810175,    0.007907,    4.530195,   0.000004130,   0.018109427,   0.000004883,   0.018109428
     -3.811875,    0.008247,    4.724993,   0.000005777,   0.016160809,   0.000008366,   0.016160813
      5.813771,    0.005495,    3.148583,  -0.000002869,   0.020551233,   0.000012601,   0.020551238
      2.401379,    0.006174,    3.537703,  -0.000000460,   0.011079137,   0.000003888,   0.011079137
      0.197406,    0.005142,    2.945913,  -0.000000237,   0.001516697,   0.000010576,   0.001516734
      3.604122,   -0.004138,   -2.370912,  -0.000000219,   0.009738337,   0.000003074,   0.009738338
     -0.808069,   -0.002383,   -1.365506,   0.000000132,  -0.003724880,   0.000012797,   0.003724902
     -4.010850,    0.007904,    4.528669,   0.000004483,   0.018335875,   0.000005916,   0.018335876
      5.813283,    0.005842,    3.347216,  -0.000002802,   0.023938470,   0.000008457,   0.023938472
      2.201583,    0.006178,    3.539553,  -0.000000631,   0.012074753,   0.000001983,   0.012074753
     -0.002757,    0.005143,    2.946594,   0.000000030,   0.001731275,   0.000010129,   0.001731304
      3.804436,   -0.004140,   -2.371772,   0.000000539,   0.009772266,   0.000004764,   0.009772267
     -0.609156,   -0.002386,   -1.367099,   0.000000237,  -0.003297201,   0.000011384,   0.003297220
     -4.012500,    0.008247,    4.724993,   0.000006196,   0.016557295,   0.000009177,   0.016557299
      5.812418,    0.006189,    3.545967,  -0.000002355,   0.027684723,   0.000003634,   0.027684724
      2.001132,    0.006186,    3.544027,  -0.000000577,   0.013023381,   0.000000627,   0.013023381
     -0.203281,    0.005140,    2.945264,   0.000000296,   0.001495854,   0.000010600,   0.001495891
     -0.410124,   -0.002385,   -1.366306,   0.000000267,  -0.002463133,   0.000009173,   0.002463150
     -4.210983,    0.007906,    4.529560,   0.000004858,   0.019068506,   0.000006445,   0.019068508
     -3.802565,    0.003791,    2.172273,   0.000000000,   0.010478500,   0.000000000,   0.010478500
     -4.213125,    0.008247,    4.724993,   0.000006819,   0.017401603,   0.000009515,   0.017401607
      5.810389,    0.006535,    3.744422,  -0.000001297,   0.030293075,   0.000000303,   0.030293075
      1.800021,    0.006193,    3.548096,  -0.000000213,   0.013332616,   0.000000244,   0.013332616
     -0.402657,    0.005137,    2.943419,   0.000000436,   0.001017176,   0.000011632,   0.001017243
     -0.208477,   -0.002389,   -1.368974,   0.000000186,  -0.001619493,   0.000007067,   0.001619508
     -3.800065,    0.003450,    1.976595,   0.000000000,   0.010478500,   0.000000000,   0.010478500
     -4.411365,    0.007907,    4.530443,   0.000005175,   0.020591647,   0.000006078,   0.020591649
      5.808825,    0.006881,    3.942693,  -0.000000344,   0.031083088,   0.000000409,   0.031083088
      1.600442,    0.006186,    3.544226,   0.000000306,   0.012851954,   0.000000066,   0.012851954
     -0.603203,    0.005133,    2.941223,   0.000000400,   0.000520453,   0.000012816,   0.000520611
     -0.007211,   -0.002390,   -1.369580,   0.000000005,  -0.001218423,   0.000006109,   0.001218439
     -4.413750,    0.008247,    4.724993,   0.000007433,   0.019014127,   0.000008988,   0.019014130
     -3.802865,    0.003099,    1.775401,   0.000000000,   0.010478500,   0.000000000,   0.010478500
      1.399155,    0.006179,    3.540296,   0.000000524,   0.011251220,   0.000001038,   0.011251220
     -0.804305,    0.005130,    2.939118,   0.000000213,   0.000356396,   0.000013516,   0.000356652
      0.190218,   -0.002387,   -1.367722,  -0.000000177,  -0.001598847,   0.000006999,   0.001598862
     -4.611769,    0.007905,    4.529199,   0.000005282,   0.022989552,   0.000004738,   0.022989553
      5.811395,   -0.007234,   -4.144993,   0.000000244,   0.030416550,   0.000001395,   0.030416550
     -3.805919,    0.002748,    1.574528,  -0.000000182,   0.009308062,   0.000003592,   0.009308062
     -4.614375,    0.008247,    4.724993,   0.000007836,   0.021386880,   0.000007653,   0.021386883
      1.199339,    0.006175,    3.538225,   0.000000314,   0.009151961,   0.000002997,   0.009151962
     -1.003780,    0.005132,    2.940436,  -0.000000024,   0.000724434,   0.000013371,   0.000724558
      0.389551,   -0.002384,   -1.366035,  -0.000000265,  -0.002407437,   0.000009021,   0.002407454
      5.809034,   -0.006896,   -3.950943,   0.000000344,   0.030691636,   0.000000433,   0.030691636
     -3.805834,    0.002399,    1.374378,  -0.000000051,   0.007113371,   0.000007728,   0.007113375
     -4.812346,    0.007906,    4.529941,   0.000005130,   0.025898382,   0.000003008,   0.025898383
      1.000324,    0.006172,    3.536403,   0.000000093,   0.007690621,   0.000004527,   0.007690622
     -1.203716,    0.005134,    2.941687,  -0.000000212,   0.001554901,   0.000012463,   0.001554951
      0.588533,   -0.002383,   -1.365399,  -0.000000240,  -0.003281031,   0.000011300,   0.003281050
     -4.815000,    0.008247,    4.724993,   0.000007753,   0.024163662,   0.000006046,   0.024163664
      5.811197,   -0.006555,   -3.755774,   0.000001259,   0.029923186,   0.000000331,   0.029923186
     -3.808260,    0.002053,    1.176036,   0.000000030,   0.005187448,   0.000010970,   0.005187460
      0.799183,    0.006172,    3.536081,  -0.000000146,   0.007254674,   0.000004738,   0.007254675
     -1.404256,    0.005138,    2.943964,  -0.000000255,   0.002614044,   0.000011193,   0.002614068
      0.789330,   -0.002382,   -1.364560,  -0.000000135,  -0.003768757,   0.000012840,   0.003768779
     -5.012827,    0.007907,    4.530583,   0.000004578,   0.028564373,   0.000001854,   0.028564373
      5.813511,   -0.006213,   -3.559933,   0.000002294,   0.027398771,   0.000003555,   0.027398771
     -3.807999,    0.001706,    0.977616,   0.000000117,   0.004152780,   0.000012347,   0.004152798
     -5.015625,    0.008247,    4.724993,   0.000006933,   0.026822064,   0.000004695,   0.026822066
      0.598696,    0.006173,    3.536965,  -0.000000352,   0.007907454,   0.000003545,   0.007907455
     -1.605916,    0.005141,    2.945801,  -0.000000128,   0.003522558,   0.000010218,   0.003522573
      0.994125,   -0.002380,   -1.363594,  -0.000000009,  -0.003408262,   0.000012734,   0.003408286
      5.815050,   -0.005871,   -3.363792,   0.000002740,   0.023742240,   0.000008272,   0.023742241
     -3.807528,    0.001359,    0.778935,   0.000000199,   0.004328277,   0.000011344,   0.004328292
     -5.213328,    0.007910,    4.531845,   0.000003596,   0.030446021,   0.000001476,   0.030446021
      0.399043,    0.006177,    3.539036,  -0.000000538,   0.009350996,   0.000001652,   0.009350997
     -1.806142,    0.005142,    2.946290,   0.000000114,   0.004063479,   0.000009925,   0.004063492
      1.197223,   -0.002389,   -1.368758,   0.000000107,  -0.002175546,   0.000010938,   0.002175574
     -5.216250,    0.008247,    4.724993,   0.000005368,   0.028741914,   0.000004067,   0.028741915
      5.816167,   -0.005527,   -3.166670,   0.000002809,   0.020392623,   0.000012389,   0.020392627
     -3.807239,    0.001015,    0.581617,   0.000000273,   0.005458876,   0.000008379,   0.005458883
      0.198705,    0.006185,    3.543676,  -0.000000412,   0.010574069,   0.000000459,   0.010574069
     -2.006702,    0.005140,    2.945033,   0.000000350,   0.004117640,   0.000010573,   0.004117654
      1.398748,   -0.002392,   -1.370597,   0.000000186,  -0.000695417,   0.000008570,   0.000695470
     -5.414156,    0.007911,    4.532679,   0.000002431,   0.031160662,   0.000001849,   0.031160662
      5.815408,   -0.005183,   -2.969790,   0.000002670,   0.018057456,   0.000014780,   0.018057463
     -3.806107,    0.000671,    0.384537,   0.000000371,   0.006976159,   0.000004244,   0.006976160
     -5.416875,    0.008247,    4.724993,   0.000003349,   0.029410445,   0.000004462,   0.029410446
     -0.002206,    0.006192,    3.547913,   0.000000011,   0.010963246,   0.000000323,   0.010963246
     -2.206177,    0.005137,    2.943325,   0.000000465,   0.003957497,   0.000011732,   0.003957515
      1.600236,   -0.002399,   -1.374604,   0.000000191,   0.000543356,   0.000006620,   0.000543396
      5.814965,   -0.004840,   -2.773227,   0.000002387,   0.017014021,   0.000014999,   0.017014028
     -3.804093,    0.000328,    0.188058,   0.000000000,   0.007761710,   0.000000000,   0.007761710
     -5.615321,    0.007909,    4.531743,   0.000001310,   0.030280626,   0.000003524,   0.030280626
     -0.201877,    0.006186,    3.544164,   0.000000438,   0.010581713,   0.000000441,   0.010581713
     -2.406795,    0.005133,    2.941208,   0.000000410,   0.003853613,   0.000012950,   0.003853635
      1.800765,   -0.002403,   -1.376596,   0.000000079,   0.001162084,   0.000005965,   0.001162099
     -5.617500,    0.008247,    4.724993,   0.000001452,   0.028593883,   0.000006129,   0.028593884
      5.814623,   -0.004498,   -2.577360,   0.000001999,   0.017268598,   0.000013039,   0.017268603
     -3.801339,   -0.000014,   -0.008023,   0.000000000,   0.007761710,   0.000000000,   0.007761710
     -0.403207,    0.006179,    3.540288,   0.000000568,   0.009349514,   0.000001622,   0.009349514
     -2.608494,    0.005135,    2.942209,   0.000000215,   0.004174606,   0.000013581,   0.004174628
      2.001048,   -0.002402,   -1.375965,  -0.000000079,   0.000935685,   0.000007194,   0.000935713
     -5.816708,    0.007907,    4.530506,   0.000000548,   0.027843459,   0.000006865,   0.027843460
      5.813484,   -0.004155,   -2.380826,   0.000001485,   0.018481948,   0.000009519,   0.018481950
     -3.806131,   -0.000366,   -0.209738,   0.000000000,   0.007761710,   0.000000000,   0.007761710
     -5.818125,    0.008247,    4.724993,   0.000000067,   0.026196260,   0.000009574,   0.026196262
     -0.603183,    0.006175,    3.538235,   0.000000384,   0.007877967,   0.000003540,   0.007877968
     -2.808115,    0.005138,    2.944060,  -0.000000021,   0.005036742,   0.000013341,   0.005036760
      2.201975,   -0.002400,   -1.375013,  -0.000000188,   0.000351916,   0.000009466,   0.000352043
      5.811119,   -0.003815,   -2.186051,   0.000000744,   0.019577306,   0.000006586,   0.019577307
     -3.805659,   -0.000704,   -0.403277,  -0.000000335,   0.007008679,   0.000004147,   0.007008680
     -6.017304,    0.007906,    4.529540,   0.000000094,   0.023993045,   0.000012295,   0.023993048
     -0.802275,    0.006172,    3.536423,   0.000000182,   0.007185741,   0.000004770,   0.007185742
     -3.007481,    0.005143,    2.946976,  -0.000000196,   0.006340398,   0.000012376,   0.006340410
      2.402580,   -0.002402,   -1.376456,  -0.000000174,  -0.000130763,   0.000011774,   0.000131292
     -6.018750,    0.008247,    4.724993,  -0.000000649,   0.022473433,   0.000014904,   0.022473438
      5.809156,   -0.003472,   -1.989333,   0.000000159,   0.019908661,   0.000004862,   0.019908662
     -3.804727,   -0.001047,   -0.599886,  -0.000000244,   0.005530966,   0.000008191,   0.005530972
     -1.003391,    0.006172,    3.536090,  -0.000000055,   0.007573762,   0.000004605,   0.007573763
     -3.207676,    0.005148,    2.949786,  -0.000000221,   0.007811504,   0.000011140,   0.007811511
      2.602848,   -0.002400,   -1.375092,  -0.000000060,  -0.000128974,   0.000013179,   0.000129645
      5.811694,   -0.003131,   -1.793969,   0.000000158,   0.019331294,   0.000005237,   0.019331295
     -3.805968,   -0.001390,   -0.796410,  -0.000000176,   0.004443569,   0.000011081,   0.004443583
      6.420000,   -0.001094,   -0.627028,   0.000000413,  -0.002099130,   0.000041374,   0.002099538
     -1.203811,    0.006173,    3.536957,  -0.000000277,   0.008997524,   0.000003106,   0.008997525
     -3.408121,    0.005156,    2.953994,  -0.000000071,   0.009099932,   0.000010269,   0.009099938
      2.803274,   -0.002401,   -1.375566,   0.000000071,   0.000763073,   0.000012864,   0.000763181
      6.420000,   -0.001440,   -0.825251,   0.000000501,  -0.002854956,   0.000042953,   0.002855279
      5.814105,   -0.002788,   -1.597341,   0.000000267,   0.017374410,   0.000008172,   0.017374412
     -3.805371,   -0.001732,   -0.992362,  -0.000000098,   0.004287879,   0.000012020,   0.004287896
      6.218168,   -0.001429,   -0.818622,   0.000000431,   0.002773381,   0.000032943,   0.002773577
     -1.403368,    0.006177,    3.539029,  -0.000000486,   0.011061907,   0.000001155,   0.011061908
     -3.608046,    0.005160,    2.956513,   0.000000198,   0.010044925,   0.000010083,   0.010044930
      6.218139,   -0.001084,   -0.621080,   0.000000359,   0.003708446,   0.000031032,   0.003708576
      5.815774,   -0.002444,   -1.400361,   0.000000364,   0.014668950,   0.000012467,   0.014668956
     -3.804696,   -0.002075,   -1.188884,  -0.000000017,   0.005303669,   0.000010659,   0.005303680
     -2.803533,    0.002038,    1.167873,  -0.000000013,  -0.000540063,   0.000014758,   0.000540265
     -1.603632,    0.006185,    3.543651,  -0.000000277,   0.012647876,   0.000000144,   0.012647876
     -3.807894,    0.005162,    2.957497,   0.000000464,   0.010634000,   0.000010710,   0.010634005
      6.217636,   -0.000739,   -0.423534,   0.000000262,   0.005040044,   0.000028508,   0.005040124
      5.816025,   -0.002100,   -1.202954,   0.000000375,   0.012568395,   0.000015705,   0.012568405
     -3.804001,   -0.002419,   -1.385861,   0.000000060,   0.007186347,   0.000007501,   0.007186351
     -2.803887,    0.001689,    0.967707,  -0.000000019,  -0.001326050,   0.000015608,   0.001326142
      6.420000,   -0.000748,   -0.428805,   0.000000297,  -0.001025156,   0.000039326,   0.001025910
     -1.804384,    0.006192,    3.547917,   0.000000222,   0.013136026,   0.000000293,   0.013136026
     -4.008024,    0.005163,    2.958240,   0.000000620,   0.011214551,   0.000011631,   0.011214558
      5.816246,   -0.001757,   -1.006739,   0.000000342,   0.011606592,   0.000016981,   0.011606604
     -3.801866,   -0.002763,   -1.583160,   0.000000181,   0.009305538,   0.000003470,   0.009305539
     -2.803975,    0.001343,    0.769503,  -0.000000027,  -0.001209659,   0.000014999,   0.001209752
      6.217089,   -0.000394,   -0.225815,   0.000000138,   0.006195214,   0.000026381,   0.006195270
     -2.004154,    0.006186,    3.544219,   0.000000568,   0.012838338,   0.000000680,   0.012838338
     -4.208294,    0.005163,    2.958029,   0.000000623,   0.012085748,   0.000012318,   0.012085754
      6.420000,   -0.000402,   -0.230582,   0.000000155,  -0.000091482,   0.000037600,   0.000098908
     -3.799369,   -0.003108,   -1.780839,   0.000000000,   0.010429600,   0.000000000,   0.010429600
     -2.802659,    0.001010,    0.578954,  -0.000000027,  -0.000429411,   0.000013342,   0.000429618
     -5.608490,   -0.007236,   -4.146108,   0.000000000,   0.032648500,   0.000000000,   0.032648500
     -2.205549,    0.006179,    3.540354,   0.000000614,   0.011904968,   0.000002052,   0.011904968
     -4.408669,    0.005163,    2.958045,   0.000000516,   0.013537511,   0.000012193,   0.013537516
      6.217033,   -0.000049,   -0.027962,  -0.000000006,   0.006653045,   0.000025550,   0.006653094
     -3.798734,   -0.003453,   -1.978490,   0.000000000,   0.010429600,   0.000000000,   0.010429600
     -2.801447,    0.000674,    0.385933,  -0.000000023,   0.000675956,   0.000011211,   0.000676049
      6.420000,   -0.000056,   -0.032359,  -0.000000006,   0.000330556,   0.000036844,   0.000332603
     -5.406024,   -0.007246,   -4.151603,   0.000000000,   0.032648500,   0.000000000,   0.032648500
     -2.405685,    0.006176,    3.538297,   0.000000446,   0.010923220,   0.000003979,   0.010923221
      4.612884,   -0.001394,   -0.798939,   0.000000303,   0.009111291,   0.000012591,   0.009111300
     -3.800422,   -0.003795,   -2.174107,   0.000000000,   0.010429600,   0.000000000,   0.010429600
     -2.800882,    0.000334,    0.191433,  -0.000000011,   0.001624719,   0.000009445,   0.001624747
      4.610841,   -0.001046,   -0.599450,   0.000000399,   0.009905975,   0.000010935,   0.009905981
      6.217514,    0.000297,    0.169958,  -0.000000155,   0.006299121,   0.000026225,   0.006299176
     -5.204866,   -0.007236,   -4.145904,   0.000000000,   0.032648500,   0.000000000,   0.032648500
     -2.604848,    0.006172,    3.536483,   0.000000259,   0.010815765,   0.000005037,   0.010815766
      6.420000,    0.000289,    0.165864,  -0.000000172,   0.000036015,   0.000037405,   0.000051925
     -2.801202,   -0.000005,   -0.002768,   0.000000002,   0.002000785,   0.000008747,   0.002000804
     -5.006440,   -0.007226,   -4.140273,  -0.000001507,   0.031236368,  -0.000003102,   0.031236368
     -2.805952,    0.006172,    3.536127,   0.000000028,   0.011826896,   0.000004646,   0.011826897
      4.609670,   -0.000702,   -0.402002,   0.000000381,   0.011012659,   0.000008845,   0.011012663
      3.800863,    0.003786,    2.168983,   0.000000000,   0.010375800,   0.000000000,   0.010375800
      6.218202,    0.000642,    0.367900,  -0.000000293,   0.005204592,   0.000028270,   0.005204669
     -2.801930,   -0.000345,   -0.197802,   0.000000019,   0.001685267,   0.000009323,   0.001685293
      6.420000,    0.000635,    0.364087,  -0.000000326,  -0.000825501,   0.000039029,   0.000826423
     -4.804199,   -0.007226,   -4.140392,  -0.000001933,   0.028078540,  -0.000001716,   0.028078540
     -3.006307,    0.006173,    3.536977,  -0.000000198,   0.013839272,   0.000002967,   0.013839273
      4.608751,   -0.000357,   -0.204687,   0.000000234,   0.011942285,   0.000007131,   0.011942287
      3.600350,    0.003791,    2.172077,   0.000000000,   0.010375800,   0.000000000,   0.010375800
     -2.803429,   -0.000687,   -0.393365,   0.000000040,   0.000776442,   0.000011006,   0.000776520
      6.218833,    0.000988,    0.565853,  -0.000000404,   0.003854263,   0.000030848,   0.003854387
     -4.605372,   -0.007224,   -4.138823,  -0.000002001,   0.024861636,   0.000000391,   0.024861636
     -3.206371,    0.006183,    3.542328,  -0.000000403,   0.016449646,   0.000000926,   0.016449646
      4.608262,   -0.000013,   -0.007381,  -0.000000002,   0.012279020,   0.000006537,   0.012279022
      3.399169,    0.003779,    2.165146,   0.000000000,   0.010375800,   0.000000000,   0.010375800
      6.420000,    0.000981,    0.562310,  -0.000000457,  -0.001913571,   0.000041120,   0.001914013
     -2.804845,   -0.001028,   -0.589167,   0.000000054,  -0.000327888,   0.000013117,   0.000328150
     -4.405386,   -0.007222,   -4.137845,  -0.000001924,   0.022311343,   0.000001952,   0.022311343
     -3.406084,    0.006196,    3.550048,  -0.000000109,   0.018393076,   0.000000012,   0.018393076
      4.609544,    0.000331,    0.189610,  -0.000000239,   0.011966647,   0.000007142,   0.011966649
      3.198276,    0.003768,    2.158858,   0.000000094,   0.008997916,   0.000003527,   0.008997917
      6.219294,    0.001333,    0.763831,  -0.000000488,   0.002823199,   0.000032949,   0.002823391
     -2.805700,   -0.001371,   -0.785638,   0.000000061,  -0.001124194,   0.000014791,   0.001124292
      6.420000,    0.001327,    0.760533,  -0.000000558,  -0.002769437,   0.000042887,   0.002769769
     -4.205016,   -0.007225,   -4.139618,  -0.000001658,   0.020812575,   0.000002230,   0.020812575
     -3.605614,    0.006203,    3.554217,   0.000000439,   0.018958900,   0.000000435,   0.018958900
      4.611557,    0.000677,    0.388129,  -0.000000391,   0.011057172,   0.000008877,   0.011057176
      3.001243,    0.003766,    2.157511,   0.000000041,   0.006664562,   0.000007084,   0.006664566
     -2.805805,   -0.001714,   -0.982220,   0.000000058,  -0.001221785,   0.000015351,   0.001221882
      6.219145,    0.001679,    0.962033,  -0.000000540,   0.002529163,   0.000033845,   0.002529389
     -4.004460,   -0.007228,   -4.141473,  -0.000001148,   0.020234098,   0.000001463,   0.020234098
     -3.806191,    0.006201,    3.552956,   0.000000595,   0.018849636,   0.000001189,   0.018849636
      4.612789,    0.001025,    0.587289,  -0.000000414,   0.009954423,   0.000011006,   0.009954429
      2.801051,    0.003760,    2.154391,  -0.000000039,   0.004645684,   0.000009690,   0.004645695
      6.420000,    0.001673,    0.958756,  -0.000000628,  -0.002983407,   0.000043618,   0.002983726
     -2.806042,   -0.002058,   -1.179305,   0.000000051,  -0.000444473,   0.000014494,   0.000444710
     -3.803505,   -0.007235,   -4.145166,   0.000000000,   0.020025100,   0.000000000,   0.020025100
     -4.006733,    0.006196,    3.549821,   0.000000499,   0.018573429,   0.000002653,   0.018573430
      4.613384,    0.001368,    0.783719,  -0.000000324,   0.009176307,   0.000012659,   0.009176316
      2.601615,    0.003759,    2.153504,  -0.000000123,   0.003574145,   0.000010278,   0.003574160
      6.218295,    0.002026,    1.161056,  -0.000000558,   0.003230979,   0.000033087,   0.003231148
      6.420000,    0.002019,    1.156979,  -0.000000665,  -0.002429172,   0.000043109,   0.002429554
     -3.602777,   -0.007245,   -4.151106,   0.000000000,   0.020025100,   0.000000000,   0.020025100
     -4.207299,    0.006195,    3.549623,   0.000000349,   0.018715474,   0.000004115,   0.018715474
      4.612502,    0.001711,    0.980190,  -0.000000166,   0.009035216,   0.000013281,   0.009035226
      2.401909,    0.003763,    2.156072,  -0.000000214,   0.003561944,   0.000008603,   0.003561954
      2.805723,    0.002044,    1.171302,  -0.000000040,  -0.000420815,   0.000014612,   0.000421068
      6.218502,    0.002374,    1.360101,  -0.000000547,   0.004650027,   0.000031173,   0.004650131
     -3.401826,   -0.007230,   -4.142711,   0.000000000,   0.020025100,   0.000000000,   0.020025100
     -4.407645,    0.006194,    3.548972,   0.000000184,   0.019951322,   0.000004281,   0.019951322
      4.611420,    0.002055,    1.177475,   0.000000008,   0.009734593,   0.000012548,   0.009734601
      2.201631,    0.003767,    2.158190,  -0.000000260,   0.004263891,   0.000005252,   0.004263894
      2.606867,    0.002042,    1.170162,   0.000000025,  -0.001280950,   0.000014873,   0.001281037
      6.420000,    0.002365,    1.355202,  -0.000000682,  -0.001210650,   0.000041566,   0.001211364
     -3.203475,   -0.007220,   -4.136811,  -0.000001189,   0.018726679,  -0.000001549,   0.018726679
     -4.607808,    0.006194,    3.548768,  -0.000000030,   0.022321607,   0.000002937,   0.022321607
      4.609434,    0.002400,    1.375196,   0.000000135,   0.011026624,   0.000010869,   0.011026630
      1.999984,    0.003775,    2.163005,   0.000000000,   0.004695680,   0.000000000,   0.004695680
      2.407059,    0.002043,    1.170342,   0.000000071,  -0.001505631,   0.000013921,   0.001505695
      6.217913,    0.002720,    1.558622,  -0.000000547,   0.006413515,   0.000028768,   0.006413579
      6.420000,    0.002711,    1.553425,  -0.000000723,   0.000289251,   0.000039689,   0.000291962
     -3.003223,   -0.007215,   -4.133918,  -0.000001449,   0.016470610,  -0.000000121,   0.016470610
     -4.807992,    0.006196,    3.550272,  -0.000000255,   0.025538579,   0.000000525,   0.025538579
      4.607477,    0.002743,    1.571370,   0.000000158,   0.012523362,   0.000008938,   0.012523365
      1.800217,    0.003785,    2.168511,   0.000000000,   0.004695680,   0.000000000,   0.004695680
      2.206954,    0.002040,    1.168789,   0.000000074,  -0.001282633,   0.000012195,   0.001282691
      6.217197,    0.003066,    1.756890,  -0.000000643,   0.007946210,   0.000026897,   0.007946256
     -2.802240,   -0.007213,   -4.132926,  -0.000001411,   0.014465727,   0.000001436,   0.014465728
     -5.008257,    0.006200,    3.552134,  -0.000000484,   0.028908336,  -0.000001446,   0.028908336
      4.605427,    0.003087,    1.768742,   0.000000054,   0.013767904,   0.000007532,   0.013767906
      1.599745,    0.003768,    2.158628,   0.000000000,   0.004695680,   0.000000000,   0.004695680
      2.005163,    0.002044,    1.171337,   0.000000035,  -0.000933254,   0.000010423,   0.000933312
      6.420000,    0.003057,    1.751648,  -0.000000858,   0.001625934,   0.000038261,   0.001626384
     -2.603280,   -0.007213,   -4.132558,  -0.000001252,   0.013356882,   0.000002079,   0.013356882
      4.604194,    0.003431,    1.965999,  -0.000000154,   0.014408149,   0.000007298,   0.014408151
      1.399869,    0.003756,    2.151871,   0.000000121,   0.003627061,   0.000003879,   0.003627063
      1.806427,    0.002040,    1.169097,  -0.000000027,  -0.000964496,   0.000009623,   0.000964544
      6.216878,    0.003412,    1.955112,  -0.000000916,   0.008784112,   0.000026349,   0.008784152
      5.214073,   -0.001400,   -0.802364,   0.000000196,   0.015483232,   0.000007099,   0.015483233
      6.420000,    0.003403,    1.949871,  -0.000001157,   0.002484783,   0.000037799,   0.002485070
      5.209151,   -0.001055,   -0.604365,   0.000000148,   0.016927139,   0.000004420,   0.016927140
     -2.403073,   -0.007214,   -4.133482,  -0.000000955,   0.013252726,   0.000001540,   0.013252727
      4.605495,    0.003777,    2.164059,  -0.000000383,   0.014504955,   0.000008111,   0.014504957
      1.201876,    0.003750,    2.148599,   0.000000073,   0.001762565,   0.000007362,   0.001762581
      1.607246,    0.002039,    1.168391,  -0.000000067,  -0.001446623,   0.000009917,   0.001446657
      6.217387,    0.003758,    2.153358,  -0.000001393,   0.008907246,   0.000027146,   0.008907287
     -2.202172,   -0.007220,   -4.136795,  -0.000000566,   0.013816656,   0.000000393,   0.013816656
      5.209739,   -0.000708,   -0.405600,   0.000000108,   0.018936169,   0.000001087,   0.018936169
      4.605260,    0.004122,    2.361678,  -0.000000556,   0.014196122,   0.000009703,   0.014196125
      1.001048,    0.003747,    2.147072,  -0.000000001,   0.000308479,   0.000009747,   0.000308633
      1.406809,    0.002039,    1.168312,  -0.000000066,  -0.002450087,   0.000011324,   0.002450113
      6.420000,    0.003749,    2.148094,  -0.000001631,   0.002743193,   0.000038434,   0.002743463
     -2.001484,   -0.007229,   -4.142141,   0.000000000,   0.014192100,   0.000000000,   0.014192100
      5.207457,   -0.000360,   -0.206317,   0.000000000,   0.020030200,   0.000000000,   0.020030200
      4.606887,    0.004466,    2.559071,  -0.000000622,   0.014000762,   0.000011201,   0.014000767
      0.800207,    0.003748,    2.147659,  -0.000000083,  -0.000169115,   0.000010044,   0.000169413
      1.208049,    0.002037,    1.167371,  -0.000000027,  -0.003614194,   0.000013064,   0.003614218
      6.218189,    0.004104,    2.351607,  -0.000001999,   0.008505440,   0.000028889,   0.008505489
      6.420000,    0.004095,    2.346317,  -0.000002219,   0.002626225,   0.000039707,   0.002626526
     -1.800983,   -0.007243,   -4.150118,   0.000000000,   0.014192100,   0.000000000,   0.014192100
      5.201674,   -0.000012,   -0.007016,   0.000000000,   0.020030200,   0.000000000,   0.020030200
      4.606841,    0.004811,    2.756430,  -0.000000567,   0.014336981,   0.000011855,   0.014336986
      0.600449,    0.003751,    2.149301,  -0.000000170,   0.000383736,   0.000008126,   0.000383822
      1.008030,    0.002036,    1.166796,   0.000000029,  -0.004549855,   0.000014332,   0.004549878
      6.217760,    0.004449,    2.548945,  -0.000002601,   0.008146413,   0.000030576,   0.008146471
     -1.599811,   -0.007228,   -4.141360,   0.000000000,   0.014192100,   0.000000000,   0.014192100
      5.206956,    0.000332,    0.190399,   0.000000000,   0.020030200,   0.000000000,   0.020030200
      0.401014,    0.003758,    2.152942,  -0.000000219,   0.001533779,   0.000004757,   0.001533786
      0.809469,    0.002034,    1.165619,   0.000000086,  -0.004945857,   0.000014529,   0.004945879
      6.420000,    0.004441,    2.544540,  -0.000002816,   0.002515483,   0.000040895,   0.002515817
      4.609738,   -0.005164,   -2.958971,   0.000000344,   0.015095919,   0.000011177,   0.015095924
     -1.401172,   -0.007218,   -4.135386,  -0.000000610,   0.013217973,  -0.000001022,   0.013217973
      5.211212,    0.000676,    0.387194,  -0.000000118,   0.018949151,   0.000001140,   0.018949151
      0.199779,    0.003768,    2.159043,   0.000000000,   0.002226330,   0.000000000,   0.002226330
      0.610318,    0.002039,    1.168042,   0.000000129,  -0.004722601,   0.000013539,   0.004722621
      6.217671,    0.004794,    2.746597,  -0.000003100,   0.008327120,   0.000031321,   0.008327180
      4.609942,   -0.004820,   -2.761772,   0.000000506,   0.014015494,   0.000011794,   0.014015499
      6.420000,    0.004787,    2.742763,  -0.000003311,   0.002847666,   0.000041233,   0.002847966
     -1.200769,   -0.007213,   -4.132726,  -0.000000655,   0.011501262,   0.000000288,   0.011501262
      5.213707,    0.001020,    0.584456,  -0.000000170,   0.016961507,   0.000004502,   0.016961508
      0.000075,    0.003782,    2.167108,   0.000000000,   0.002226330,   0.000000000,   0.002226330
      0.410776,    0.002038,    1.167841,   0.000000133,  -0.004131477,   0.000011876,   0.004131494
      4.609107,   -0.004479,   -2.566133,   0.000000570,   0.013708859,   0.000011134,   0.013708864
      6.218510,    0.005138,    2.943745,  -0.000003422,   0.009339132,   0.000030613,   0.009339182
     -0.999673,   -0.007212,   -4.132031,  -0.000000530,   0.010154664,   0.000001517,   0.010154664
      5.214325,    0.001365,    0.782016,  -0.000000227,   0.015498451,   0.000007228,   0.015498453
     -0.200405,    0.003766,    2.157494,   0.000000000,   0.002226330,   0.000000000,   0.002226330
      0.209211,    0.002042,    1.169956,   0.000000086,  -0.003499707,   0.000010279,   0.003499722
      6.420000,    0.005133,    2.940986,  -0.000003630,   0.003956283,   0.000040134,   0.003956488
      4.607899,   -0.004138,   -2.370817,   0.000000517,   0.013929051,   0.000009652,   0.013929054
     -0.800599,   -0.007212,   -4.131911,  -0.000000374,   0.009728590,   0.000001770,   0.009728590
      5.214379,    0.001710,    0.979560,  -0.000000247,   0.015110561,   0.000008263,   0.015110564
     -0.401015,    0.003754,    2.150847,   0.000000224,   0.001522827,   0.000004768,   0.001522834
      0.009245,    0.002041,    1.169660,  -0.000000002,  -0.003272109,   0.000009683,   0.003272123
      6.218297,    0.005484,    3.141950,  -0.000003515,   0.011365914,   0.000028107,   0.011365949
      4.606643,   -0.003799,   -2.176588,   0.000000359,   0.014230712,   0.000008117,   0.014230714
      6.420000,    0.005479,    3.139209,  -0.000003702,   0.005858622,   0.000037572,   0.005858743
     -0.600608,   -0.007214,   -4.133040,  -0.000000163,   0.010264722,   0.000000944,   0.010264722
      5.214287,    0.002055,    1.177543,  -0.000000242,   0.016155277,   0.000006973,   0.016155278
     -0.599862,    0.003749,    2.147866,   0.000000181,   0.000360404,   0.000008150,   0.000360497
     -0.189333,    0.002041,    1.169156,  -0.000000090,  -0.003472387,   0.000010197,   0.003472402
      4.606574,   -0.003456,   -1.980201,   0.000000141,   0.014178526,   0.000007289,   0.014178528
      6.218145,    0.005831,    3.340660,  -0.000003306,   0.014023694,   0.000024444,   0.014023716
     -0.399862,   -0.007220,   -4.136501,   0.000000014,   0.011342710,  -0.000000258,   0.011342710
      5.213352,    0.002403,    1.377057,  -0.000000212,   0.018240867,   0.000004059,   0.018240868
     -0.799039,    0.003747,    2.146684,   0.000000101,  -0.000189737,   0.000010056,   0.000190004
     -0.387396,    0.002039,    1.168203,  -0.000000143,  -0.004074046,   0.000011713,   0.004074063
      6.420000,    0.005825,    3.337432,  -0.000003484,   0.008340707,   0.000033945,   0.008340777
      4.607552,   -0.003114,   -1.784002,  -0.000000064,   0.013574619,   0.000007505,   0.013574621
     -0.199578,   -0.007229,   -4.141958,   0.000000000,   0.012001800,   0.000000000,   0.012001800
      5.211250,    0.002748,    1.574450,  -0.000000131,   0.020707822,   0.000000746,   0.020707822
     -0.998519,    0.003748,    2.147313,   0.000000021,   0.000290895,   0.000009757,   0.000291059
     -0.588881,    0.002037,    1.167228,  -0.000000143,  -0.004701888,   0.000013437,   0.004701907
      6.217786,    0.006177,    3.539092,  -0.000002794,   0.016806290,   0.000020518,   0.016806302
      4.609042,   -0.002774,   -1.589510,  -0.000000172,   0.012382599,   0.000008863,   0.012382602
      6.420000,    0.006171,    3.535655,  -0.000002977,   0.010928749,   0.000030119,   0.010928791
      0.000647,   -0.007243,   -4.150077,   0.000000000,   0.012001800,   0.000000000,   0.012001800
      5.205765,    0.003097,    1.774535,   0.000000000,   0.022094500,   0.000000000,   0.022094500
     -1.198577,    0.003751,    2.149321,  -0.000000054,   0.001748414,   0.000007383,   0.001748430
     -0.794478,    0.002036,    1.166476,  -0.000000104,  -0.004968672,   0.000014535,   0.004968694
      4.609853,   -0.002426,   -1.390162,  -0.000000155,   0.010883903,   0.000010815,   0.010883908
      6.217007,    0.006522,    3.737014,  -0.000002076,   0.019106427,   0.000017361,   0.019106435
      0.202148,   -0.007228,   -4.141394,   0.000000000,   0.012001800,   0.000000000,   0.012001800
      5.199286,    0.003443,    1.972600,   0.000000000,   0.022094500,   0.000000000,   0.022094500
     -1.398879,    0.003758,    2.153345,  -0.000000112,   0.003649138,   0.000003861,   0.003649140
     -0.996884,    0.002038,    1.167487,  -0.000000049,  -0.004603177,   0.000014411,   0.004603199
      6.420000,    0.006517,    3.733878,  -0.000002284,   0.013120128,   0.000027034,   0.013120156
      4.609712,   -0.002082,   -1.192658,  -0.000000031,   0.009602523,   0.000012495,   0.009602531
      0.401199,   -0.007218,   -4.135424,  -0.000000005,   0.011371435,  -0.000000262,   0.011371435
      5.204496,    0.003785,    2.168712,   0.000000000,   0.022094500,   0.000000000,   0.022094500
     -1.600341,    0.003768,    2.158931,   0.000000000,   0.004736660,   0.000000000,   0.004736660
     -1.197882,    0.002039,    1.168522,   0.000000004,  -0.003672707,   0.000013166,   0.003672730
      6.216802,    0.006867,    3.934615,  -0.000001357,   0.020432514,   0.000015855,   0.020432520
      4.612028,   -0.001738,   -0.995991,   0.000000142,   0.008947696,   0.000013211,   0.008947706
      6.420000,    0.006863,    3.932101,  -0.000001567,   0.014556341,   0.000025275,   0.014556363
      0.601814,   -0.007213,   -4.132744,   0.000000169,   0.010322158,   0.000000927,   0.010322158
      5.206529,    0.004127,    2.364356,  -0.000000368,   0.021539607,   0.000001929,   0.021539607
     -1.801212,    0.003783,    2.167661,   0.000000000,   0.004736660,   0.000000000,   0.004736660
     -1.398566,    0.002043,    1.170812,   0.000000042,  -0.002482001,   0.000011392,   0.002482027
      6.217257,    0.007211,    4.131657,  -0.000000796,   0.020754694,   0.000015937,   0.020754700
      0.803029,   -0.007212,   -4.132042,   0.000000379,   0.009813005,   0.000001743,   0.009813005
      5.208635,    0.004469,    2.560645,  -0.000000713,   0.020617384,   0.000004925,   0.020617385
     -4.406691,   -0.005167,   -2.960256,  -0.000000476,   0.013398440,   0.000012142,   0.013398445
     -2.001175,    0.003772,    2.161469,   0.000000000,   0.004736660,   0.000000000,   0.004736660
     -1.599955,    0.002045,    1.171574,   0.000000043,  -0.001447497,   0.000009934,   0.001447531
      6.420000,    0.007209,    4.130324,  -0.000000956,   0.015059823,   0.000025070,   0.015059843
      1.002097,   -0.007212,   -4.131897,   0.000000533,   0.010272446,   0.000001474,   0.010272446
      5.208933,    0.004814,    2.758223,  -0.000000950,   0.020502491,   0.000006809,   0.020502492
     -4.206595,   -0.005166,   -2.960089,  -0.000000585,   0.011942935,   0.000012271,   0.011942942
     -2.201525,    0.003763,    2.156303,   0.000000248,   0.004307644,   0.000005163,   0.004307648
     -1.800815,    0.002048,    1.173143,   0.000000003,  -0.000934545,   0.000009582,   0.000934594
      6.217999,    0.007556,    4.329314,  -0.000000365,   0.020175224,   0.000017417,   0.020175232
     -2.605900,   -0.003084,   -1.767024,   0.000000128,   0.002816212,   0.000009562,   0.002816229
     -3.605936,    0.004474,    2.563366,   0.000000011,   0.009273537,   0.000007232,   0.009273540
      6.420000,    0.007555,    4.328547,  -0.000000437,   0.014759043,   0.000026028,   0.014759066
      1.201931,   -0.007213,   -4.133017,   0.000000657,   0.011637858,   0.000000250,   0.011637858
      5.210446,    0.005159,    2.955709,  -0.000000995,   0.021598391,   0.000006824,   0.021598392
     -4.005991,   -0.005166,   -2.959645,  -0.000000588,   0.011062216,   0.000011590,   0.011062222
     -2.403060,    0.003760,    2.154102,   0.000000200,   0.003598643,   0.000008518,   0.003598653
     -2.001513,    0.002046,    1.172477,  -0.000000061,  -0.000924361,   0.000010407,   0.000924419
      0.405685,    0.000678,    0.388431,  -0.000000382,  -0.001995193,   0.000006183,   0.001995203
     -4.808929,   -0.000365,   -0.208966,  -0.000000224,   0.015170139,   0.000003982,   0.015170140
      6.014343,   -0.007231,   -4.142779,   0.000000534,   0.025874272,   0.000007680,   0.025874274
      0.204364,    0.000678,    0.388640,  -0.000000300,  -0.001005780,   0.000003338,   0.001005785
      5.402431,    0.006560,    3.758414,   0.000000000,   0.032855800,   0.000000000,   0.032855800
     -2.405533,   -0.003085,   -1.767673,   0.000000280,   0.002894644,   0.000007749,   0.002894654
     -3.805992,    0.004476,    2.564291,   0.000000490,   0.009559003,   0.000008510,   0.009559007
      1.402387,   -0.007220,   -4.136466,   0.000000618,   0.013377220,  -0.000001051,   0.013377220
      5.209769,    0.005505,    3.153924,  -0.000000855,   0.024109930,   0.000004649,   0.024109931
     -3.804328,   -0.005163,   -2.957984,  -0.000000441,   0.010469480,   0.000010663,   0.010469485
     -2.602967,    0.003759,    2.153908,   0.000000115,   0.003612345,   0.000010193,   0.003612360
     -2.202182,    0.002043,    1.170472,  -0.000000106,  -0.001283110,   0.000012173,   0.001283167
     -4.811093,   -0.000713,   -0.408644,  -0.000000358,   0.014039061,   0.000006032,   0.014039062
      6.420000,   -0.008247,   -4.724993,  -0.000000903,   0.012531008,   0.000029479,   0.012531042
      6.013369,   -0.006891,   -3.948284,   0.000001001,   0.025960326,   0.000006743,   0.025960327
      0.001398,    0.000679,    0.389201,  -0.000000005,  -0.000738440,   0.000002361,   0.000738444
     -4.006320,    0.004476,    2.564534,   0.000000824,   0.009865603,   0.000010496,   0.009865608
     -2.204943,   -0.003084,   -1.766789,   0.000000332,   0.003885981,   0.000003979,   0.003885983
      5.201992,    0.006546,    3.750565,   0.000000000,   0.032855800,   0.000000000,   0.032855800
      6.219375,   -0.008247,   -4.724993,  -0.000000882,   0.017576605,   0.000021582,   0.017576619
      1.602287,   -0.007229,   -4.141916,   0.000000000,   0.014372200,   0.000000000,   0.014372200
      5.207450,    0.005852,    3.352767,  -0.000000500,   0.027503361,   0.000001322,   0.027503361
     -3.603967,   -0.005162,   -2.957761,  -0.000000186,   0.009883653,   0.000010030,   0.009883658
     -2.802990,    0.003762,    2.155633,   0.000000034,   0.004701807,   0.000009589,   0.004701817
     -2.402535,    0.002040,    1.168925,  -0.000000109,  -0.001554221,   0.000013959,   0.001554284
     -4.812576,   -0.001056,   -0.605266,  -0.000000384,   0.012692292,   0.000008543,   0.012692295
      6.014246,   -0.006551,   -3.753364,   0.000001737,   0.024683363,   0.000008092,   0.024683364
      6.218892,   -0.007907,   -4.530454,  -0.000000090,   0.018775146,   0.000019447,   0.018775156
     -0.197577,    0.000681,    0.390361,   0.000000284,  -0.000998860,   0.000003307,   0.000998866
     -2.003255,   -0.003087,   -1.768974,   0.000000000,   0.004543100,   0.000000000,   0.004543100
      6.420000,   -0.007906,   -4.530006,  -0.000000127,   0.013606637,   0.000027587,   0.013606665
      5.002448,    0.006537,    3.745594,   0.000000195,   0.031107128,  -0.000004116,   0.031107128
      1.802238,   -0.007243,   -4.150062,   0.000000000,   0.014372200,   0.000000000,   0.014372200
     -3.403252,   -0.005154,   -2.953237,   0.000000071,   0.008913757,   0.000010230,   0.008913762
     -3.003171,    0.003767,    2.158468,  -0.000000038,   0.006740408,   0.000006975,   0.006740412
     -2.602897,    0.002036,    1.166303,  -0.000000071,  -0.001378875,   0.000014979,   0.001378957
      4.207803,   -0.001389,   -0.795649,   0.000000348,   0.005627388,   0.000013668,   0.005627404
     -4.813362,   -0.001405,   -0.804911,  -0.000000317,   0.011644334,   0.000010617,   0.011644339
      6.015438,   -0.006210,   -3.558140,   0.000002501,   0.022344720,   0.000011083,   0.022344723
      5.209009,   -0.006211,   -3.558678,  -0.000000004,   0.030616405,  -0.000001643,   0.030616405
     -0.398747,    0.000680,    0.389861,   0.000000380,  -0.001969889,   0.000006099,   0.001969899
     -1.801618,   -0.003095,   -1.773581,   0.000000000,   0.004543100,   0.000000000,   0.004543100
      4.208001,   -0.001043,   -0.597508,   0.000000538,   0.006415878,   0.000011869,   0.006415889
      4.804080,    0.006535,    3.744178,  -0.000000039,   0.027570512,  -0.000001914,   0.027570512
      6.218170,   -0.007568,   -4.335958,   0.000000394,   0.019827697,   0.000017401,   0.019827705
      2.004088,   -0.007228,   -4.141452,   0.000000000,   0.014372200,   0.000000000,   0.014372200
     -3.203867,   -0.005150,   -2.950872,   0.000000209,   0.007641986,   0.000011086,   0.007641994
     -3.202848,    0.003774,    2.162494,  -0.000000090,   0.009110447,   0.000003417,   0.009110448
     -4.813787,   -0.001749,   -1.002341,  -0.000000208,   0.011525091,   0.000011208,   0.011525096
      6.420000,   -0.007566,   -4.335019,   0.000000462,   0.014427392,   0.000025999,   0.014427415
      6.016816,   -0.005869,   -3.362730,   0.000003034,   0.019321818,   0.000015254,   0.019321824
      5.211095,   -0.005862,   -3.358867,   0.000000465,   0.027109480,   0.000001352,   0.027109480
      2.803374,   -0.001373,   -0.786485,   0.000000064,  -0.001156063,   0.000014841,   0.001156158
     -0.599117,    0.000678,    0.388295,   0.000000242,  -0.003192858,   0.000009345,   0.003192872
     -1.601942,   -0.003079,   -1.764099,   0.000000000,   0.004543100,   0.000000000,   0.004543100
      4.207299,   -0.000698,   -0.400064,   0.000000553,   0.007425800,   0.000009791,   0.007425806
      4.604890,    0.006533,    3.743312,  -0.000000269,   0.024225814,   0.000000482,   0.024225814
      2.802965,   -0.001034,   -0.592237,   0.000000056,  -0.000313019,   0.000013120,   0.000313293
      2.203549,   -0.007218,   -4.135482,   0.000000521,   0.013974388,   0.000000276,   0.013974388
     -3.003332,   -0.005146,   -2.948327,   0.000000179,   0.006161669,   0.000012322,   0.006161681
     -3.402044,    0.003784,    2.168012,   0.000000000,   0.010478500,   0.000000000,   0.010478500
     -4.813709,   -0.002095,   -1.200523,  -0.000000079,   0.012383000,   0.000010241,   0.012383004
      6.017470,   -0.005527,   -3.166984,   0.000003187,   0.016308064,   0.000019270,   0.016308076
      6.217332,   -0.007228,   -4.141338,   0.000000805,   0.020387602,   0.000015975,   0.020387608
      5.211343,   -0.005522,   -3.163837,   0.000000791,   0.023802421,   0.000004586,   0.023802421
     -0.799527,    0.000679,    0.389032,   0.000000095,  -0.003767904,   0.000011109,   0.003767921
     -1.403573,   -0.003068,   -1.758025,  -0.000000212,   0.003249517,   0.000002588,   0.003249518
      4.206529,   -0.000354,   -0.202703,   0.000000376,   0.008255867,   0.000008081,   0.008255871
      6.420000,   -0.007226,   -4.140032,   0.000000961,   0.014712759,   0.000025089,   0.014712780
      4.404252,    0.006531,    3.741934,  -0.000000393,   0.021718980,   0.000002027,   0.021718980
      2.404388,   -0.007213,   -4.132777,   0.000000899,   0.013335499,   0.000001429,   0.013335499
     -2.802311,   -0.005141,   -2.945314,   0.000000001,   0.004838251,   0.000013292,   0.004838270
     -3.601386,    0.003795,    2.174520,   0.000000000,   0.010478500,   0.000000000,   0.010478500
      2.801396,   -0.000695,   -0.398275,   0.000000045,   0.000831223,   0.000010962,   0.000831295
     -4.811572,   -0.002432,   -1.393225,   0.000000045,   0.013995976,   0.000008042,   0.013995979
      6.016847,   -0.005185,   -2.971020,   0.000003077,   0.014151422,   0.000021730,   0.014151439
      5.211629,   -0.005176,   -2.965434,   0.000000927,   0.021320432,   0.000006730,   0.021320434
     -0.999981,    0.000679,    0.389151,  -0.000000061,  -0.003372510,   0.000010916,   0.003372528
     -1.204217,   -0.003063,   -1.754991,  -0.000000168,   0.001052422,   0.000006549,   0.001052442
      4.206742,   -0.000010,   -0.005942,   0.000000003,   0.008608603,   0.000007480,   0.008608607
      4.203451,    0.006532,    3.742790,  -0.000000395,   0.020445567,   0.000001942,   0.020445567
      6.217122,   -0.006888,   -3.946530,   0.000001337,   0.020081570,   0.000015884,   0.020081576
      2.605723,   -0.007212,   -4.132073,   0.000001196,   0.013340976,   0.000002021,   0.013340976
     -2.602754,   -0.005141,   -2.945580,  -0.000000230,   0.003986637,   0.000013506,   0.003986660
      2.801585,   -0.000356,   -0.203871,   0.000000030,   0.001804375,   0.000009191,   0.001804398
     -4.807750,   -0.002771,   -1.587710,   0.000000070,   0.015752864,   0.000005622,   0.015752865
      6.420000,   -0.006885,   -3.945044,   0.000001541,   0.014238981,   0.000025271,   0.014239003
      6.016536,   -0.004843,   -2.774682,   0.000002780,   0.013092245,   0.000022278,   0.013092264
      5.211379,   -0.004832,   -2.768558,   0.000000886,   0.020258954,   0.000006701,   0.020258955
      3.807617,   -0.001383,   -0.792627,   0.000000176,   0.004450588,   0.000011107,   0.004450602
     -1.199845,    0.000680,    0.389387,  -0.000000201,  -0.002061460,   0.000008857,   0.002061479
     -1.004741,   -0.003062,   -1.754174,  -0.000000030,  -0.000513201,   0.000009093,   0.000513282
      4.208836,    0.000337,    0.192939,  -0.000000377,   0.008267817,   0.000008140,   0.008267821
      4.002537,    0.006538,    3.745929,  -0.000000309,   0.020340752,   0.000000406,   0.020340752
      3.807381,   -0.001039,   -0.595191,   0.000000240,   0.005657101,   0.000008152,   0.005657107
      2.804781,   -0.007212,   -4.131899,   0.000001352,   0.014347846,   0.000001443,   0.014347846
     -2.402656,   -0.005142,   -2.945955,  -0.000000417,   0.003670613,   0.000012868,   0.003670636
      2.802187,   -0.000015,   -0.008439,   0.000000008,   0.002188795,   0.000008513,   0.002188812
     -4.804635,   -0.003113,   -1.783551,  -0.000000026,   0.017141396,   0.000003960,   0.017141397
      6.015855,   -0.004501,   -2.578857,   0.000002340,   0.013169935,   0.000020907,   0.013169952
      6.217130,   -0.006548,   -3.751568,   0.000002024,   0.018825375,   0.000017294,   0.018825383
      5.210883,   -0.004488,   -2.571689,   0.000000657,   0.020382651,   0.000004838,   0.020382652
     -1.400097,    0.000681,    0.390069,  -0.000000330,  -0.000225345,   0.000005558,   0.000225414
      3.806419,   -0.000693,   -0.397232,   0.000000328,   0.007236229,   0.000004070,   0.007236230
     -0.804403,   -0.003062,   -1.754512,   0.000000109,  -0.000990190,   0.000009408,   0.000990234
      4.211037,    0.000682,    0.390557,  -0.000000558,   0.007456338,   0.000009883,   0.007456344
      6.420000,   -0.006545,   -3.750057,   0.000002223,   0.012875983,   0.000026927,   0.012876011
      3.801526,    0.006545,    3.749833,   0.000000000,   0.020449900,   0.000000000,   0.020449900
      3.004465,   -0.007213,   -4.133006,   0.000001395,   0.016242839,  -0.000000051,   0.016242839
     -2.202011,   -0.005144,   -2.947457,  -0.000000466,   0.003761392,   0.000011657,   0.003761410
      2.803507,    0.000327,    0.187164,  -0.000000010,   0.001868087,   0.000009127,   0.001868110
     -4.803762,   -0.003456,   -1.979895,  -0.000000197,   0.017869358,   0.000003508,   0.017869359
      6.015576,   -0.004159,   -2.382796,   0.000001747,   0.013837394,   0.000018622,   0.013837407
      5.209292,   -0.004146,   -2.375279,   0.000000333,   0.021298188,   0.000001899,   0.021298188
     -1.600357,    0.000681,    0.390247,  -0.000000331,   0.001105443,   0.000002989,   0.001105447
      3.804082,   -0.000349,   -0.200229,   0.000000000,   0.008043550,   0.000000000,   0.008043550
     -0.604523,   -0.003065,   -1.756212,   0.000000257,  -0.000307465,   0.000007342,   0.000307553
      4.210066,    0.001022,    0.585684,  -0.000000550,   0.006475151,   0.000011925,   0.006475163
      3.600344,    0.006556,    3.756291,   0.000000000,   0.020449900,   0.000000000,   0.020449900
      6.217874,   -0.006207,   -3.556497,   0.000002717,   0.016618952,   0.000020315,   0.016618964
      3.204637,   -0.007219,   -4.136442,   0.000001156,   0.018424508,  -0.000001461,   0.018424508
     -2.000382,   -0.005146,   -2.948211,  -0.000000343,   0.003906872,   0.000010500,   0.003906886
      2.803996,    0.000670,    0.383971,  -0.000000021,   0.000922732,   0.000010888,   0.000922796
     -4.804377,   -0.003797,   -2.175797,  -0.000000369,   0.017707268,   0.000004718,   0.017707269
      6.420000,   -0.006205,   -3.555070,   0.000002892,   0.010781649,   0.000029863,   0.010781691
      6.014180,   -0.003817,   -2.187013,   0.000001120,   0.014598025,   0.000016206,   0.014598034
      5.205995,   -0.003801,   -2.177825,   0.000000000,   0.021855300,   0.000000000,   0.021855300
     -1.800384,    0.000683,    0.391115,  -0.000000147,   0.001452040,   0.000002373,   0.001452042
      3.801504,   -0.000005,   -0.002634,   0.000000000,   0.008043550,   0.000000000,   0.008043550
     -0.404880,   -0.003071,   -1.759722,   0.000000306,   0.001185728,   0.000003510,   0.001185734
      4.209421,    0.001366,    0.782725,  -0.000000364,   0.005715421,   0.000013712,   0.005715437
      3.400811,    0.006539,    3.746821,   0.000000000,   0.020449900,   0.000000000,   0.020449900
      3.404152,   -0.007229,   -4.141875,   0.000000000,   0.019704600,   0.000000000,   0.019704600
     -1.800119,   -0.005144,   -2.947329,  -0.000000101,   0.003821676,   0.000009888,   0.003821689
      2.805880,    0.001014,    0.580779,  -0.000000027,  -0.000212299,   0.000013070,   0.000212701
     -4.805649,   -0.004140,   -2.372132,  -0.000000474,   0.017150869,   0.000006695,   0.017150871
      6.013429,   -0.003477,   -1.992425,   0.000000628,   0.014850146,   0.000014826,   0.014850154
      6.218425,   -0.005867,   -3.361364,   0.000003220,   0.013925822,   0.000024117,   0.013925844
      5.200692,   -0.003462,   -1.983412,   0.000000000,   0.021855300,   0.000000000,   0.021855300
     -0.204193,   -0.003082,   -1.765630,   0.000000000,   0.002122040,   0.000000000,   0.002122040
      4.210485,    0.001710,    0.979499,  -0.000000140,   0.005639135,   0.000014331,   0.005639153
      6.420000,   -0.005864,   -3.360083,   0.000003392,   0.008283863,   0.000033551,   0.008283931
      3.202127,    0.006529,    3.740600,   0.000000122,   0.018803110,  -0.000002035,   0.018803110
      3.603827,   -0.007243,   -4.150032,   0.000000000,   0.019704600,   0.000000000,   0.019704600
     -1.599515,   -0.005141,   -2.945568,   0.000000142,   0.003256909,   0.000010215,   0.003256925
      3.804103,    0.000334,    0.191432,   0.000000000,   0.008043550,   0.000000000,   0.008043550
      2.805844,    0.001357,    0.777675,  -0.000000032,  -0.001045912,   0.000014812,   0.001046016
      2.000676,   -0.000692,   -0.396541,   0.000000275,   0.001251943,   0.000003615,   0.001251948
     -4.807068,   -0.004483,   -2.568607,  -0.000000525,   0.016677421,   0.000008646,   0.016677423
      6.014531,   -0.003135,   -1.796173,   0.000000372,   0.013991091,   0.000015460,   0.013991099
      5.205952,   -0.003118,   -1.786666,   0.000000000,   0.021855300,   0.000000000,   0.021855300
     -0.002390,   -0.003095,   -1.773572,   0.000000000,   0.002122040,   0.000000000,   0.002122040
      4.208983,    0.002055,    1.177358,   0.000000097,   0.006341543,   0.000013531,   0.006341557
      3.002284,    0.006524,    3.737797,  -0.000000065,   0.016090309,   0.000000135,   0.016090309
      6.218849,   -0.005526,   -3.166199,   0.000003438,   0.011322470,   0.000027722,   0.011322505
      3.804916,   -0.007232,   -4.143897,   0.000000000,   0.019704600,   0.000000000,   0.019704600
     -1.400185,   -0.005138,   -2.943764,   0.000000267,   0.002353947,   0.000011196,   0.002353973
      3.805448,    0.000676,    0.387115,  -0.000000329,   0.007259597,   0.000004057,   0.007259598
      2.806561,    0.001702,    0.975139,  -0.000000038,  -0.001167623,   0.000015423,   0.001167725
      2.001113,   -0.000350,   -0.200410,   0.000000000,   0.002192160,   0.000000000,   0.002192160
     -4.806448,   -0.004826,   -2.765282,  -0.000000496,   0.016730999,   0.000009821,   0.016731002
      6.420000,   -0.005524,   -3.165096,   0.000003619,   0.005853073,   0.000037114,   0.005853192
      6.016067,   -0.002793,   -1.600395,   0.000000351,   0.012326361,   0.000017698,   0.012326374
      5.209888,   -0.002777,   -1.591051,   0.000000112,   0.020519985,   0.000000729,   0.020519985
      0.196481,   -0.003079,   -1.763866,   0.000000000,   0.002122040,   0.000000000,   0.002122040
      4.207824,    0.002399,    1.374506,   0.000000320,   0.007672498,   0.000011627,   0.007672507
      2.801446,    0.006520,    3.735915,  -0.000000268,   0.013941649,   0.000001884,   0.013941650
      4.005826,   -0.007227,   -4.140835,   0.000001139,   0.019920766,   0.000001465,   0.019920766
     -1.199719,   -0.005134,   -2.941475,   0.000000226,   0.001296308,   0.000012470,   0.001296368
      3.806155,    0.001022,    0.585385,  -0.000000239,   0.005709808,   0.000008160,   0.005709813
      1.999490,   -0.000007,   -0.004034,   0.000000000,   0.002192160,   0.000000000,   0.002192160
     -4.808516,   -0.005170,   -2.962086,  -0.000000351,   0.017841652,   0.000009331,   0.017841655
      6.017103,   -0.002450,   -1.403678,   0.000000389,   0.010258854,   0.000020758,   0.010258875
      6.218768,   -0.005185,   -2.970741,   0.000003364,   0.009298718,   0.000030257,   0.009298768
      5.211888,   -0.002432,   -1.393332,   0.000000187,   0.018085135,   0.000004024,   0.018085135
      2.803806,   -0.002057,   -1.178741,   0.000000074,  -0.000603787,   0.000014691,   0.000603966
      0.395269,   -0.003068,   -1.757888,  -0.000000315,   0.001186555,   0.000003464,   0.001186560
      4.205791,    0.002743,    1.571819,   0.000000418,   0.009125689,   0.000009588,   0.009125694
      6.420000,   -0.005184,   -2.970109,   0.000003568,   0.003946968,   0.000039715,   0.003947169
      2.602165,    0.006520,    3.735672,  -0.000000395,   0.012873672,   0.000002404,   0.012873673
      4.206644,   -0.007226,   -4.140065,   0.000001650,   0.020515015,   0.000002227,   0.020515015
     -0.998750,   -0.005130,   -2.939168,   0.000000041,   0.000460350,   0.000013385,   0.000460544
      3.807148,    0.001363,    0.780803,  -0.000000175,   0.004545952,   0.000011103,   0.004545965
      2.001723,    0.000334,    0.191573,   0.000000000,   0.002192160,   0.000000000,   0.002192160
     -4.806350,   -0.005514,   -3.159184,  -0.000000098,   0.019879139,   0.000007271,   0.019879140
      6.017414,   -0.002107,   -1.207178,   0.000000414,   0.008432938,   0.000023474,   0.008432971
      5.212747,   -0.002089,   -1.196729,   0.000000209,   0.016075758,   0.000006858,   0.016075760
      2.803507,   -0.001718,   -0.984207,   0.000000072,  -0.001312227,   0.000015471,   0.001312318
      0.593789,   -0.003063,   -1.754878,  -0.000000271,  -0.000311413,   0.000007322,   0.000311499
      4.204450,    0.003089,    1.769789,   0.000000344,   0.010266727,   0.000008189,   0.010266730
      2.402124,    0.006521,    3.736534,  -0.000000434,   0.012980206,   0.000001450,   0.012980206
      6.218102,   -0.004844,   -2.775355,   0.000003064,   0.008224122,   0.000031105,   0.008224182
      4.407071,   -0.007224,   -4.139141,   0.000001918,   0.022035237,   0.000001938,   0.022035237
     -0.799311,   -0.005132,   -2.940427,  -0.000000192,   0.000121537,   0.000013499,   0.000122285
      3.807187,    0.001709,    0.979215,  -0.000000096,   0.004302708,   0.000012153,   0.004302725
      6.420000,   -0.004844,   -2.775122,   0.000003278,   0.002786396,   0.000040941,   0.002786699
      6.017238,   -0.001763,   -1.010039,   0.000000400,   0.007573315,   0.000024555,   0.007573355
      5.213753,   -0.001745,   -0.999690,   0.000000214,   0.015074542,   0.000008124,   0.015074544
     -1.803237,   -0.000684,   -0.391824,   0.000000147,   0.001450830,   0.000002340,   0.001450832
      4.807236,    0.005502,    3.152503,  -0.000000140,   0.019959817,   0.000007331,   0.019959819
      0.793919,   -0.003061,   -1.753678,  -0.000000119,  -0.001028365,   0.000009472,   0.001028409
      4.203314,    0.003434,    1.967460,  -0.000000002,   0.010863759,   0.000008031,   0.010863762
      2.201374,    0.006527,    3.739903,  -0.000000380,   0.014031111,  -0.000000553,   0.014031111
      4.607274,   -0.007224,   -4.138825,   0.000001987,   0.024619879,   0.000000342,   0.024619879
     -0.599397,   -0.005134,   -2.941577,  -0.000000373,   0.000284957,   0.000012799,   0.000285245
      3.805933,    0.002054,    1.177114,  -0.000000013,   0.005256581,   0.000010844,   0.005256593
     -2.606446,   -0.002055,   -1.177662,   0.000000110,  -0.001314965,   0.000014763,   0.001315048
      6.218251,   -0.004503,   -2.580115,   0.000002591,   0.007973497,   0.000030515,   0.007973555
     -1.603878,   -0.000686,   -0.393039,   0.000000327,   0.001097440,   0.000002965,   0.001097444
      0.992932,   -0.003061,   -1.754073,   0.000000023,  -0.000595287,   0.000009251,   0.000595359
     -5.814243,   -0.007568,   -4.336380,  -0.000000383,   0.029431898,   0.000003775,   0.029431899
      4.203785,    0.003779,    2.165040,  -0.000000455,   0.010853534,   0.000008997,   0.010853538
      4.608142,    0.005499,    3.150805,  -0.000000182,   0.017464590,   0.000009051,   0.017464592
      6.420000,   -0.004503,   -2.580135,   0.000002813,   0.002379782,   0.000040776,   0.002380133
      2.000178,    0.006537,    3.745500,   0.000000000,   0.014742800,   0.000000000,   0.014742800
      4.807056,   -0.007226,   -4.140289,   0.000001918,   0.027880100,  -0.000001786,   0.027880100
     -5.006170,   -0.006204,   -3.554464,   0.000000500,   0.028743252,  -0.000001480,   0.028743252
     -0.398928,   -0.005138,   -2.943699,  -0.000000409,   0.000783554,   0.000011614,   0.000783640
      3.804332,    0.002400,    1.375354,   0.000000070,   0.007109070,   0.000007681,   0.007109075
     -2.406560,   -0.002053,   -1.176472,   0.000000144,  -0.001549093,   0.000013822,   0.001549154
     -1.404696,   -0.000685,   -0.392514,   0.000000327,  -0.000212838,   0.000005482,   0.000212909
      4.204628,    0.004123,    2.362482,  -0.000000780,   0.010601694,   0.000010675,   0.010601699
      1.192842,   -0.003064,   -1.755786,   0.000000166,   0.000949600,   0.000006768,   0.000949624
      4.407330,    0.005497,    3.149707,  -0.000000355,   0.015357032,   0.000010173,   0.015357036
      1.799127,    0.006552,    3.754045,   0.000000000,   0.014742800,   0.000000000,   0.014742800
     -5.612471,   -0.007572,   -4.338687,  -0.000000690,   0.031831278,   0.000000754,   0.031831278
      6.217403,   -0.004160,   -2.383715,   0.000002007,   0.008316804,   0.000028880,   0.008316854
      5.006837,   -0.007231,   -4.143089,   0.000001520,   0.031013399,  -0.000003137,   0.031013399
     -4.806245,   -0.006202,   -3.553259,   0.000000270,   0.025375256,   0.000000481,   0.025375256
     -0.197398,   -0.005142,   -2.945925,  -0.000000270,   0.001269043,   0.000010577,   0.001269087
      3.801917,    0.002748,    1.574472,   0.000000195,   0.009236732,   0.000003581,   0.009236732
     -2.206880,   -0.002052,   -1.175745,   0.000000136,  -0.001324883,   0.000012099,   0.001324938
      6.420000,   -0.004163,   -2.385148,   0.000002242,   0.002437039,   0.000039732,   0.002437363
     -1.207272,   -0.000683,   -0.391589,   0.000000201,  -0.002025552,   0.000008743,   0.002025571
      1.396630,   -0.003074,   -1.761275,   0.000000220,   0.003223182,   0.000002687,   0.003223184
      4.206336,    0.005496,    3.149128,  -0.000000523,   0.013962681,   0.000010293,   0.013962685
      1.599215,    0.006536,    3.744847,   0.000000000,   0.014742800,   0.000000000,   0.014742800
     -5.411328,   -0.007577,   -4.341313,  -0.000001216,   0.032336247,   0.000000099,   0.032336247
      5.206098,   -0.007238,   -4.147148,   0.000000000,   0.032451700,   0.000000000,   0.032451700
     -4.606171,   -0.006200,   -3.552180,   0.000000047,   0.022140000,   0.000002916,   0.022140000
      0.002764,   -0.005143,   -2.946599,  -0.000000012,   0.001491026,   0.000010133,   0.001491061
      3.799951,    0.003096,    1.774082,   0.000000000,   0.010375800,   0.000000000,   0.010375800
     -2.005534,   -0.002051,   -1.174988,   0.000000081,  -0.001005027,   0.000010375,   0.001005081
      4.207185,   -0.004480,   -2.566717,   0.000000843,   0.010165943,   0.000012097,   0.010165951
      6.217114,   -0.003822,   -2.189952,   0.000001416,   0.008694853,   0.000027230,   0.008694895
     -1.006001,   -0.000684,   -0.392143,   0.000000060,  -0.003371162,   0.000010871,   0.003371179
      1.599082,   -0.003087,   -1.768475,   0.000000000,   0.004560740,   0.000000000,   0.004560740
      4.005785,    0.005499,    3.150927,  -0.000000599,   0.013255222,   0.000009555,   0.013255225
      6.420000,   -0.003823,   -2.190161,   0.000001662,   0.002555058,   0.000038513,   0.002555349
      1.400158,    0.006526,    3.738833,   0.000000227,   0.013409004,  -0.000001725,   0.013409004
     -5.210788,   -0.007571,   -4.337818,  -0.000002234,   0.031901989,  -0.000000743,   0.031901989
      5.405875,   -0.007248,   -4.152981,   0.000000000,   0.032451700,   0.000000000,   0.032451700
     -4.405555,   -0.006196,   -3.550106,  -0.000000161,   0.019714403,   0.000004324,   0.019714403
      0.203287,   -0.005140,   -2.945267,   0.000000244,   0.001262773,   0.000010608,   0.001262818
      3.798737,    0.003444,    1.973424,   0.000000000,   0.010375800,   0.000000000,   0.010375800
     -1.804588,   -0.002050,   -1.174439,   0.000000006,  -0.001030291,   0.000009564,   0.001030335
      4.206243,   -0.004139,   -2.371393,   0.000000748,   0.010302189,   0.000010637,   0.010302194
     -0.806314,   -0.000684,   -0.391743,  -0.000000096,  -0.003790256,   0.000011117,   0.003790273
      1.799320,   -0.003105,   -1.779286,   0.000000000,   0.004560740,   0.000000000,   0.004560740
      3.804536,    0.005500,    3.151204,  -0.000000512,   0.012870514,   0.000008547,   0.012870517
      1.200009,    0.006521,    3.736304,   0.000000122,   0.011193687,   0.000000389,   0.011193687
     -5.008573,   -0.007569,   -4.336576,  -0.000002970,   0.030110169,  -0.000001049,   0.030110169
      6.216949,   -0.003478,   -1.992972,   0.000000923,   0.008618943,   0.000026381,   0.008618983
      5.608250,   -0.007240,   -4.148464,   0.000000000,   0.032451700,   0.000000000,   0.032451700
     -4.204675,   -0.006198,   -3.551055,  -0.000000325,   0.018456257,   0.000004169,   0.018456257
      0.402661,   -0.005137,   -2.943420,   0.000000378,   0.000792476,   0.000011643,   0.000792562
     -1.607112,   -0.002047,   -1.173094,  -0.000000043,  -0.001522385,   0.000009885,   0.001522417
      4.205421,   -0.003800,   -2.177235,   0.000000446,   0.010566605,   0.000009002,   0.010566609
      6.420000,   -0.003482,   -1.995174,   0.000001173,   0.002363482,   0.000037814,   0.002363785
      3.802496,   -0.003801,   -2.177638,   0.000000000,   0.010096200,   0.000000000,   0.010096200
     -0.606882,   -0.000684,   -0.391715,  -0.000000243,  -0.003248069,   0.000009430,   0.003248083
      1.999600,   -0.003096,   -1.773653,   0.000000000,   0.004560740,   0.000000000,   0.004560740
      3.603694,    0.005499,    3.150801,  -0.000000273,   0.012350735,   0.000007954,   0.012350737
      0.998993,    0.006518,    3.734759,  -0.000000031,   0.009640184,   0.000001921,   0.009640185
     -4.809536,   -0.007564,   -4.333893,  -0.000003311,   0.027136739,   0.000000306,   0.027136739
     -4.004018,   -0.006197,   -3.550349,  -0.000000473,   0.018288028,   0.000002714,   0.018288028
      0.603207,   -0.005133,   -2.941223,   0.000000339,   0.000306278,   0.000012826,   0.000306546
     -1.406715,   -0.002045,   -1.171844,  -0.000000050,  -0.002539339,   0.000011317,   0.002539364
      4.204905,   -0.003456,   -1.980342,   0.000000004,   0.010597091,   0.000008051,   0.010597094
      6.217354,   -0.003139,   -1.798259,   0.000000624,   0.007885522,   0.000026784,   0.007885568
     -5.602684,    0.006898,    3.952148,   0.000000000,   0.032869300,   0.000000000,   0.032869300
      3.800106,   -0.003454,   -1.978935,   0.000000000,   0.010096200,   0.000000000,   0.010096200
     -0.405390,   -0.000683,   -0.391516,  -0.000000381,  -0.002013618,   0.000006174,   0.002013628
      2.201372,   -0.003090,   -1.770177,  -0.000000305,   0.003868761,   0.000003979,   0.003868763
      3.403800,    0.005495,    3.148364,   0.000000018,   0.011441454,   0.000008041,   0.011441457
      6.420000,   -0.003142,   -1.800186,   0.000000843,   0.001617805,   0.000038115,   0.001618254
      0.799789,    0.006518,    3.734807,  -0.000000160,   0.009187129,   0.000002168,   0.009187129
     -4.607911,   -0.007565,   -4.334695,  -0.000003446,   0.024052716,   0.000002258,   0.024052717
     -3.803274,   -0.006199,   -3.551875,  -0.000000580,   0.018534447,   0.000001254,   0.018534447
      0.804307,   -0.005130,   -2.939119,   0.000000155,   0.000154655,   0.000013520,   0.000155245
     -1.207929,   -0.002045,   -1.171465,  -0.000000017,  -0.003700478,   0.000013057,   0.003700501
      4.205488,   -0.003113,   -1.783535,  -0.000000347,   0.010033618,   0.000008186,   0.010033622
     -5.607736,    0.006551,    3.753584,   0.000000000,   0.032869300,   0.000000000,   0.032869300
      3.802228,   -0.003109,   -1.781472,   0.000000000,   0.010096200,   0.000000000,   0.010096200
     -0.204137,   -0.000682,   -0.391012,  -0.000000296,  -0.001016310,   0.000003326,   0.001016316
      2.401250,   -0.003083,   -1.766577,  -0.000000238,   0.002793749,   0.000007838,   0.002793760
      3.202703,    0.005490,    3.145496,   0.000000210,   0.010007163,   0.000008961,   0.010007167
      0.599812,    0.006520,    3.735913,  -0.000000255,   0.009872950,   0.000001022,   0.009872950
     -4.407444,   -0.007564,   -4.333826,  -0.000003349,   0.021585137,   0.000003664,   0.021585138
      6.218001,   -0.002799,   -1.603451,   0.000000498,   0.006474032,   0.000028473,   0.006474095
     -3.602159,   -0.006202,   -3.553256,  -0.000000439,   0.018646165,   0.000000472,   0.018646165
      1.003781,   -0.005132,   -2.940436,  -0.000000077,   0.000535403,   0.000013365,   0.000535570
     -1.008167,   -0.002044,   -1.171350,   0.000000034,  -0.004631380,   0.000014324,   0.004631402
      4.206652,   -0.002768,   -1.585709,  -0.000000430,   0.008934132,   0.000009555,   0.008934137
      6.420000,   -0.002802,   -1.605199,   0.000000676,   0.000393996,   0.000039370,   0.000395958
     -5.611292,    0.006205,    3.555338,   0.000001858,   0.030815609,  -0.000000173,   0.030815609
      3.803501,   -0.002766,   -1.584917,  -0.000000199,   0.009001252,   0.000003564,   0.009001253
     -0.002914,   -0.000684,   -0.391694,  -0.000000003,  -0.000751223,   0.000002361,   0.000751227
      2.601829,   -0.003084,   -1.767232,  -0.000000072,   0.002637229,   0.000009751,   0.002637247
      3.002730,    0.005486,    3.143054,   0.000000205,   0.008389149,   0.000010204,   0.008389155
      0.399441,    0.006527,    3.739484,  -0.000000282,   0.011400780,  -0.000000999,   0.011400781
     -4.207302,   -0.007566,   -4.334780,  -0.000003094,   0.020039464,   0.000004048,   0.020039465
     -3.402918,   -0.006193,   -3.548461,   0.000000099,   0.018074295,   0.000000061,   0.018074295
      1.203717,   -0.005134,   -2.941687,  -0.000000255,   0.001378294,   0.000012444,   0.001378351
     -0.809888,   -0.002045,   -1.171729,   0.000000089,  -0.005013964,   0.000014509,   0.005013985
      4.206554,   -0.002423,   -1.388253,  -0.000000340,   0.007509596,   0.000011561,   0.007509605
      6.218636,   -0.002457,   -1.407928,   0.000000481,   0.004781503,   0.000030779,   0.004781602
     -5.613755,    0.005856,    3.355471,   0.000002194,   0.027004731,   0.000003872,   0.027004732
      3.804227,   -0.002420,   -1.386661,  -0.000000071,   0.006922209,   0.000007641,   0.006922213
      0.197592,   -0.000686,   -0.392771,   0.000000287,  -0.001011416,   0.000003301,   0.001011422
      2.801926,   -0.003088,   -1.769014,   0.000000073,   0.003679908,   0.000009193,   0.003679919
      6.420000,   -0.002461,   -1.410212,   0.000000614,  -0.001041540,   0.000041146,   0.001042353
      2.803634,    0.005482,    3.140740,   0.000000037,   0.006974607,   0.000011200,   0.006974616
      0.198708,    0.006537,    3.745222,   0.000000000,   0.012384700,   0.000000000,   0.012384700
     -4.006964,   -0.007568,   -4.336166,  -0.000002699,   0.019478724,   0.000003196,   0.019478725
     -3.201752,   -0.006185,   -3.543980,   0.000000388,   0.016166486,   0.000000946,   0.016166486
      1.404256,   -0.005138,   -2.943964,  -0.000000288,   0.002447872,   0.000011159,   0.002447898
     -0.610919,   -0.002040,   -1.169056,   0.000000129,  -0.004816631,   0.000013559,   0.004816650
      4.207448,   -0.002079,   -1.190916,  -0.000000116,   0.006205666,   0.000013467,   0.006205680
     -5.614359,    0.005512,    3.157947,   0.000002248,   0.023526803,   0.000007651,   0.023526804
      3.806135,   -0.002073,   -1.187845,   0.000000013,   0.005098849,   0.000010824,   0.005098860
      0.398449,   -0.000685,   -0.392236,   0.000000386,  -0.001979423,   0.000006078,   0.001979432
      3.001734,   -0.003091,   -1.771243,   0.000000206,   0.005803504,   0.000006420,   0.005803508
      2.602620,    0.005480,    3.139565,  -0.000000217,   0.006103330,   0.000011437,   0.006103341
     -0.001863,    0.006552,    3.753947,   0.000000000,   0.012384700,   0.000000000,   0.012384700
     -3.806510,   -0.007572,   -4.338230,  -0.000002338,   0.019399176,   0.000001872,   0.019399177
      6.218762,   -0.002114,   -1.211052,   0.000000487,   0.003344179,   0.000032749,   0.003344339
     -3.002040,   -0.006181,   -3.541428,   0.000000177,   0.013591975,   0.000002953,   0.013591976
      1.605916,   -0.005141,   -2.945801,  -0.000000147,   0.003362703,   0.000010167,   0.003362719
     -0.411206,   -0.002046,   -1.172334,   0.000000136,  -0.004199592,   0.000011866,   0.004199608
      4.207906,   -0.001732,   -0.992605,   0.000000122,   0.005522137,   0.000014274,   0.005522156
      6.420000,   -0.002121,   -1.215225,   0.000000592,  -0.002279827,   0.000042735,   0.002280227
     -5.614018,    0.005168,    2.960964,   0.000002139,   0.021040187,   0.000009959,   0.021040189
      3.807946,   -0.001729,   -0.990606,   0.000000098,   0.004180613,   0.000012141,   0.004180631
      0.599596,   -0.000684,   -0.391664,   0.000000252,  -0.003214238,   0.000009342,   0.003214251
      3.201180,   -0.003099,   -1.775417,   0.000000235,   0.008489107,   0.000002338,   0.008489108
      2.401999,    0.005484,    3.141901,  -0.000000430,   0.005918696,   0.000010745,   0.005918706
     -0.202159,    0.006536,    3.744854,   0.000000000,   0.012384700,   0.000000000,   0.012384700
     -3.606161,   -0.007575,   -4.340351,  -0.000001956,   0.019396801,   0.000000904,   0.019396801
     -2.803065,   -0.006177,   -3.539074,  -0.000000043,   0.011565974,   0.000004659,   0.011565975
      1.806142,   -0.005142,   -2.946290,   0.000000109,   0.003903069,   0.000009860,   0.003903082
     -0.209593,   -0.002045,   -1.171574,   0.000000088,  -0.003586205,   0.000010302,   0.003586220
      6.218546,   -0.001771,   -1.014656,   0.000000474,   0.002586578,   0.000033628,   0.002586797
     -5.614072,    0.004823,    2.763161,   0.000001899,   0.020043442,   0.000009850,   0.020043445
      0.799357,   -0.000686,   -0.392892,   0.000000109,  -0.003790618,   0.000011099,   0.003790634
     -4.004861,   -0.004479,   -2.566445,  -0.000000792,   0.009778303,   0.000010433,   0.009778309
      6.420000,   -0.001781,   -1.020238,   0.000000560,  -0.002932192,   0.000043429,   0.002932513
      2.201995,    0.005486,    3.143444,  -0.000000510,   0.006184561,   0.000009506,   0.006184568
     -0.401639,    0.006526,    3.738853,   0.000000294,   0.011396466,  -0.000001027,   0.011396466
     -3.406143,   -0.007569,   -4.336598,  -0.000002308,   0.019032868,   0.000000208,   0.019032868
     -2.601765,   -0.006175,   -3.538213,  -0.000000268,   0.010526623,   0.000005081,   0.010526624
      2.006703,   -0.005140,   -2.945033,   0.000000360,   0.003946184,   0.000010501,   0.003946198
     -3.600166,   -0.003796,   -2.175124,   0.000000000,   0.010429600,   0.000000000,   0.010429600
     -0.009469,   -0.002046,   -1.172548,   0.000000003,  -0.003348008,   0.000009694,   0.003348022
     -3.203483,    0.002735,    1.567044,   0.000000232,   0.007063458,   0.000004756,   0.007063460
     -5.612801,    0.004479,    2.566237,   0.000001517,   0.020346177,   0.000007591,   0.020346179
      0.999877,   -0.000686,   -0.393058,  -0.000000045,  -0.003396537,   0.000010905,   0.003396555
     -3.803474,   -0.004477,   -2.565250,  -0.000000465,   0.009474212,   0.000008433,   0.009474216
      2.001104,    0.005490,    3.145322,  -0.000000398,   0.006537549,   0.000008275,   0.006537554
     -0.602120,    0.006521,    3.736306,   0.000000273,   0.009842380,   0.000001012,   0.009842381
     -3.204468,   -0.007562,   -4.332750,  -0.000002496,   0.017550561,   0.000000507,   0.017550561
     -2.401206,   -0.006176,   -3.538597,  -0.000000449,   0.010609436,   0.000004038,   0.010609437
      2.206177,   -0.005137,   -2.943325,   0.000000486,   0.003762759,   0.000011663,   0.003762777
     -3.398709,   -0.003786,   -2.169189,   0.000000000,   0.010429600,   0.000000000,   0.010429600
      0.189262,   -0.002046,   -1.172369,  -0.000000083,  -0.003547011,   0.000010207,   0.003547025
     -3.204454,    0.002388,    1.368398,   0.000000228,   0.004499368,   0.000008643,   0.004499376
     -6.017483,   -0.007906,   -4.529715,  -0.000000119,   0.023763733,   0.000012344,   0.023763736
     -5.611166,    0.004136,    2.369971,   0.000001060,   0.021589623,   0.000003652,   0.021589624
      1.200101,   -0.000687,   -0.393689,  -0.000000183,  -0.002084925,   0.000008843,   0.002084944
     -3.603426,   -0.004475,   -2.564264,  -0.000000001,   0.009189926,   0.000007158,   0.009189929
     -6.018750,   -0.008247,   -4.724993,   0.000000613,   0.022262358,   0.000014923,   0.022262363
      1.800518,    0.005491,    3.146021,  -0.000000133,   0.006506747,   0.000007715,   0.006506752
     -0.803266,    0.006518,    3.734768,   0.000000180,   0.009108204,   0.000002205,   0.009108204
     -3.005415,   -0.007558,   -4.330682,  -0.000002477,   0.015393934,   0.000001976,   0.015393934
     -2.201441,   -0.006179,   -3.540193,  -0.000000609,   0.011575715,   0.000002112,   0.011575715
      2.406795,   -0.005133,   -2.941208,   0.000000439,   0.003623035,   0.000012894,   0.003623058
     -3.197724,   -0.003779,   -2.165356,   0.000000087,   0.009026440,   0.000003382,   0.009026440
      0.387512,   -0.002045,   -1.171773,  -0.000000132,  -0.004149602,   0.000011724,   0.004149619
     -3.204541,    0.002042,    1.169937,   0.000000117,   0.002398541,   0.000011760,   0.002398570
     -5.607873,    0.003794,    2.173881,   0.000000000,   0.022352500,   0.000000000,   0.022352500
      1.400631,   -0.000688,   -0.394429,  -0.000000309,  -0.000244656,   0.000005539,   0.000244719
     -3.402757,   -0.004468,   -2.559710,   0.000000361,   0.008408370,   0.000007465,   0.008408374
      1.600628,    0.005488,    3.144276,   0.000000157,   0.005956075,   0.000007933,   0.005956081
     -1.002457,    0.006518,    3.734797,   0.000000052,   0.009519231,   0.000001997,   0.009519231
     -2.805430,   -0.007558,   -4.330326,  -0.000002320,   0.013569956,   0.000003365,   0.013569957
     -5.816266,   -0.007908,   -4.530820,  -0.000000573,   0.027635864,   0.000006868,   0.027635865
     -2.001029,   -0.006186,   -3.544441,  -0.000000562,   0.012503248,   0.000000719,   0.012503248
      2.608513,   -0.005135,   -2.942304,   0.000000246,   0.003899642,   0.000013542,   0.003899666
     -3.000547,   -0.003773,   -2.161864,   0.000000035,   0.006656891,   0.000006897,   0.006656895
      0.589172,   -0.002043,   -1.170585,  -0.000000127,  -0.004784271,   0.000013456,   0.004784290
     -3.205910,    0.001697,    0.972084,  -0.000000024,   0.001396962,   0.000012993,   0.001397022
     -5.818125,   -0.008247,   -4.724993,  -0.000000099,   0.025993836,   0.000009566,   0.025993838
     -5.602862,    0.003452,    1.977621,   0.000000000,   0.022352500,   0.000000000,   0.022352500
      1.600609,   -0.000689,   -0.394486,  -0.000000308,   0.001087105,   0.000002978,   0.001087109
     -3.203443,   -0.004465,   -2.558521,   0.000000396,   0.007091949,   0.000009064,   0.007091955
      1.399411,    0.005484,    3.141887,   0.000000326,   0.004865779,   0.000008971,   0.004865787
     -1.202279,    0.006520,    3.735885,  -0.000000101,   0.011017954,   0.000000504,   0.011017954
     -2.604382,   -0.007557,   -4.330123,  -0.000002036,   0.012492132,   0.000003974,   0.012492133
     -1.799954,   -0.006193,   -3.548327,  -0.000000221,   0.012804847,   0.000000311,   0.012804847
      2.808073,   -0.005139,   -2.944251,   0.000000009,   0.004714466,   0.000013318,   0.004714485
     -2.800324,   -0.003773,   -2.161900,  -0.000000038,   0.004593284,   0.000009531,   0.004593294
      0.794297,   -0.002041,   -1.169604,  -0.000000082,  -0.005058486,   0.000014558,   0.005058507
     -3.204340,    0.001350,    0.773573,  -0.000000174,   0.001628417,   0.000012060,   0.001628461
     -5.615241,   -0.007910,   -4.532302,  -0.000001333,   0.030068515,   0.000003521,   0.030068515
     -5.608461,    0.003106,    1.779556,   0.000000000,   0.022352500,   0.000000000,   0.022352500
      1.800815,   -0.000691,   -0.395680,  -0.000000128,   0.001435452,   0.000002366,   0.001435454
     -3.001865,   -0.004457,   -2.553682,   0.000000238,   0.005380665,   0.000011200,   0.005380676
     -5.617500,   -0.008247,   -4.724993,  -0.000001475,   0.028393883,   0.000006110,   0.028393884
      1.199303,    0.005480,    3.139803,   0.000000293,   0.003642654,   0.000010251,   0.003642669
     -1.402335,    0.006527,    3.739448,  -0.000000211,   0.013204751,  -0.000001612,   0.013204751
     -2.404056,   -0.007559,   -4.331022,  -0.000001688,   0.012306903,   0.000003581,   0.012306904
     -1.600405,   -0.006186,   -3.544357,   0.000000274,   0.012328415,   0.000000162,   0.012328415
      3.007478,   -0.005143,   -2.946535,  -0.000000172,   0.005968354,   0.000012365,   0.005968367
     -2.601084,   -0.003768,   -2.159120,  -0.000000122,   0.003489429,   0.000010129,   0.003489444
      0.997932,   -0.002046,   -1.171984,  -0.000000022,  -0.004689776,   0.000014426,   0.004689799
     -3.205292,    0.001005,    0.575801,  -0.000000302,   0.003014361,   0.000009163,   0.003014375
     -5.612387,    0.002761,    1.581857,   0.000000393,   0.020732457,   0.000002392,   0.020732458
     -2.800595,   -0.004456,   -2.552983,  -0.000000015,   0.003774984,   0.000012932,   0.003775006
      1.000080,    0.005477,    3.137911,   0.000000107,   0.002688268,   0.000011192,   0.002688291
     -1.602642,    0.006537,    3.745180,   0.000000000,   0.014536100,   0.000000000,   0.014536100
     -2.203773,   -0.007562,   -4.332887,  -0.000001309,   0.012861074,   0.000002366,   0.012861074
     -5.414356,   -0.007909,   -4.531577,  -0.000002439,   0.030960788,   0.000001829,   0.030960788
     -1.399136,   -0.006179,   -3.540370,   0.000000483,   0.010745560,   0.000001175,   0.010745560
      3.207713,   -0.005148,   -2.949496,  -0.000000206,   0.007402132,   0.000011127,   0.007402140
     -2.401624,   -0.003772,   -2.161345,  -0.000000214,   0.003442916,   0.000008494,   0.003442926
      1.198162,   -0.002045,   -1.171611,   0.000000037,  -0.003778377,   0.000013197,   0.003778400
     -1.799835,    0.000341,    0.195644,   0.000000000,   0.002194520,   0.000000000,   0.002194520
     -3.204455,    0.000659,    0.377795,  -0.000000315,   0.004942147,   0.000005393,   0.004942150
     -5.416875,   -0.008247,   -4.724993,  -0.000003367,   0.029207324,   0.000004446,   0.029207325
     -5.614784,    0.002412,    1.381757,   0.000000472,   0.017856960,   0.000006876,   0.017856961
     -2.601212,   -0.004456,   -2.552882,  -0.000000269,   0.002817872,   0.000013311,   0.002817903
      0.799034,    0.005476,    3.137240,  -0.000000148,   0.002304254,   0.000011341,   0.002304282
     -1.802777,    0.006552,    3.753963,   0.000000000,   0.014536100,   0.000000000,   0.014536100
     -2.003396,   -0.007568,   -4.336321,  -0.000001092,   0.013407995,   0.000001314,   0.013407995
     -1.199328,   -0.006175,   -3.538266,   0.000000278,   0.008675695,   0.000003154,   0.008675695
      3.408191,   -0.005155,   -2.953650,  -0.000000068,   0.008659843,   0.000010252,   0.008659849
     -2.201621,   -0.003775,   -2.162886,  -0.000000265,   0.004120494,   0.000005183,   0.004120497
      1.399170,   -0.002053,   -1.176270,   0.000000082,  -0.002578249,   0.000011402,   0.002578274
     -1.797600,    0.000000,    0.000000,   0.000000000,   0.002194520,   0.000000000,   0.002194520
     -3.198074,    0.000327,    0.187283,  -0.000000155,   0.006201923,   0.000002959,   0.006201924
     -5.213834,   -0.007911,   -4.532845,  -0.000003616,   0.030224536,   0.000001500,   0.030224537
     -5.615561,    0.002067,    1.184551,   0.000000454,   0.015608174,   0.000010244,   0.015608178
     -2.401504,   -0.004454,   -2.551957,  -0.000000508,   0.002594714,   0.000012173,   0.002594742
     -5.216250,   -0.008247,   -4.724993,  -0.000005385,   0.028530308,   0.000004071,   0.028530309
      0.598454,    0.005481,    3.140134,  -0.000000345,   0.002575916,   0.000010596,   0.002575938
     -2.003472,    0.006536,    3.744933,   0.000000000,   0.014536100,   0.000000000,   0.014536100
     -1.802986,   -0.007574,   -4.339416,  -0.000000956,   0.013552507,   0.000000860,   0.013552507
     -1.000316,   -0.006172,   -3.536425,   0.000000064,   0.007245646,   0.000004676,   0.007245647
      3.608122,   -0.005160,   -2.956351,   0.000000188,   0.009584062,   0.000010067,   0.009584067
     -2.000165,   -0.003780,   -2.165716,   0.000000000,   0.004543100,   0.000000000,   0.004543100
      1.599998,   -0.002054,   -1.176937,   0.000000086,  -0.001555260,   0.000009951,   0.001555292
     -1.800955,   -0.000343,   -0.196382,   0.000000000,   0.002194520,   0.000000000,   0.002194520
     -3.196227,   -0.000009,   -0.005190,   0.000000002,   0.006587149,   0.000002082,   0.006587150
     -5.615049,    0.001723,    0.987139,   0.000000403,   0.014490590,   0.000011691,   0.014490595
     -2.201389,   -0.004458,   -2.554251,  -0.000000569,   0.002822481,   0.000010121,   0.002822499
      0.398522,    0.005484,    3.142141,  -0.000000396,   0.003220626,   0.000009398,   0.003220640
     -2.203383,    0.006526,    3.738921,   0.000000370,   0.013840639,  -0.000000480,   0.013840639
     -1.602616,   -0.007567,   -4.335780,  -0.000001164,   0.013270724,   0.000000531,   0.013270724
     -5.013439,   -0.007906,   -4.530057,  -0.000004591,   0.028353662,   0.000001875,   0.028353663
     -0.799177,   -0.006172,   -3.536093,  -0.000000167,   0.006838989,   0.000004866,   0.006838991
      3.807957,   -0.005161,   -2.957210,   0.000000441,   0.010157750,   0.000010706,   0.010157755
     -1.800424,   -0.003787,   -2.169734,   0.000000000,   0.004543100,   0.000000000,   0.004543100
      1.801304,   -0.002059,   -1.179888,   0.000000051,  -0.001035796,   0.000009584,   0.001035840
     -3.200075,   -0.000350,   -0.200533,   0.000000159,   0.006281528,   0.000002802,   0.006281528
     -5.015625,   -0.008247,   -4.724993,  -0.000006953,   0.026599442,   0.000004723,   0.026599444
     -5.614960,    0.001378,    0.789537,   0.000000322,   0.014893612,   0.000010558,   0.014893616
      1.801746,    0.000339,    0.194034,   0.000000000,   0.002192160,   0.000000000,   0.002192160
     -2.000127,   -0.004459,   -2.555050,  -0.000000369,   0.003151515,   0.000008054,   0.003151526
      0.197677,    0.005488,    3.144367,  -0.000000252,   0.003874639,   0.000008301,   0.003874648
     -2.404202,    0.006521,    3.736344,   0.000000426,   0.012807701,   0.000001535,   0.012807701
     -1.400881,   -0.007561,   -4.332090,  -0.000001230,   0.012102521,   0.000001030,   0.012102522
     -0.598690,   -0.006173,   -3.536970,  -0.000000365,   0.007515418,   0.000003649,   0.007515418
      4.008072,   -0.005163,   -2.958197,   0.000000584,   0.010731549,   0.000011645,   0.010731555
     -1.600217,   -0.003770,   -2.159839,   0.000000000,   0.004543100,   0.000000000,   0.004543100
      2.001846,   -0.002060,   -1.180254,  -0.000000010,  -0.001019883,   0.000010397,   0.001019936
     -3.202021,   -0.000693,   -0.396887,   0.000000330,   0.004954946,   0.000005344,   0.004954949
     -4.811383,   -0.007905,   -4.529037,  -0.000005148,   0.025659314,   0.000003051,   0.025659315
     -5.613893,    0.001032,    0.591539,   0.000000204,   0.016491433,   0.000007391,   0.016491435
      1.601239,    0.000339,    0.194339,   0.000000000,   0.002192160,   0.000000000,   0.002192160
     -1.800272,   -0.004459,   -2.554630,   0.000000007,   0.003235001,   0.000006962,   0.003235008
     -4.815000,   -0.008247,   -4.724993,  -0.000007787,   0.023929380,   0.000006095,   0.023929382
     -0.002745,    0.005490,    3.145324,   0.000000027,   0.004104104,   0.000007931,   0.004104112
     -2.605497,    0.006518,    3.734808,   0.000000387,   0.012708772,   0.000002510,   0.012708772
     -1.201550,   -0.007558,   -4.330178,  -0.000001100,   0.010454955,   0.000002390,   0.010454956
     -0.399036,   -0.006177,   -3.539039,  -0.000000544,   0.008974316,   0.000001726,   0.008974316
      4.208349,   -0.005163,   -2.958271,   0.000000577,   0.011600680,   0.000012349,   0.011600687
     -1.400636,   -0.003758,   -2.153117,   0.000000114,   0.003472907,   0.000003820,   0.003472909
      2.202193,   -0.002059,   -1.179963,  -0.000000049,  -0.001364408,   0.000012140,   0.001364462
     -3.203928,   -0.001034,   -0.592720,   0.000000324,   0.003083006,   0.000009001,   0.003083019
     -5.612066,    0.000687,    0.393797,   0.000000112,   0.018791944,   0.000002953,   0.018791945
      1.403681,    0.000337,    0.193090,   0.000000167,   0.001039056,   0.000003093,   0.001039061
     -1.600112,   -0.004453,   -2.551608,   0.000000335,   0.002694347,   0.000007571,   0.002694358
     -0.202536,    0.005487,    3.144031,   0.000000306,   0.003857284,   0.000008315,   0.003857293
     -2.804681,    0.006518,    3.734811,   0.000000261,   0.013788794,   0.000001990,   0.013788794
     -1.001659,   -0.007557,   -4.329935,  -0.000000887,   0.009256564,   0.000003458,   0.009256564
     -4.611505,   -0.007907,   -4.530240,  -0.000005329,   0.022728644,   0.000004818,   0.022728645
     -0.198699,   -0.006185,   -3.543677,  -0.000000418,   0.010204616,   0.000000508,   0.010204616
      4.408711,   -0.005164,   -2.958727,   0.000000462,   0.013054827,   0.000012234,   0.013054833
     -1.202884,   -0.003752,   -2.149747,   0.000000063,   0.001607808,   0.000007300,   0.001607824
      2.402541,   -0.002060,   -1.180269,  -0.000000042,  -0.001621367,   0.000013907,   0.001621427
     -3.205565,   -0.001377,   -0.788969,   0.000000203,   0.001759416,   0.000011782,   0.001759455
     -4.614375,   -0.008247,   -4.724993,  -0.000007889,   0.021136897,   0.000007714,   0.021136900
     -5.608521,    0.000343,    0.196431,   0.000000000,   0.020090600,   0.000000000,   0.020090600
      1.203748,    0.000336,    0.192673,   0.000000128,  -0.000972468,   0.000006777,   0.000972492
     -1.401208,   -0.004447,   -2.547740,   0.000000408,   0.001689306,   0.000009316,   0.001689332
     -0.403722,    0.005484,    3.142080,   0.000000449,   0.003193353,   0.000009418,   0.003193367
     -3.004350,    0.006520,    3.735880,   0.000000057,   0.015927941,   0.000000251,   0.015927941
     -0.800726,   -0.007557,   -4.329838,  -0.000000609,   0.008843713,   0.000003690,   0.008843714
      0.002209,   -0.006192,   -3.547913,  -0.000000005,   0.010594637,   0.000000364,   0.010594637
     -1.002221,   -0.003749,   -2.147956,  -0.000000012,   0.000156279,   0.000009685,   0.000156578
      2.602777,   -0.002061,   -1.180805,   0.000000005,  -0.001425587,   0.000014898,   0.001425665
     -3.205078,   -0.001720,   -0.985513,   0.000000055,   0.001529930,   0.000012683,   0.001529982
     -4.410958,   -0.007905,   -4.529500,  -0.000005206,   0.020327500,   0.000006135,   0.020327502
     -5.603146,   -0.000003,   -0.001457,   0.000000000,   0.020090600,   0.000000000,   0.020090600
     -4.408624,    0.004820,    2.761463,   0.000000676,   0.012404316,   0.000012902,   0.012404323
      1.004355,    0.000337,    0.193262,   0.000000035,  -0.002448338,   0.000009197,   0.002448355
     -1.200388,   -0.004441,   -2.544548,   0.000000277,   0.000420919,   0.000011480,   0.000421076
     -4.413750,   -0.008247,   -4.724993,  -0.000007497,   0.018747086,   0.000009054,   0.018747090
     -0.603830,    0.005481,    3.140214,   0.000000396,   0.002536807,   0.000010622,   0.002536829
     -3.204097,    0.006527,    3.739433,  -0.000000133,   0.018656820,  -0.000001952,   0.018656820
     -0.600482,   -0.007559,   -4.330821,  -0.000000326,   0.009271981,   0.000003008,   0.009271982
      0.201880,   -0.006186,   -3.544164,   0.000000401,   0.010218512,   0.000000506,   0.010218512
     -0.801457,   -0.003749,   -2.148246,  -0.000000095,  -0.000315429,   0.000009986,   0.000315587
     -3.205730,   -0.002063,   -1.182279,  -0.000000085,   0.002534558,   0.000011444,   0.002534584
     -5.608876,   -0.000349,   -0.200222,   0.000000000,   0.020090600,   0.000000000,   0.020090600
     -4.407671,    0.004476,    2.564309,   0.000000740,   0.012004061,   0.000012356,   0.012004067
     -2.603255,    0.001692,    0.969723,   0.000000002,  -0.002119153,   0.000015774,   0.002119211
      0.804459,    0.000337,    0.193146,  -0.000000061,  -0.002887656,   0.000009479,   0.002887671
     -0.999575,   -0.004440,   -2.543990,   0.000000028,  -0.000644858,   0.000013076,   0.000644990
     -0.803066,    0.005477,    3.138336,   0.000000201,   0.002262753,   0.000011355,   0.002262781
     -3.404211,    0.006542,    3.748488,   0.000000000,   0.020340400,   0.000000000,   0.020340400
     -0.400388,   -0.007562,   -4.332726,  -0.000000064,   0.010319503,   0.000001734,   0.010319503
     -4.210217,   -0.007906,   -4.529716,  -0.000004901,   0.018778881,   0.000006509,   0.018778883
      0.403209,   -0.006179,   -3.540288,   0.000000520,   0.009007834,   0.000001712,   0.009007834
     -0.601670,   -0.003752,   -2.149787,  -0.000000179,   0.000248578,   0.000008074,   0.000248709
     -3.205012,   -0.002407,   -1.379393,  -0.000000198,   0.004591224,   0.000008388,   0.004591232
     -4.213125,   -0.008247,   -4.724993,  -0.000006889,   0.017120054,   0.000009573,   0.017120058
     -5.612939,   -0.000696,   -0.398742,  -0.000000099,   0.018783112,   0.000002946,   0.018783112
     -4.406937,    0.004132,    2.367193,   0.000000660,   0.012105450,   0.000011001,   0.012105455
     -2.602729,    0.001357,    0.777362,   0.000000076,  -0.002050415,   0.000015246,   0.002050472
      0.604233,    0.000338,    0.193407,  -0.000000167,  -0.002226387,   0.000007488,   0.002226400
     -0.800437,   -0.004440,   -2.544104,  -0.000000227,  -0.001042654,   0.000013267,   0.001042739
     -1.004139,    0.005476,    3.137570,  -0.000000054,   0.002611457,   0.000011236,   0.002611481
     -3.603121,    0.006560,    3.758590,   0.000000000,   0.020340400,   0.000000000,   0.020340400
     -0.200119,   -0.007568,   -4.336232,   0.000000030,   0.011149045,   0.000000945,   0.011149045
      0.603185,   -0.006175,   -3.538235,   0.000000336,   0.007570759,   0.000003630,   0.007570760
     -0.401744,   -0.003758,   -2.153339,  -0.000000225,   0.001418537,   0.000004701,   0.001418544
     -3.204210,   -0.002752,   -1.576990,  -0.000000206,   0.007104363,   0.000004581,   0.007104364
     -4.009552,   -0.007907,   -4.530211,  -0.000004535,   0.018024303,   0.000005977,   0.018024305
     -5.615372,   -0.001044,   -0.598130,  -0.000000187,   0.016465095,   0.000007396,   0.016465096
     -4.406020,    0.003788,    2.170216,   0.000000418,   0.012300622,   0.000009595,   0.012300626
     -2.601974,    0.001017,    0.582653,   0.000000129,  -0.001324586,   0.000013664,   0.001324657
      0.402969,    0.000338,    0.193658,  -0.000000220,  -0.000845749,   0.000003892,   0.000845758
     -0.600605,   -0.004444,   -2.546310,  -0.000000472,  -0.000741707,   0.000012005,   0.000741804
     -4.012500,   -0.008247,   -4.724993,  -0.000006261,   0.016265987,   0.000009214,   0.016265990
     -1.204719,    0.005481,    3.140310,  -0.000000242,   0.003565422,   0.000010283,   0.003565437
     -3.803940,    0.006548,    3.751850,   0.000000000,   0.020340400,   0.000000000,   0.020340400
      0.000307,   -0.007574,   -4.339388,   0.000000011,   0.011359858,   0.000000875,   0.011359858
      0.802276,   -0.006172,   -3.536423,   0.000000137,   0.006916940,   0.000004836,   0.006916942
     -0.200125,   -0.003769,   -2.159264,   0.000000000,   0.002122040,   0.000000000,   0.002122040
     -5.616121,   -0.001389,   -0.795581,  -0.000000303,   0.014870050,   0.000010531,   0.014870054
     -4.405832,    0.003445,    1.973722,   0.000000104,   0.012208139,   0.000008755,   0.012208142
     -2.601259,    0.000677,    0.387953,   0.000000144,  -0.000288990,   0.000011635,   0.000289225
     -4.005084,    0.006543,    3.748995,   0.000000302,   0.020252097,   0.000000479,   0.020252097
     -0.400233,   -0.004448,   -2.548349,  -0.000000559,  -0.000084629,   0.000009936,   0.000085212
      0.201151,    0.000338,    0.193734,   0.000000000,   0.000000000,   0.000000000,   0.000000000
      3.204552,    0.002740,    1.570162,  -0.000000270,   0.007083186,   0.000004696,   0.007083188
     -1.404644,    0.005484,    3.142254,  -0.000000277,   0.004770363,   0.000009011,   0.004770372
      0.200881,   -0.007567,   -4.335790,  -0.000000003,   0.011157682,   0.000000951,   0.011157682
     -3.809050,   -0.007909,   -4.531579,  -0.000004172,   0.017795299,   0.000004918,   0.017795300
      1.003392,   -0.006172,   -3.536090,  -0.000000096,   0.007343059,   0.000004639,   0.007343060
     -0.000314,   -0.003782,   -2.167180,   0.000000000,   0.002122040,   0.000000000,   0.002122040
     -3.811875,   -0.008247,   -4.724993,  -0.000005826,   0.015867771,   0.000008376,   0.015867775
     -5.615631,   -0.001734,   -0.993662,  -0.000000384,   0.014456262,   0.000011657,   0.014456267
     -4.407187,    0.003098,    1.774795,  -0.000000156,   0.011588698,   0.000008969,   0.011588701
     -2.600462,    0.000337,    0.193214,   0.000000094,   0.000590214,   0.000009984,   0.000590299
      1.203812,   -0.006173,   -3.536957,  -0.000000312,   0.008800066,   0.000003108,   0.008800066
      0.200235,   -0.003766,   -2.157512,   0.000000000,   0.002122040,   0.000000000,   0.002122040
     -3.608664,   -0.007910,   -4.532208,  -0.000004024,   0.017593203,   0.000003920,   0.017593204
     -5.615797,   -0.002079,   -1.191088,  -0.000000435,   0.015557902,   0.000010210,   0.015557905
     -4.408318,    0.002754,    1.577986,  -0.000000269,   0.010433041,   0.000010205,   0.010433046
     -2.601355,   -0.000003,   -0.001458,   0.000000003,   0.000936068,   0.000009333,   0.000936114
     -3.611250,   -0.008247,   -4.724993,  -0.000005634,   0.015459062,   0.000007640,   0.015459065
      1.403368,   -0.006177,   -3.539029,  -0.000000514,   0.010888201,   0.000001137,   0.010888201
      0.400923,   -0.003754,   -2.150845,   0.000000211,   0.001411327,   0.000004726,   0.001411335
     -5.614449,   -0.002424,   -1.388698,  -0.000000453,   0.017794503,   0.000006833,   0.017794505
     -4.409022,    0.002404,    1.377248,  -0.000000207,   0.008977663,   0.000012080,   0.008977671
     -2.602119,   -0.000344,   -0.196967,  -0.000000085,   0.000631470,   0.000009900,   0.000631547
     -3.408358,   -0.007908,   -4.530671,  -0.000003948,   0.016874624,   0.000003579,   0.016874624
      1.603632,   -0.006185,   -3.543651,  -0.000000296,   0.012484840,   0.000000122,   0.012484840
      0.599835,   -0.003749,   -2.147860,   0.000000163,   0.000233691,   0.000008123,   0.000233832
     -3.410625,   -0.008247,   -4.724993,  -0.000005667,   0.014664806,   0.000007392,   0.014664809
     -5.612575,   -0.002769,   -1.586404,  -0.000000378,   0.020612913,   0.000002413,   0.020612913
     -4.409671,    0.002057,    1.178521,  -0.000000033,   0.007701027,   0.000013736,   0.007701040
     -2.603469,   -0.000686,   -0.392918,  -0.000000126,  -0.000225035,   0.000011493,   0.000225328
      1.804384,   -0.006192,   -3.547917,   0.000000215,   0.012974967,   0.000000270,   0.012974967
      0.799049,   -0.003747,   -2.146673,   0.000000082,  -0.000330811,   0.000010044,   0.000330963
     -3.208083,   -0.007904,   -4.528917,  -0.000003939,   0.015522088,   0.000003989,   0.015522089
     -5.608626,   -0.003114,   -1.783946,   0.000000000,   0.022220900,   0.000000000,   0.022220900
     -4.410414,    0.001711,    0.980134,   0.000000192,   0.006990595,   0.000014484,   0.006990610
     -2.605126,   -0.001027,   -0.588382,  -0.000000101,  -0.001250983,   0.000013488,   0.001251056
     -3.210000,   -0.008247,   -4.724993,  -0.000005623,   0.013325308,   0.000007827,   0.013325312
      2.004154,   -0.006186,   -3.544219,   0.000000579,   0.012671054,   0.000000638,   0.012671054
      0.998543,   -0.003748,   -2.147303,   0.000000002,   0.000137961,   0.000009758,   0.000138305
     -5.603175,   -0.003458,   -1.981340,   0.000000000,   0.022220900,   0.000000000,   0.022220900
     -4.410169,    0.001362,    0.780143,   0.000000405,   0.007018073,   0.000013992,   0.007018087
     -2.605811,   -0.001369,   -0.784622,  -0.000000041,  -0.001983701,   0.000015059,   0.001983758
     -3.006486,   -0.007902,   -4.527713,  -0.000003748,   0.013722782,   0.000005053,   0.013722784
      2.205549,   -0.006179,   -3.540354,   0.000000637,   0.011708047,   0.000001997,   0.011708047
      1.198597,   -0.003751,   -2.149315,  -0.000000071,   0.001586583,   0.000007388,   0.001586601
     -3.009375,   -0.008247,   -4.724993,  -0.000005331,   0.011680044,   0.000008751,   0.011680049
     -5.607051,   -0.003797,   -2.175511,   0.000000000,   0.022220900,   0.000000000,   0.022220900
     -4.409564,    0.001016,    0.581844,   0.000000528,   0.007674414,   0.000012489,   0.007674424
     -2.606150,   -0.001712,   -0.981134,   0.000000037,  -0.002055283,   0.000015576,   0.002055342
      2.405685,   -0.006176,   -3.538297,   0.000000474,   0.010669789,   0.000003943,   0.010669790
      1.398969,   -0.003758,   -2.153358,  -0.000000124,   0.003479961,   0.000003863,   0.003479963
     -2.806582,   -0.007902,   -4.527612,  -0.000003408,   0.012033216,   0.000006261,   0.012033218
     -5.609665,   -0.004138,   -2.370863,  -0.000001041,   0.021460053,   0.000003623,   0.021460054
     -4.408721,    0.000669,    0.383307,   0.000000511,   0.008612093,   0.000010580,   0.008612100
     -2.808750,   -0.008247,   -4.724993,  -0.000004734,   0.010171363,   0.000009683,   0.010171369
      2.604848,   -0.006172,   -3.536483,   0.000000291,   0.010488977,   0.000005045,   0.010488978
      1.600375,   -0.003768,   -2.158939,   0.000000000,   0.004560740,   0.000000000,   0.004560740
      2.606437,    0.001699,    0.973724,  -0.000000051,  -0.002008825,   0.000015649,   0.002008886
     -5.611303,   -0.004483,   -2.568394,  -0.000001495,   0.020202764,   0.000007588,   0.020202765
     -4.407919,    0.000323,    0.185242,   0.000000313,   0.009394365,   0.000009073,   0.009394369
     -2.606725,   -0.007903,   -4.527820,  -0.000002987,   0.011016164,   0.000006798,   0.011016167
      2.805952,   -0.006172,   -3.536127,   0.000000063,   0.011418530,   0.000004703,   0.011418531
      1.801289,   -0.003784,   -2.167977,   0.000000000,   0.004560740,   0.000000000,   0.004560740
      2.406778,    0.001699,    0.973228,  -0.000000060,  -0.002290038,   0.000014813,   0.002290086
     -2.608125,   -0.008247,   -4.724993,  -0.000003976,   0.009192047,   0.000010157,   0.009192053
     -5.611163,   -0.004825,   -2.764427,  -0.000001867,   0.019904431,   0.000009815,   0.019904433
     -4.407649,   -0.000022,   -0.012372,   0.000000000,   0.009691323,   0.000008484,   0.009691327
      3.006307,   -0.006173,   -3.536977,  -0.000000162,   0.013351615,   0.000003063,   0.013351615
      2.001223,   -0.003778,   -2.164358,   0.000000000,   0.004560740,   0.000000000,   0.004560740
      2.206969,    0.001700,    0.974146,  -0.000000055,  -0.002157032,   0.000013276,   0.002157073
     -2.406212,   -0.007903,   -4.527841,  -0.000002542,   0.010805883,   0.000006434,   0.010805886
     -5.611136,   -0.005170,   -2.961989,  -0.000002105,   0.020884991,   0.000009938,   0.020884994
     -4.409053,   -0.000369,   -0.211238,  -0.000000311,   0.009398678,   0.000009073,   0.009398682
     -2.407500,   -0.008247,   -4.724993,  -0.000003262,   0.008894810,   0.000009915,   0.008894816
      3.206399,   -0.006181,   -3.541359,  -0.000000368,   0.015880908,   0.000001045,   0.015880908
      2.201446,   -0.003773,   -2.161795,   0.000000273,   0.004113914,   0.000005187,   0.004113917
      2.006968,    0.001698,    0.972998,  -0.000000034,  -0.001961520,   0.000011791,   0.001961556
     -5.611674,   -0.005514,   -3.159403,  -0.000002217,   0.023359523,   0.000007644,   0.023359524
     -4.410871,   -0.000714,   -0.409266,  -0.000000502,   0.008633318,   0.000010559,   0.008633325
     -2.205464,   -0.007905,   -4.529174,  -0.000002186,   0.011108640,   0.000005549,   0.011108642
      3.406152,   -0.006193,   -3.548442,  -0.000000091,   0.017774508,   0.000000105,   0.017774508
      2.402960,   -0.003771,   -2.160670,   0.000000229,   0.003370486,   0.000008578,   0.003370497
      1.805519,    0.001699,    0.973295,  -0.000000000,  -0.001986534,   0.000010966,   0.001986565
     -2.206875,   -0.008247,   -4.724993,  -0.000002749,   0.009117717,   0.000009114,   0.009117722
     -5.610331,   -0.005860,   -3.357617,  -0.000002163,   0.026840974,   0.000003852,   0.026840974
     -4.412149,   -0.001062,   -0.608323,  -0.000000514,   0.007724890,   0.000012416,   0.007724900
      3.605666,   -0.006202,   -3.553283,   0.000000429,   0.018339459,   0.000000488,   0.018339459
      2.602790,   -0.003773,   -2.161636,   0.000000142,   0.003346194,   0.000010287,   0.003346210
      1.606189,    0.001699,    0.973314,   0.000000033,  -0.002501077,   0.000011298,   0.002501103
     -2.004744,   -0.007907,   -4.530587,  -0.000001952,   0.011552978,   0.000004550,   0.011552979
     -5.608836,   -0.006206,   -3.555861,  -0.000001837,   0.030596407,  -0.000000135,   0.030596407
     -4.413072,   -0.001409,   -0.807055,  -0.000000387,   0.007115563,   0.000013835,   0.007115577
     -2.006250,   -0.008247,   -4.724993,  -0.000002560,   0.009464156,   0.000008197,   0.009464160
      3.806257,   -0.006200,   -3.552319,   0.000000561,   0.018232852,   0.000001259,   0.018232852
      2.802703,   -0.003777,   -2.163931,   0.000000053,   0.004393653,   0.000009710,   0.004393664
      1.407172,    0.001698,    0.972952,   0.000000054,  -0.003383904,   0.000012475,   0.003383927
     -5.606073,   -0.006553,   -3.754575,   0.000000000,   0.032648500,   0.000000000,   0.032648500
     -4.411199,   -0.001746,   -1.000382,  -0.000000183,   0.007107928,   0.000014244,   0.007107942
     -1.804191,   -0.007909,   -4.531465,  -0.000001914,   0.011708913,   0.000003851,   0.011708914
      4.006793,   -0.006196,   -3.549784,   0.000000453,   0.017973893,   0.000002745,   0.017973894
      3.002893,   -0.003781,   -2.166443,  -0.000000034,   0.006393495,   0.000007100,   0.006393499
      1.206766,    0.001698,    0.972700,   0.000000057,  -0.004442218,   0.000014018,   0.004442240
     -1.805625,   -0.008247,   -4.724993,  -0.000002640,   0.009506962,   0.000007626,   0.009506965
     -5.602353,   -0.006899,   -3.952654,   0.000000000,   0.032648500,   0.000000000,   0.032648500
     -4.408899,   -0.002089,   -1.197154,   0.000000037,   0.007806920,   0.000013487,   0.007806932
      4.207351,   -0.006196,   -3.550016,   0.000000302,   0.018143007,   0.000004211,   0.018143007
      3.202538,   -0.003785,   -2.168521,  -0.000000097,   0.008739707,   0.000003497,   0.008739708
      1.008289,    0.001696,    0.971770,   0.000000045,  -0.005280622,   0.000015120,   0.005280644
     -1.603781,   -0.007907,   -4.530202,  -0.000001920,   0.011211752,   0.000003841,   0.011211753
     -4.408059,   -0.002429,   -1.391552,   0.000000202,   0.009033152,   0.000011898,   0.009033160
     -1.605000,   -0.008247,   -4.724993,  -0.000002826,   0.009027037,   0.000007595,   0.009027040
      5.602726,    0.006894,    3.950102,   0.000000000,   0.032855800,   0.000000000,   0.032855800
      4.407679,   -0.006196,   -3.549782,   0.000000137,   0.019411265,   0.000004359,   0.019411265
      3.401788,   -0.003791,   -2.172347,   0.000000000,   0.010096200,   0.000000000,   0.010096200
      0.809422,    0.001697,    0.972493,   0.000000026,  -0.005645992,   0.000015279,   0.005646012
     -4.406059,   -0.002768,   -1.586145,   0.000000261,   0.010399698,   0.000010132,   0.010399703
      5.392800,    0.006927,    3.968994,   0.000000000,   0.032855800,   0.000000000,   0.032855800
     -1.403408,   -0.007904,   -4.528629,  -0.000001884,   0.010156131,   0.000004421,   0.010156132
      4.607823,   -0.006197,   -3.550389,  -0.000000074,   0.021820089,   0.000002980,   0.021820090
      3.601259,   -0.003800,   -2.177193,   0.000000000,   0.010096200,   0.000000000,   0.010096200
      0.611072,    0.001697,    0.972068,   0.000000006,  -0.005493453,   0.000014430,   0.005493472
     -1.404375,   -0.008247,   -4.724993,  -0.000002836,   0.008023528,   0.000008159,   0.008023532
     -4.404483,   -0.003110,   -1.781819,   0.000000152,   0.011517603,   0.000008938,   0.011517606
      5.199958,    0.006893,    3.949257,   0.000000000,   0.032855800,   0.000000000,   0.032855800
      4.808003,   -0.006200,   -3.552082,  -0.000000294,   0.025067715,   0.000000542,   0.025067715
      0.411498,    0.001699,    0.973466,  -0.000000007,  -0.004989673,   0.000012958,   0.004989689
     -3.595200,    0.003464,    1.984497,   0.000000000,   0.010478500,   0.000000000,   0.010478500
     -1.202039,   -0.007902,   -4.527521,  -0.000001673,   0.008832894,   0.000005404,   0.008832896
     -4.403801,   -0.003453,   -1.978146,  -0.000000098,   0.012121395,   0.000008734,   0.012121398
     -1.203750,   -0.008247,   -4.724993,  -0.000002528,   0.006825437,   0.000009030,   0.006825444
      5.001346,    0.006880,    3.942013,  -0.000000553,   0.031683698,  -0.000003724,   0.031683698
      5.008282,   -0.006203,   -3.553956,  -0.000000512,   0.028458171,  -0.000001445,   0.028458171
      0.210468,    0.001699,    0.973450,  -0.000000011,  -0.004489396,   0.000011621,   0.004489411
     -4.404165,   -0.003795,   -2.174367,  -0.000000401,   0.012210735,   0.000009562,   0.012210739
     -3.602189,    0.003101,    1.776937,   0.000000000,   0.010478500,   0.000000000,   0.010478500
     -1.001991,   -0.007902,   -4.527437,  -0.000001319,   0.007732915,   0.000006337,   0.007732918
      4.803796,    0.006878,    3.940633,  -0.000000783,   0.028576600,  -0.000002896,   0.028576600
      0.009560,    0.001699,    0.973288,  -0.000000006,  -0.004244807,   0.000011008,   0.004244821
     -1.003125,   -0.008247,   -4.724993,  -0.000001921,   0.005876325,   0.000009740,   0.005876333
     -5.009807,    0.005856,    3.355185,  -0.000000043,   0.025582608,   0.000002226,   0.025582608
     -4.404970,   -0.004138,   -2.370799,  -0.000000632,   0.012011117,   0.000010951,   0.012011122
     -3.604108,    0.002746,    1.573458,   0.000000309,   0.009374042,   0.000002015,   0.009374042
      4.604043,    0.006876,    3.939401,  -0.000000932,   0.025148913,  -0.000000341,   0.025148913
     -0.187793,    0.001700,    0.973750,  -0.000000002,  -0.004451224,   0.000011520,   0.004451239
     -0.802046,   -0.007902,   -4.527692,  -0.000000908,   0.007340288,   0.000006545,   0.007340291
     -5.010167,    0.005510,    3.156744,   0.000000330,   0.022459706,   0.000005605,   0.022459706
     -4.405681,   -0.004481,   -2.567175,  -0.000000704,   0.011902025,   0.000012293,   0.011902031
     -3.606645,    0.002398,    1.374093,   0.000000164,   0.006930796,   0.000006419,   0.006930799
     -0.802500,   -0.008247,   -4.724993,  -0.000001173,   0.005498715,   0.000009924,   0.005498724
      4.404590,    0.006875,    3.939364,  -0.000000931,   0.022632947,   0.000001195,   0.022632947
     -0.389834,    0.001699,    0.973658,  -0.000000005,  -0.004940362,   0.000012815,   0.004940379
     -5.010421,    0.005167,    2.960411,   0.000000570,   0.020212260,   0.000007660,   0.020212261
     -4.406285,   -0.004824,   -2.763907,  -0.000000636,   0.012284093,   0.000012840,   0.012284099
     -3.606082,    0.002050,    1.174295,   0.000000113,   0.004660211,   0.000010174,   0.004660222
     -0.601519,   -0.007902,   -4.527767,  -0.000000500,   0.007713995,   0.000005931,   0.007713997
      4.204148,    0.006878,    3.940528,  -0.000000750,   0.021296967,   0.000001232,   0.021296967
     -0.595284,    0.001698,    0.972873,  -0.000000017,  -0.005477325,   0.000014359,   0.005477344
     -0.601875,   -0.008247,   -4.724993,  -0.000000494,   0.005754003,   0.000009484,   0.005754011
     -5.010914,    0.004822,    2.763085,   0.000000642,   0.019126120,   0.000007890,   0.019126122
     -3.607572,    0.001705,    0.976891,   0.000000062,   0.003586258,   0.000011609,   0.003586277
      4.002279,    0.006882,    3.942858,  -0.000000275,   0.020787885,   0.000000405,   0.020787885
      4.406128,    0.004810,    2.756099,  -0.000000686,   0.012285437,   0.000012989,   0.012285444
     -0.796862,    0.001697,    0.972191,  -0.000000039,  -0.005665941,   0.000015285,   0.005665962
     -0.400753,   -0.007905,   -4.529137,  -0.000000195,   0.008470737,   0.000005017,   0.008470739
     -5.010267,    0.004478,    2.565597,   0.000000570,   0.019199441,   0.000006324,   0.019199442
     -3.606989,    0.001358,    0.778237,   0.000000006,   0.003797676,   0.000010543,   0.003797690
     -0.401250,   -0.008247,   -4.724993,  -0.000000045,   0.006411080,   0.000008668,   0.006411086
      3.799537,    0.006893,    3.949671,   0.000000000,   0.020449900,   0.000000000,   0.020449900
      4.206453,    0.004811,    2.756280,  -0.000000774,   0.010857135,   0.000012964,   0.010857143
     -0.997348,    0.001698,    0.972906,  -0.000000062,  -0.005321802,   0.000015180,   0.005321824
     -5.009117,    0.004134,    2.368527,   0.000000413,   0.020133617,   0.000003523,   0.020133618
     -3.606093,    0.001013,    0.580522,  -0.000000068,   0.005224396,   0.000007070,   0.005224400
      3.595200,    0.006927,    3.968994,   0.000000000,   0.020449900,   0.000000000,   0.020449900
     -0.200038,   -0.007907,   -4.530537,  -0.000000028,   0.009193372,   0.000004227,   0.009193373
      4.006387,    0.004811,    2.756577,  -0.000000724,   0.010011247,   0.000011997,   0.010011254
     -1.198430,    0.001700,    0.973792,  -0.000000077,  -0.004486043,   0.000014096,   0.004486065
     -0.200625,   -0.008247,   -4.724993,   0.000000103,   0.007055797,   0.000007935,   0.007055801
     -5.006537,    0.003790,    2.171727,   0.000000320,   0.020945076,   0.000001236,   0.020945076
     -3.605135,    0.000672,    0.384811,  -0.000000252,   0.006984055,   0.000002631,   0.006984056
      3.399657,    0.006889,    3.947257,   0.000000000,   0.020449900,   0.000000000,   0.020449900
      3.804694,    0.004810,    2.756036,  -0.000000479,   0.009507972,   0.000010694,   0.009507978
     -1.399342,    0.001701,    0.974778,  -0.000000077,  -0.003417472,   0.000012540,   0.003417495
      0.000512,   -0.007909,   -4.531426,   0.000000026,   0.009515130,   0.000003879,   0.009515131
     -5.004491,    0.003447,    1.975012,   0.000000248,   0.021137551,   0.000000092,   0.021137551
     -3.603166,    0.000333,    0.190597,   0.000000000,   0.007761710,   0.000000000,   0.007761710
      0.000000,   -0.008247,   -4.724993,   0.000000038,   0.007312452,   0.000007665,   0.007312456
      3.200946,    0.006875,    3.939031,  -0.000000416,   0.019415483,  -0.000002070,   0.019415483
      3.603850,    0.004810,    2.755847,  -0.000000117,   0.008953088,   0.000009949,   0.008953094
     -1.600635,    0.001704,    0.976421,  -0.000000058,  -0.002506742,   0.000011320,   0.002506768
     -3.595200,    0.000000,    0.000000,   0.000000000,   0.007761710,   0.000000000,   0.007761710
     -5.007226,    0.003102,    1.777195,   0.000000013,   0.020711122,  -0.000000008,   0.020711122
      0.200957,   -0.007907,   -4.530194,   0.000000079,   0.009209566,   0.000004223,   0.009209567
      3.001433,    0.006869,    3.935848,  -0.000000612,   0.017122578,  -0.000001074,   0.017122578
      3.403954,    0.004804,    2.752274,   0.000000187,   0.008118143,   0.000010092,   0.008118150
     -1.801099,    0.001704,    0.976259,  -0.000000028,  -0.001977630,   0.000010958,   0.001977661
      0.200625,   -0.008247,   -4.724993,  -0.000000025,   0.007073415,   0.000007931,   0.007073420
     -5.010187,    0.002757,    1.579908,  -0.000000081,   0.019014555,   0.000002298,   0.019014555
     -3.600841,   -0.000348,   -0.199589,   0.000000000,   0.007761710,   0.000000000,   0.007761710
      2.803052,    0.006867,    3.934412,  -0.000000715,   0.014968656,   0.000000767,   0.014968656
      3.202979,    0.004799,    2.749798,   0.000000313,   0.006839676,   0.000011250,   0.006839685
     -2.001356,    0.001705,    0.976702,   0.000000002,  -0.001952685,   0.000011764,   0.001952720
      0.401403,   -0.007904,   -4.528640,   0.000000246,   0.008508880,   0.000005004,   0.008508881
     -5.011952,    0.002409,    1.380478,   0.000000066,   0.016567353,   0.000005672,   0.016567354
     -3.600480,   -0.000695,   -0.397967,   0.000000290,   0.007037827,   0.000002484,   0.007037828
      0.401250,   -0.008247,   -4.724993,   0.000000123,   0.006450454,   0.000008655,   0.006450460
      2.601994,    0.006866,    3.933966,  -0.000000693,   0.013858439,   0.000001363,   0.013858439
      3.003185,    0.004795,    2.747120,   0.000000229,   0.005379324,   0.000012750,   0.005379339
     -2.201944,    0.001701,    0.974717,   0.000000019,  -0.002173910,   0.000013272,   0.002173950
     -5.012425,    0.002066,    1.183709,   0.000000162,   0.014642073,   0.000008292,   0.014642076
     -3.602039,   -0.001040,   -0.595924,   0.000000100,   0.005308329,   0.000006857,   0.005308334
      0.602520,   -0.007902,   -4.527547,   0.000000550,   0.007775261,   0.000005911,   0.007775263
      2.401119,    0.006869,    3.935503,  -0.000000537,   0.013942922,   0.000000480,   0.013942922
      2.803241,    0.004792,    2.745583,   0.000000013,   0.004054572,   0.000013925,   0.004054596
     -2.402416,    0.001702,    0.975012,   0.000000017,  -0.002344574,   0.000014864,   0.002344621
      0.601875,   -0.008247,   -4.724993,   0.000000572,   0.005818899,   0.000009458,   0.005818907
     -5.012838,    0.001721,    0.985826,   0.000000238,   0.013692743,   0.000009386,   0.013692746
     -3.604680,   -0.001383,   -0.792414,   0.000000021,   0.003922203,   0.000010250,   0.003922216
      2.200987,    0.006875,    3.938850,  -0.000000166,   0.014561250,  -0.000000540,   0.014561250
      2.601987,    0.004792,    2.745805,  -0.000000252,   0.003188303,   0.000014186,   0.003188335
      0.802634,   -0.007902,   -4.527442,   0.000000952,   0.007431663,   0.000006509,   0.007431666
     -5.012718,    0.001374,    0.787024,   0.000000284,   0.013928065,   0.000008588,   0.013928068
     -3.605122,   -0.001727,   -0.989522,  -0.000000039,   0.003723179,   0.000011282,   0.003723196
      2.602416,   -0.001377,   -0.788996,   0.000000155,  -0.002024059,   0.000015112,   0.002024115
      0.802500,   -0.008247,   -4.724993,   0.000001247,   0.005591196,   0.000009884,   0.005591205
      2.602578,   -0.001037,   -0.594111,   0.000000200,  -0.001258746,   0.000013504,   0.001258819
      1.999828,    0.006889,    3.946949,   0.000000000,   0.014742800,   0.000000000,   0.014742800
      2.401404,    0.004794,    2.746566,  -0.000000452,   0.002892845,   0.000013380,   0.002892876
     -5.012233,    0.001025,    0.587135,   0.000000303,   0.015234153,   0.000006114,   0.015234154
     -3.605200,   -0.002071,   -1.186411,  -0.000000092,   0.004784867,   0.000009873,   0.004784877
      1.797600,    0.006927,    3.968994,   0.000000000,   0.014742800,   0.000000000,   0.014742800
      1.002556,   -0.007902,   -4.527681,   0.000001356,   0.007848274,   0.000006299,   0.007848277
      2.201413,    0.004794,    2.746856,  -0.000000494,   0.003002042,   0.000011886,   0.003002065
      2.601616,   -0.000696,   -0.398820,   0.000000201,  -0.000193721,   0.000011455,   0.000194059
      1.003125,   -0.008247,   -4.724993,   0.000001988,   0.005995917,   0.000009690,   0.005995926
     -5.010819,    0.000675,    0.386927,   0.000000316,   0.017164351,   0.000002736,   0.017164351
     -3.602964,   -0.002415,   -1.383897,  -0.000000149,   0.006985072,   0.000006216,   0.006985075
      1.599653,    0.006887,    3.945983,   0.000000000,   0.014742800,   0.000000000,   0.014742800
      2.000367,    0.004798,    2.748912,  -0.000000332,   0.003210635,   0.000010391,   0.003210652
      2.601475,   -0.000355,   -0.203263,   0.000000130,   0.000707223,   0.000009802,   0.000707291
      1.203023,   -0.007902,   -4.527766,   0.000001697,   0.008976915,   0.000005361,   0.008976917
     -5.007737,    0.000330,    0.189163,   0.000000194,   0.018525392,   0.000000309,   0.018525392
     -3.601296,   -0.002761,   -1.582126,  -0.000000300,   0.009365423,   0.000001937,   0.009365423
      1.203750,   -0.008247,   -4.724993,   0.000002579,   0.006971319,   0.000008975,   0.006971326
      1.399492,    0.006872,    3.937606,  -0.000000227,   0.013994479,  -0.000001698,   0.013994479
      1.800070,    0.004800,    2.749972,  -0.000000038,   0.003123708,   0.000009713,   0.003123723
      2.602146,   -0.000013,   -0.007556,   0.000000012,   0.001058560,   0.000009167,   0.001058600
     -5.005342,   -0.000015,   -0.008855,   0.000000002,   0.018858086,  -0.000000212,   0.018858086
     -3.597586,   -0.003110,   -1.782007,   0.000000000,   0.010429600,   0.000000000,   0.010429600
      1.403764,   -0.007905,   -4.529143,   0.000001889,   0.010316163,   0.000004389,   0.010316164
      1.199372,    0.006867,    3.934661,  -0.000000231,   0.012207281,  -0.000000731,   0.012207281
      1.600470,    0.004796,    2.747750,   0.000000233,   0.002633583,   0.000010019,   0.002633602
      2.603239,    0.000329,    0.188260,  -0.000000106,   0.000748635,   0.000009775,   0.000748699
      1.404375,   -0.008247,   -4.724993,   0.000002857,   0.008192702,   0.000008102,   0.008192707
     -3.595200,   -0.003464,   -1.984497,   0.000000000,   0.010429600,   0.000000000,   0.010429600
     -5.007975,   -0.000362,   -0.207257,  -0.000000194,   0.018521564,   0.000000304,   0.018521564
      1.000688,    0.006865,    3.933538,  -0.000000249,   0.010656409,   0.000000837,   0.010656409
      1.399635,    0.004791,    2.744925,   0.000000353,   0.001686384,   0.000011305,   0.001686422
      2.604642,    0.000671,    0.384238,  -0.000000176,  -0.000118838,   0.000011410,   0.000119385
      1.604470,   -0.007907,   -4.530524,   0.000001894,   0.011391175,   0.000003808,   0.011391176
     -5.011069,   -0.000709,   -0.405954,  -0.000000312,   0.017138529,   0.000002759,   0.017138529
      1.605000,   -0.008247,   -4.724993,   0.000002799,   0.009211463,   0.000007538,   0.009211467
      3.595200,    0.003464,    1.984497,   0.000000000,   0.010375800,   0.000000000,   0.010375800
      0.799729,    0.006865,    3.933360,  -0.000000228,   0.010185621,   0.000001105,   0.010185621
      1.199906,    0.004786,    2.742251,   0.000000277,   0.000612663,   0.000012842,   0.000612798
      2.605621,    0.001014,    0.580692,  -0.000000174,  -0.001167936,   0.000013463,   0.001168014
     -5.012922,   -0.001055,   -0.604368,  -0.000000298,   0.015242730,   0.000006070,   0.015242731
      1.805042,   -0.007909,   -4.531412,   0.000001847,   0.011894453,   0.000003806,   0.011894453
      0.599111,    0.006868,    3.935086,  -0.000000159,   0.010867619,  -0.000000031,   0.010867619
      1.000343,    0.004785,    2.741513,   0.000000068,  -0.000251901,   0.000013946,   0.000252287
      3.395428,    0.003437,    1.969090,   0.000000000,   0.010375800,   0.000000000,   0.010375800
      2.606220,    0.001357,    0.777628,  -0.000000126,  -0.001920692,   0.000015088,   0.001920751
      1.805625,   -0.008247,   -4.724993,   0.000002547,   0.009691516,   0.000007565,   0.009691519
     -5.013558,   -0.001401,   -0.802852,  -0.000000281,   0.013972599,   0.000008468,   0.013972601
      0.399679,    0.006874,    3.938563,   0.000000023,   0.011958007,  -0.000001002,   0.011958007
      0.799511,    0.004786,    2.742266,  -0.000000194,  -0.000634244,   0.000014102,   0.000634401
      3.200268,    0.003427,    1.963474,  -0.000000200,   0.009250445,   0.000002043,   0.009250446
      2.005561,   -0.007907,   -4.530195,   0.000001842,   0.011723413,   0.000004487,   0.011723414
     -5.013914,   -0.001746,   -1.000639,  -0.000000236,   0.013761397,   0.000009209,   0.013761400
      2.602450,   -0.001721,   -0.985912,   0.000000082,  -0.002128891,   0.000015668,   0.002128949
      2.006250,   -0.008247,   -4.724993,   0.000002397,   0.009627843,   0.000008129,   0.009627847
      0.199698,    0.006888,    3.946728,   0.000000000,   0.012384700,   0.000000000,   0.012384700
      0.599258,    0.004788,    2.743490,  -0.000000393,  -0.000481994,   0.000013238,   0.000482176
      3.000186,    0.003420,    1.959687,  -0.000000106,   0.006819624,   0.000005878,   0.006819627
     -5.013821,   -0.002092,   -1.198903,  -0.000000162,   0.014727882,   0.000008073,   0.014727884
      2.206124,   -0.007904,   -4.528654,   0.000002040,   0.011237517,   0.000005470,   0.011237519
      0.000000,    0.006927,    3.968994,   0.000000000,   0.012384700,   0.000000000,   0.012384700
      0.399368,    0.004793,    2.746175,  -0.000000440,   0.000002476,   0.000011794,   0.000012059
      2.801829,    0.003418,    1.958365,  -0.000000054,   0.004617677,   0.000008793,   0.004617685
     -2.406819,   -0.001711,   -0.980437,   0.000000017,  -0.002333306,   0.000014744,   0.002333353
      2.206875,   -0.008247,   -4.724993,   0.000002525,   0.009234397,   0.000009045,   0.009234402
     -5.013068,   -0.002438,   -1.397036,  -0.000000066,   0.016657232,   0.000005434,   0.016657233
     -0.200446,    0.006887,    3.946071,   0.000000000,   0.012384700,   0.000000000,   0.012384700
      0.198244,    0.004796,    2.748103,  -0.000000278,   0.000506194,   0.000010443,   0.000506302
      2.602117,    0.003416,    1.957400,   0.000000003,   0.003520519,   0.000009414,   0.003520532
     -2.206953,   -0.001710,   -0.979704,   0.000000008,  -0.002201513,   0.000013212,   0.002201552
      2.407045,   -0.007902,   -4.527567,   0.000002373,   0.010860992,   0.000006371,   0.010860994
     -5.009620,   -0.002773,   -1.589020,   0.000000075,   0.018958191,   0.000002245,   0.018958191
      2.407500,   -0.008247,   -4.724993,   0.000002998,   0.008937226,   0.000009867,   0.008937232
     -0.401931,    0.006873,    3.937654,  -0.000000025,   0.011951259,  -0.000001022,   0.011951259
     -0.002196,    0.004798,    2.748789,   0.000000029,   0.000677750,   0.000009964,   0.000677823
      2.401713,    0.003420,    1.959399,   0.000000064,   0.003658877,   0.000007514,   0.003658885
     -2.005406,   -0.001708,   -0.978891,   0.000000016,  -0.002007118,   0.000011728,   0.002007152
     -5.005455,   -0.003112,   -1.782763,  -0.000000015,   0.020581388,   0.000000023,   0.020581388
      2.607250,   -0.007902,   -4.527449,   0.000002806,   0.010976989,   0.000006777,   0.010976991
     -0.602567,    0.006867,    3.934682,   0.000000160,   0.010823077,  -0.000000027,   0.010823077
     -0.202012,    0.004795,    2.747185,   0.000000335,   0.000491762,   0.000010458,   0.000491873
      2.201152,    0.003424,    1.962042,   0.000000178,   0.004410720,   0.000003752,   0.004410722
     -1.805305,   -0.001707,   -0.977778,   0.000000036,  -0.002040311,   0.000010926,   0.002040340
      2.608125,   -0.008247,   -4.724993,   0.000003695,   0.009139696,   0.000010155,   0.009139703
     -5.001638,   -0.003455,   -1.979408,  -0.000000240,   0.020997374,   0.000000110,   0.020997374
     -0.801521,    0.006865,    3.933545,   0.000000229,   0.010103744,   0.000001140,   0.010103744
     -0.403138,    0.004791,    2.744853,   0.000000493,  -0.000023118,   0.000011820,   0.000025969
      1.999803,    0.003434,    1.967583,   0.000000000,   0.004695680,   0.000000000,   0.004695680
     -1.606001,   -0.001706,   -0.977602,   0.000000058,  -0.002561611,   0.000011272,   0.002561636
      2.807157,   -0.007902,   -4.527674,   0.000003231,   0.011888452,   0.000006304,   0.011888454
     -5.004625,   -0.003798,   -2.175970,  -0.000000307,   0.020822664,   0.000001223,   0.020822664
      2.808750,   -0.008247,   -4.724993,   0.000004456,   0.010016209,   0.000009740,   0.010016215
      1.797600,    0.003464,    1.984497,   0.000000000,   0.004695680,   0.000000000,   0.004695680
     -1.002474,    0.006865,    3.933345,   0.000000249,   0.010522653,   0.000000912,   0.010522653
     -0.603227,    0.004786,    2.742277,   0.000000442,  -0.000513548,   0.000013265,   0.000513719
     -1.407576,   -0.001706,   -0.977456,   0.000000070,  -0.003446738,   0.000012456,   0.003446761
     -5.005451,   -0.004141,   -2.372630,  -0.000000396,   0.019983232,   0.000003542,   0.019983233
      3.007571,   -0.007902,   -4.527767,   0.000003584,   0.013488725,   0.000005139,   0.013488727
     -1.202806,    0.006868,    3.935059,   0.000000230,   0.012043285,  -0.000000640,   0.012043285
     -0.802826,    0.004785,    2.741472,   0.000000243,  -0.000666048,   0.000014115,   0.000666197
      1.599040,    0.003426,    1.962699,   0.000000000,   0.004695680,   0.000000000,   0.004695680
     -1.207406,   -0.001706,   -0.977508,   0.000000067,  -0.004506662,   0.000014006,   0.004506684
      3.009375,   -0.008247,   -4.724993,   0.000005076,   0.011433394,   0.000008854,   0.011433399
     -5.007705,   -0.004484,   -2.569036,  -0.000000542,   0.019067981,   0.000006303,   0.019067982
     -1.401646,    0.006874,    3.938513,   0.000000221,   0.013791074,  -0.000001620,   0.013791074
     -1.003734,    0.004786,    2.742395,  -0.000000019,  -0.000277968,   0.000013944,   0.000278317
      1.401509,    0.003411,    1.954365,  -0.000000193,   0.003840269,   0.000002418,   0.003840270
     -1.009250,   -0.001705,   -0.977108,   0.000000052,  -0.005343465,   0.000015110,   0.005343486
      3.208292,   -0.007905,   -4.529153,   0.000003800,   0.015211246,   0.000004098,   0.015211247
     -5.008443,   -0.004827,   -2.765848,  -0.000000609,   0.018998251,   0.000007846,   0.018998253
      3.210000,   -0.008247,   -4.724993,   0.000005408,   0.013012108,   0.000007948,   0.013012111
     -1.600411,    0.006888,    3.946640,   0.000000000,   0.014536100,   0.000000000,   0.014536100
     -1.204135,    0.004789,    2.743706,  -0.000000229,   0.000591773,   0.000012826,   0.000591912
      1.201150,    0.003405,    1.950666,  -0.000000087,   0.001905664,   0.000006183,   0.001905674
     -0.810253,   -0.001701,   -0.974503,   0.000000030,  -0.005714905,   0.000015278,   0.005714926
     -5.007698,   -0.005171,   -2.962806,  -0.000000536,   0.020076835,   0.000007607,   0.020076836
      3.408993,   -0.007907,   -4.530510,   0.000003838,   0.016536908,   0.000003662,   0.016536909
     -1.797600,    0.006927,    3.968994,   0.000000000,   0.014536100,   0.000000000,   0.014536100
     -1.404071,    0.004792,    2.745639,  -0.000000308,   0.001662311,   0.000011285,   0.001662349
      1.001150,    0.003401,    1.948867,  -0.000000027,   0.000275210,   0.000008843,   0.000275352
     -0.611541,   -0.001704,   -0.976392,   0.000000010,  -0.005558023,   0.000014431,   0.005558042
      3.410625,   -0.008247,   -4.724993,   0.000005505,   0.014314771,   0.000007502,   0.014314774
     -5.008314,   -0.005515,   -3.160073,  -0.000000296,   0.022338425,   0.000005532,   0.022338425
     -2.000513,    0.006887,    3.946189,   0.000000000,   0.014536100,   0.000000000,   0.014536100
     -1.605208,    0.004796,    2.748082,  -0.000000194,   0.002602933,   0.000010009,   0.002602953
      0.802680,    0.003402,    1.949001,   0.000000031,  -0.000208078,   0.000009151,   0.000208279
     -0.411743,   -0.001703,   -0.975989,  -0.000000004,  -0.005053669,   0.000012960,   0.005053686
      3.609586,   -0.007909,   -4.531393,   0.000003941,   0.017253424,   0.000003968,   0.017253425
     -5.007927,   -0.005860,   -3.357752,   0.000000068,   0.025440029,   0.000002171,   0.025440029
      3.611250,   -0.008247,   -4.724993,   0.000005527,   0.015098964,   0.000007726,   0.015098967
     -2.203319,    0.006873,    3.937732,   0.000000168,   0.014366437,  -0.000000488,   0.014366437
     -1.805623,    0.004798,    2.748995,   0.000000065,   0.003082480,   0.000009718,   0.003082495
      0.603151,    0.003404,    1.950439,   0.000000089,   0.000495747,   0.000007021,   0.000495797
     -0.210370,   -0.001705,   -0.976990,  -0.000000006,  -0.004550063,   0.000011625,   0.004550078
      3.810175,   -0.007907,   -4.530195,   0.000004114,   0.017467901,   0.000004933,   0.017467902
     -2.404479,    0.006867,    3.934727,   0.000000537,   0.013756482,   0.000000573,   0.013756482
      5.007719,    0.005850,    3.352012,   0.000000036,   0.025558221,   0.000002180,   0.025558222
     -2.005368,    0.004795,    2.747294,   0.000000343,   0.003162042,   0.000010408,   0.003162059
      0.402481,    0.003411,    1.954330,   0.000000185,   0.001705583,   0.000003279,   0.001705586
     -0.009218,   -0.001704,   -0.976257,  -0.000000001,  -0.004306169,   0.000011016,   0.004306184
      3.811875,   -0.008247,   -4.724993,   0.000005766,   0.015516386,   0.000008433,   0.015516390
     -2.603699,    0.006865,    3.933580,   0.000000691,   0.013686785,   0.000001458,   0.013686785
      4.808354,    0.005847,    3.350177,   0.000000174,   0.022827113,   0.000003910,   0.022827113
     -2.206438,    0.004791,    2.744826,   0.000000493,   0.002953896,   0.000011902,   0.002953920
      0.201402,    0.003425,    1.962476,   0.000000000,   0.002226330,   0.000000000,   0.002226330
      0.188251,   -0.001705,   -0.976925,   0.000000006,  -0.004514441,   0.000011532,   0.004514456
      4.010850,   -0.007904,   -4.528669,   0.000004497,   0.017714302,   0.000005969,   0.017714304
      4.012500,   -0.008247,   -4.724993,   0.000006237,   0.015935522,   0.000009238,   0.015935526
      0.000000,    0.003464,    1.984497,   0.000000000,   0.002226330,   0.000000000,   0.002226330
     -2.804660,    0.006865,    3.933350,   0.000000711,   0.014804584,   0.000000862,   0.014804584
      4.606834,    0.005845,    3.349100,   0.000000002,   0.019919621,   0.000005989,   0.019919622
     -2.406940,    0.004791,    2.744822,   0.000000443,   0.002855928,   0.000013386,   0.002855959
      0.390392,   -0.001705,   -0.976789,   0.000000007,  -0.005006906,   0.000012832,   0.005006923
      4.211057,   -0.007907,   -4.530278,   0.000004899,   0.018474719,   0.000006506,   0.018474721
     -3.004714,    0.006868,    3.935055,   0.000000605,   0.016992608,  -0.000001010,   0.016992608
      4.406744,    0.005842,    3.347323,  -0.000000215,   0.017691210,   0.000007226,   0.017691212
     -2.606445,    0.004792,    2.745620,   0.000000245,   0.003173644,   0.000014159,   0.003173676
     -0.199849,    0.003422,    1.960696,   0.000000000,   0.002226330,   0.000000000,   0.002226330
      0.595590,   -0.001704,   -0.976173,  -0.000000001,  -0.005545707,   0.000014374,   0.005545726
      4.213125,   -0.008247,   -4.724993,   0.000006892,   0.016816368,   0.000009563,   0.016816372
     -3.202965,    0.006874,    3.938476,   0.000000408,   0.019292007,  -0.000002039,   0.019292007
      4.206739,    0.005843,    3.347664,  -0.000000434,   0.016434326,   0.000007152,   0.016434328
     -2.806682,    0.004794,    2.746891,  -0.000000015,   0.004059818,   0.000013876,   0.004059842
     -0.397952,    0.003408,    1.952360,  -0.000000198,   0.001693707,   0.000003258,   0.001693710
      0.797270,   -0.001704,   -0.976126,  -0.000000017,  -0.005736391,   0.000015298,   0.005736412
      4.411399,   -0.007908,   -4.530740,   0.000005223,   0.020045412,   0.000006113,   0.020045413
      4.413750,   -0.008247,   -4.724993,   0.000007521,   0.018475314,   0.000009011,   0.018475317
     -3.400531,    0.006888,    3.946565,   0.000000000,   0.020340400,   0.000000000,   0.020340400
      4.006109,    0.005843,    3.347980,  -0.000000592,   0.015943943,   0.000006204,   0.015943944
     -3.007006,    0.004799,    2.749432,  -0.000000227,   0.005407321,   0.000012686,   0.005407336
     -0.597031,    0.003402,    1.949033,  -0.000000090,   0.000482531,   0.000007000,   0.000482582
      0.997197,   -0.001703,   -0.975947,  -0.000000034,  -0.005399346,   0.000015194,   0.005399368
      4.611766,   -0.007905,   -4.528998,   0.000005328,   0.022495396,   0.000004735,   0.022495397
     -3.595200,    0.006927,    3.968994,   0.000000000,   0.020340400,   0.000000000,   0.020340400
      3.804624,    0.005846,    3.349300,  -0.000000594,   0.015899309,   0.000004932,   0.015899310
     -3.206997,    0.004805,    2.753254,  -0.000000308,   0.006885680,   0.000011185,   0.006885689
     -0.795940,    0.003399,    1.947581,  -0.000000028,  -0.000236212,   0.000009161,   0.000236389
      1.198540,   -0.001708,   -0.978413,  -0.000000042,  -0.004566274,   0.000014111,   0.004566295
      4.614375,   -0.008247,   -4.724993,   0.000007925,   0.020899526,   0.000007638,   0.020899529
     -3.800340,    0.006897,    3.951914,   0.000000000,   0.020340400,   0.000000000,   0.020340400
      3.603613,    0.005847,    3.349961,  -0.000000342,   0.015739888,   0.000003997,   0.015739889
     -3.406607,    0.004811,    2.756352,  -0.000000184,   0.008167275,   0.000010044,   0.008167281
     -0.996458,    0.003401,    1.948352,   0.000000032,   0.000241811,   0.000008884,   0.000241975
      1.399066,   -0.001711,   -0.980161,  -0.000000036,  -0.003503625,   0.000012559,   0.003503648
      4.812338,   -0.007907,   -4.530385,   0.000005181,   0.025445834,   0.000002981,   0.025445835
     -4.003930,    0.006885,    3.945079,   0.000000283,   0.020694638,   0.000000453,   0.020694638
      4.815000,   -0.008247,   -4.724993,   0.000007838,   0.023726536,   0.000005991,   0.023726538
      3.402947,    0.005842,    3.346984,   0.000000025,   0.014785684,   0.000004154,   0.014785685
     -3.606757,    0.004817,    2.759651,   0.000000112,   0.009010354,   0.000009905,   0.009010359
     -1.196698,    0.003404,    1.950335,   0.000000090,   0.001882025,   0.000006224,   0.001882036
      1.600766,   -0.001715,   -0.982623,  -0.000000012,  -0.002593204,   0.000011336,   0.002593229
     -4.205471,    0.006883,    3.943891,   0.000000763,   0.021216428,   0.000001317,   0.021216428
      5.012816,   -0.007908,   -4.531077,   0.000004624,   0.028150670,   0.000001801,   0.028150670
      3.203361,    0.005836,    3.343763,   0.000000269,   0.013183191,   0.000005096,   0.013183192
     -3.807005,    0.004818,    2.760618,   0.000000466,   0.009573284,   0.000010653,   0.009573290
     -1.396367,    0.003411,    1.954116,   0.000000191,   0.003839509,   0.000002466,   0.003839509
      1.801151,   -0.001715,   -0.982666,   0.000000022,  -0.002063437,   0.000010968,   0.002063466
      5.015625,   -0.008247,   -4.724993,   0.000007004,   0.026428880,   0.000004605,   0.026428881
     -4.406187,    0.006881,    3.942570,   0.000000942,   0.022570903,   0.000001285,   0.022570903
      3.002936,    0.005832,    3.341435,   0.000000261,   0.011211889,   0.000006591,   0.011211891
     -4.007338,    0.004820,    2.761384,   0.000000706,   0.010084477,   0.000011937,   0.010084484
     -1.597965,    0.003427,    1.963750,   0.000000000,   0.004736660,   0.000000000,   0.004736660
      2.001440,   -0.001719,   -0.984688,   0.000000056,  -0.002029041,   0.000011759,   0.002029075
      5.213316,   -0.007911,   -4.532390,   0.000003632,   0.030060460,   0.000001405,   0.030060460
     -4.606329,    0.006881,    3.942564,   0.000000939,   0.025114688,  -0.000000263,   0.025114688
      5.216250,   -0.008247,   -4.724993,   0.000005421,   0.028383980,   0.000003946,   0.028383981
     -1.797600,    0.003464,    1.984497,   0.000000000,   0.004736660,   0.000000000,   0.004736660
      2.801975,    0.005828,    3.339186,   0.000000034,   0.009449984,   0.000007964,   0.009449988
     -4.207665,    0.004819,    2.761060,   0.000000759,   0.010944187,   0.000012894,   0.010944194
      2.201748,   -0.001719,   -0.984678,   0.000000080,  -0.002233357,   0.000013239,   0.002233396
     -4.805770,    0.006883,    3.943721,   0.000000783,   0.028555374,  -0.000002827,   0.028555374
      5.414152,   -0.007912,   -4.533210,   0.000002455,   0.030795816,   0.000001758,   0.030795816
      2.602580,    0.005827,    3.338524,  -0.000000224,   0.008529696,   0.000008266,   0.008529700
     -1.999703,    0.003429,    1.964892,   0.000000000,   0.004736660,   0.000000000,   0.004736660
      2.401941,   -0.001719,   -0.985060,   0.000000088,  -0.002385051,   0.000014797,   0.002385097
      5.416875,   -0.008247,   -4.724993,   0.000003381,   0.029079129,   0.000004310,   0.029079129
      4.411319,   -0.001389,   -0.796053,   0.000000338,   0.007041241,   0.000013768,   0.007041254
     -5.004219,    0.006888,    3.946761,   0.000000544,   0.031692910,  -0.000003683,   0.031692910
      4.410465,   -0.001047,   -0.599741,   0.000000464,   0.007736274,   0.000012259,   0.007736284
      2.402507,    0.005826,    3.338227,  -0.000000471,   0.008513216,   0.000007381,   0.008513220
     -2.201425,    0.003420,    1.959691,  -0.000000189,   0.004447178,   0.000003705,   0.004447180
      5.615328,   -0.007911,   -4.532648,   0.000001325,   0.029927708,   0.000003413,   0.029927708
     -2.401964,    0.001360,    0.779287,   0.000000146,  -0.002251975,   0.000014238,   0.002252020
     -5.200829,    0.006898,    3.952423,   0.000000000,   0.032869300,   0.000000000,   0.032869300
      5.617500,   -0.008247,   -4.724993,   0.000001467,   0.028281402,   0.000005947,   0.028281403
      2.201873,    0.005832,    3.341513,  -0.000000595,   0.009078588,   0.000005905,   0.009078590
      4.409068,   -0.000701,   -0.401553,   0.000000461,   0.008705758,   0.000010338,   0.008705764
     -2.401811,    0.003416,    1.957127,  -0.000000080,   0.003688203,   0.000007442,   0.003688210
     -2.401333,    0.001019,    0.583953,   0.000000272,  -0.001381743,   0.000012300,   0.001381798
     -5.392800,    0.006927,    3.968994,   0.000000000,   0.032869300,   0.000000000,   0.032869300
      5.816720,   -0.007909,   -4.531729,   0.000000556,   0.027497335,   0.000006735,   0.027497336
      2.000633,    0.005837,    3.344591,  -0.000000505,   0.009729510,   0.000004525,   0.009729511
      4.408383,   -0.000355,   -0.203530,   0.000000286,   0.009517659,   0.000008820,   0.009517663
     -2.602910,    0.003416,    1.957445,  -0.000000017,   0.003553447,   0.000009340,   0.003553459
      5.818125,   -0.008247,   -4.724993,   0.000000071,   0.025895889,   0.000009364,   0.025895890
     -2.400532,    0.000679,    0.389036,   0.000000296,  -0.000244793,   0.000010017,   0.000244998
      1.800117,    0.005840,    3.346166,  -0.000000173,   0.009970744,   0.000003724,   0.009970745
      4.408346,   -0.000013,   -0.007251,   0.000000001,   0.009830519,   0.000008239,   0.009830523
     -2.802655,    0.003419,    1.958936,   0.000000041,   0.004661966,   0.000008710,   0.004661974
      5.614937,   -0.001408,   -0.806654,   0.000000220,   0.014728418,   0.000010476,   0.014728421
      6.017314,   -0.007908,   -4.531057,   0.000000096,   0.023648993,   0.000012151,   0.023648996
     -2.401053,    0.000339,    0.194202,   0.000000210,   0.000699736,   0.000008145,   0.000699784
      5.613868,   -0.001062,   -0.608294,   0.000000118,   0.016366599,   0.000007314,   0.016366600
      6.018750,   -0.008247,   -4.724993,  -0.000000651,   0.022178549,   0.000014673,   0.022178554
      1.599714,    0.005836,    3.343827,   0.000000211,   0.009274879,   0.000004098,   0.009274880
      4.409687,    0.000334,    0.191171,  -0.000000289,   0.009539062,   0.000008845,   0.009539066
     -3.002330,    0.003424,    1.961913,   0.000000096,   0.006899119,   0.000005771,   0.006899121
     -2.401108,   -0.000001,   -0.000754,   0.000000003,   0.001113603,   0.000007397,   0.001113627
      5.612042,   -0.000714,   -0.409337,   0.000000047,   0.018709996,   0.000002882,   0.018709996
      1.400249,    0.005831,    3.341116,   0.000000410,   0.007973423,   0.000005180,   0.007973424
      4.411555,    0.000679,    0.389299,  -0.000000468,   0.008749345,   0.000010384,   0.008749351
     -3.201456,    0.003431,    1.965957,   0.000000194,   0.009334640,   0.000001988,   0.009334640
     -6.016147,    0.007564,    4.333919,   0.000000350,   0.025342556,   0.000009768,   0.025342558
     -2.402448,   -0.000342,   -0.195753,  -0.000000200,   0.000721290,   0.000008095,   0.000721335
      5.608012,   -0.000367,   -0.210345,   0.000000000,   0.020030200,   0.000000000,   0.020030200
      1.199897,    0.005828,    3.339261,   0.000000360,   0.006428779,   0.000006676,   0.006428783
      4.412665,    0.001024,    0.586652,  -0.000000477,   0.007799624,   0.000012310,   0.007799634
     -3.399563,    0.003442,    1.972093,   0.000000000,   0.010478500,   0.000000000,   0.010478500
     -6.014340,    0.007222,    4.138098,   0.000000526,   0.026287078,   0.000007699,   0.026287079
     -2.403755,   -0.000684,   -0.391773,  -0.000000280,  -0.000217088,   0.000009945,   0.000217316
      5.603053,   -0.000020,   -0.011706,   0.000000000,   0.020030200,   0.000000000,   0.020030200
      0.998919,    0.005825,    3.337443,   0.000000120,   0.005172335,   0.000007950,   0.005172341
      4.411495,    0.001367,    0.783485,  -0.000000356,   0.007108420,   0.000013834,   0.007108434
     -6.013345,    0.006880,    3.941901,   0.000001001,   0.026380682,   0.000006739,   0.026380683
      3.606954,   -0.001381,   -0.791326,   0.000000023,   0.003936817,   0.000010304,   0.003936830
     -2.405347,   -0.001026,   -0.588056,  -0.000000246,  -0.001357083,   0.000012214,   0.001357138
      5.608407,    0.000322,    0.184371,   0.000000000,   0.020030200,   0.000000000,   0.020030200
      3.606352,   -0.001035,   -0.593261,  -0.000000053,   0.005452231,   0.000006829,   0.005452235
      0.799555,    0.005824,    3.337172,  -0.000000141,   0.004774898,   0.000008118,   0.004774904
      4.410796,    0.001712,    0.980660,  -0.000000152,   0.007035493,   0.000014369,   0.007035508
     -6.014233,    0.006537,    3.745158,   0.000001746,   0.025081886,   0.000008118,   0.025081887
     -2.406051,   -0.001369,   -0.784421,  -0.000000115,  -0.002232186,   0.000014133,   0.002232230
      5.612420,    0.000665,    0.381099,  -0.000000077,   0.018717992,   0.000002916,   0.018717992
      3.605544,   -0.000691,   -0.395632,  -0.000000243,   0.007272138,   0.000002455,   0.007272138
      0.599492,    0.005825,    3.337226,  -0.000000382,   0.005251995,   0.000007145,   0.005252000
      4.410500,    0.002054,    1.176884,   0.000000064,   0.007690072,   0.000013700,   0.007690085
     -6.015445,    0.006192,    3.548026,   0.000002515,   0.022702387,   0.000011168,   0.022702390
      5.615071,    0.001011,    0.579484,  -0.000000153,   0.016376540,   0.000007395,   0.016376542
      3.595200,    0.000000,    0.000000,   0.000000000,   0.008043550,   0.000000000,   0.008043550
      0.398874,    0.005831,    3.340803,  -0.000000468,   0.006221906,   0.000005691,   0.006221908
      4.408528,    0.002398,    1.373811,   0.000000230,   0.008888530,   0.000012142,   0.008888538
      2.406720,    0.001357,    0.777719,  -0.000000188,  -0.002181840,   0.000014170,   0.002181886
     -6.016792,    0.005848,    3.350681,   0.000003042,   0.019642891,   0.000015389,   0.019642897
      3.601234,    0.000338,    0.193609,   0.000000000,   0.008043550,   0.000000000,   0.008043550
      5.616082,    0.001353,    0.775388,  -0.000000261,   0.014744305,   0.000010584,   0.014744308
      0.197599,    0.005837,    3.344107,  -0.000000326,   0.007147785,   0.000004465,   0.007147786
      4.406240,    0.002742,    1.571334,   0.000000288,   0.010266862,   0.000010356,   0.010266867
      2.206796,    0.001358,    0.777933,  -0.000000188,  -0.001996991,   0.000012464,   0.001997030
     -6.017445,    0.005506,    3.154436,   0.000003183,   0.016640948,   0.000019380,   0.016640960
      3.602701,    0.000677,    0.388030,   0.000000248,   0.007278960,   0.000002489,   0.007278960
      5.615397,    0.001704,    0.976406,  -0.000000339,   0.014276908,   0.000011799,   0.014276913
     -0.002800,    0.005840,    3.345891,   0.000000022,   0.007587030,   0.000003886,   0.007587031
      4.405888,    0.003088,    1.769348,   0.000000172,   0.011416661,   0.000009136,   0.011416665
      2.005686,    0.001356,    0.777102,  -0.000000105,  -0.001702006,   0.000010728,   0.001702040
     -6.016939,    0.005161,    2.956825,   0.000003062,   0.014508944,   0.000021787,   0.014508960
      3.604869,    0.001021,    0.584792,   0.000000066,   0.005496766,   0.000006856,   0.005496770
      5.615518,    0.002050,    1.174585,  -0.000000391,   0.015358321,   0.000010379,   0.015358324
     -0.203206,    0.005836,    3.343690,   0.000000370,   0.007127740,   0.000004477,   0.007127741
      4.403777,    0.003432,    1.966477,  -0.000000089,   0.012023164,   0.000008922,   0.012023168
      1.803940,    0.001358,    0.777911,   0.000000029,  -0.001735757,   0.000009907,   0.001735785
     -6.016617,    0.004817,    2.759680,   0.000002753,   0.013507079,   0.000022232,   0.013507098
      3.605695,    0.001363,    0.780891,  -0.000000009,   0.004032719,   0.000010294,   0.004032732
      5.614397,    0.002396,    1.372805,  -0.000000414,   0.017595113,   0.000006994,   0.017595115
     -0.402683,    0.005831,    3.341031,   0.000000512,   0.006206533,   0.000005687,   0.006206536
      4.404849,    0.003777,    2.164127,  -0.000000410,   0.012135807,   0.000009745,   0.012135811
      1.605250,    0.001358,    0.778169,   0.000000136,  -0.002209385,   0.000010219,   0.002209408
     -6.016274,    0.004473,    2.562932,   0.000002303,   0.013638981,   0.000020765,   0.013638997
      3.605560,    0.001707,    0.978003,  -0.000000067,   0.003752707,   0.000011397,   0.003752724
      5.612418,    0.002744,    1.572427,  -0.000000351,   0.020454328,   0.000002493,   0.020454328
     -0.603034,    0.005828,    3.339197,   0.000000428,   0.005241917,   0.000007119,   0.005241922
      4.404911,    0.004122,    2.361753,  -0.000000659,   0.011946385,   0.000011137,   0.011946391
      1.404972,    0.001358,    0.778349,   0.000000176,  -0.003181828,   0.000011629,   0.003181850
     -6.015593,    0.004130,    2.366157,   0.000001705,   0.014353868,   0.000018391,   0.014353880
      3.605544,    0.002053,    1.176448,  -0.000000117,   0.004757890,   0.000010030,   0.004757901
      5.608656,    0.003094,    1.772527,   0.000000000,   0.022094500,   0.000000000,   0.022094500
     -0.804045,    0.005825,    3.337403,   0.000000188,   0.004712047,   0.000008151,   0.004712054
      4.406542,    0.004467,    2.559320,  -0.000000744,   0.011873070,   0.000012468,   0.011873077
      1.205853,    0.001358,    0.778334,   0.000000138,  -0.004296914,   0.000013340,   0.004296935
     -6.014175,    0.003786,    2.169296,   0.000001089,   0.015124512,   0.000015944,   0.015124520
      3.603108,    0.002400,    1.375312,  -0.000000169,   0.006931844,   0.000006356,   0.006931847
      5.602714,    0.003438,    1.969998,   0.000000000,   0.022094500,   0.000000000,   0.022094500
     -1.003408,    0.005824,    3.337143,  -0.000000073,   0.005077903,   0.000008011,   0.005077910
      1.008767,    0.001357,    0.777460,   0.000000060,  -0.005178221,   0.000014554,   0.005178241
     -6.013452,    0.003442,    1.972286,   0.000000631,   0.015348891,   0.000014579,   0.015348898
      4.408734,   -0.004821,   -2.761999,   0.000000626,   0.011940904,   0.000012939,   0.011940911
      3.601152,    0.002750,    1.575570,  -0.000000312,   0.009313382,   0.000001996,   0.009313382
      5.607294,    0.003780,    2.165533,   0.000000000,   0.022094500,   0.000000000,   0.022094500
     -1.203453,    0.005825,    3.337202,  -0.000000310,   0.006274443,   0.000006794,   0.006274447
      0.810762,    0.001357,    0.777605,  -0.000000035,  -0.005552884,   0.000014735,   0.005552903
     -6.014565,    0.003098,    1.775097,   0.000000431,   0.014420672,   0.000015312,   0.014420681
      4.407828,   -0.004478,   -2.565921,   0.000000695,   0.011555357,   0.000012409,   0.011555363
      3.597261,    0.003103,    1.777811,   0.000000000,   0.010375800,   0.000000000,   0.010375800
      5.610446,    0.004123,    2.362465,  -0.000001100,   0.021324989,   0.000003740,   0.021324990
     -1.404043,    0.005831,    3.340769,  -0.000000365,   0.007822073,   0.000005268,   0.007822075
      0.611436,    0.001357,    0.777480,  -0.000000116,  -0.005350669,   0.000013768,   0.005350686
     -6.015986,    0.002754,    1.577817,   0.000000455,   0.012671875,   0.000017660,   0.012671887
      4.407095,   -0.004138,   -2.370906,   0.000000623,   0.011659558,   0.000011099,   0.011659564
      5.611834,    0.004466,    2.558820,  -0.000001565,   0.020087280,   0.000007720,   0.020087281
      3.595200,   -0.003464,   -1.984497,   0.000000000,   0.010096200,   0.000000000,   0.010096200
     -1.605352,    0.005837,    3.344075,  -0.000000173,   0.009127656,   0.000004161,   0.009127657
      0.410528,    0.001359,    0.778486,  -0.000000150,  -0.004778750,   0.000012112,   0.004778765
     -6.017205,    0.002409,    1.380529,   0.000000523,   0.010531772,   0.000020810,   0.010531792
      4.406078,   -0.003797,   -2.175456,   0.000000389,   0.011855186,   0.000009741,   0.011855190
      5.612407,    0.004810,    2.755833,  -0.000001949,   0.019806792,   0.000009983,   0.019806795
     -1.805646,    0.005840,    3.345901,   0.000000194,   0.009801880,   0.000003799,   0.009801881
      3.600854,   -0.003116,   -1.785209,   0.000000000,   0.010096200,   0.000000000,   0.010096200
      0.208919,    0.001357,    0.777757,  -0.000000110,  -0.004177859,   0.000010530,   0.004177872
     -6.017980,    0.002066,    1.183622,   0.000000559,   0.008661882,   0.000023559,   0.008661914
      4.405756,   -0.003457,   -1.980824,   0.000000082,   0.011775971,   0.000008930,   0.011775974
      5.612299,    0.005155,    2.953730,  -0.000002190,   0.020827413,   0.000010091,   0.020827416
     -2.006051,    0.005836,    3.343741,   0.000000506,   0.009551014,   0.000004619,   0.009551015
      3.602325,   -0.002766,   -1.584638,   0.000000317,   0.009058816,   0.000002019,   0.009058816
      0.009142,    0.001359,    0.778863,  -0.000000010,  -0.003956752,   0.000009934,   0.003956764
     -6.017403,    0.001720,    0.985672,   0.000000545,   0.007801079,   0.000024595,   0.007801118
      4.407109,   -0.003115,   -1.784908,  -0.000000178,   0.011203185,   0.000009124,   0.011203189
      5.612157,    0.005501,    3.151635,  -0.000002297,   0.023364772,   0.000007741,   0.023364773
     -2.205550,    0.005831,    3.341086,   0.000000584,   0.008922610,   0.000005988,   0.008922612
      3.604913,   -0.002418,   -1.385228,   0.000000180,   0.006724024,   0.000006372,   0.006724027
     -0.191232,    0.001359,    0.778838,   0.000000091,  -0.004146574,   0.000010444,   0.004146587
     -6.017038,    0.001376,    0.788252,   0.000000492,   0.008076828,   0.000023703,   0.008076862
      4.407713,   -0.002769,   -1.586250,  -0.000000301,   0.010092386,   0.000010320,   0.010092391
      5.610229,    0.005848,    3.350884,  -0.000002231,   0.026930310,   0.000003868,   0.026930310
     -2.405911,    0.005828,    3.339244,   0.000000458,   0.008391808,   0.000007440,   0.008391811
      3.606520,   -0.002072,   -1.187412,   0.000000130,   0.004596085,   0.000010027,   0.004596096
     -0.396291,    0.001359,    0.778798,   0.000000139,  -0.004741787,   0.000012005,   0.004741802
     -6.016756,    0.001032,    0.591130,   0.000000417,   0.009375473,   0.000021091,   0.009375496
      4.407577,   -0.002425,   -1.389675,  -0.000000251,   0.008738688,   0.000012078,   0.008738696
     -2.606972,    0.005825,    3.337450,   0.000000213,   0.008395772,   0.000008364,   0.008395776
      5.608868,    0.006197,    3.550713,  -0.000001888,   0.030771489,  -0.000000188,   0.030771489
      3.606151,   -0.001726,   -0.988910,   0.000000081,   0.003621734,   0.000011402,   0.003621751
     -0.596193,    0.001359,    0.778595,   0.000000109,  -0.005327928,   0.000013684,   0.005327945
     -6.015867,    0.000688,    0.394007,   0.000000306,   0.011032663,   0.000017944,   0.011032678
      4.408596,   -0.002080,   -1.191945,  -0.000000087,   0.007557368,   0.000013637,   0.007557381
     -2.806340,    0.005824,    3.337182,  -0.000000040,   0.009318028,   0.000008074,   0.009318031
      5.606654,    0.006546,    3.750462,   0.000000000,   0.032855800,   0.000000000,   0.032855800
     -0.797760,    0.001357,    0.777768,   0.000000028,  -0.005563492,   0.000014724,   0.005563512
     -6.014424,    0.000344,    0.196831,   0.000000171,   0.012436368,   0.000015313,   0.012436378
      4.409334,   -0.001735,   -0.993806,   0.000000131,   0.006927863,   0.000014312,   0.006927878
     -3.395044,   -0.003446,   -1.974149,   0.000000000,   0.010429600,   0.000000000,   0.010429600
     -3.007049,    0.005830,    3.340541,  -0.000000258,   0.011096942,   0.000006682,   0.011096944
     -0.998716,    0.001358,    0.778309,  -0.000000071,  -0.005216292,   0.000014611,   0.005216313
      5.602739,   -0.006904,   -3.955895,   0.000000000,   0.032451700,   0.000000000,   0.032451700
     -6.013615,   -0.000001,   -0.000351,   0.000000007,   0.013062942,   0.000014170,   0.013062949
     -3.200069,   -0.003438,   -1.969695,  -0.000000187,   0.009287453,   0.000001919,   0.009287454
     -3.207740,    0.005841,    3.346384,  -0.000000264,   0.013130869,   0.000005111,   0.013130870
     -4.205957,   -0.004823,   -2.763488,  -0.000000720,   0.010830101,   0.000012833,   0.010830109
     -1.199331,    0.001360,    0.779066,  -0.000000155,  -0.004329354,   0.000013400,   0.004329375
      5.607804,   -0.006561,   -3.759078,   0.000000000,   0.032451700,   0.000000000,   0.032451700
     -6.014762,   -0.000345,   -0.197559,  -0.000000154,   0.012435805,   0.000015293,   0.012435815
     -3.000207,   -0.003435,   -1.968052,  -0.000000086,   0.006829365,   0.000005707,   0.006829367
     -3.408022,    0.005847,    3.349970,  -0.000000017,   0.014744135,   0.000004161,   0.014744135
     -4.005705,   -0.004822,   -2.762581,  -0.000000674,   0.009967585,   0.000011877,   0.009967592
     -1.399498,    0.001361,    0.779726,  -0.000000195,  -0.003206208,   0.000011680,   0.003206229
      5.611353,   -0.006217,   -3.561809,   0.000001851,   0.030412965,  -0.000000180,   0.030412965
     -6.016139,   -0.000689,   -0.394933,  -0.000000284,   0.011034844,   0.000017897,   0.011034858
     -2.802231,   -0.003428,   -1.964178,  -0.000000034,   0.004591697,   0.000008616,   0.004591705
     -3.607587,    0.005853,    3.353619,   0.000000341,   0.015699626,   0.000004003,   0.015699626
     -3.804250,   -0.004821,   -2.762255,  -0.000000442,   0.009456068,   0.000010588,   0.009456074
     -1.600136,    0.001363,    0.780719,  -0.000000160,  -0.002222669,   0.000010252,   0.002222693
      5.613815,   -0.005870,   -3.363253,   0.000002187,   0.026636181,   0.000003812,   0.026636181
     -6.017390,   -0.001034,   -0.592520,  -0.000000390,   0.009352007,   0.000021070,   0.009352030
     -2.602887,   -0.003431,   -1.965867,   0.000000016,   0.003459976,   0.000009277,   0.003459988
     -3.807597,    0.005851,    3.352441,   0.000000581,   0.015852303,   0.000004960,   0.015852304
     -3.603610,   -0.004815,   -2.758948,  -0.000000100,   0.008887570,   0.000009824,   0.008887576
     -1.800963,    0.001363,    0.781158,  -0.000000056,  -0.001737040,   0.000009918,   0.001737068
      5.614353,   -0.005526,   -3.166058,   0.000002238,   0.023154372,   0.000007587,   0.023154373
     -6.018188,   -0.001380,   -0.790791,  -0.000000462,   0.008008421,   0.000023742,   0.008008456
     -2.402955,   -0.003429,   -1.964739,   0.000000071,   0.003551794,   0.000007432,   0.003551801
     -4.007609,    0.005853,    3.353317,   0.000000574,   0.015938246,   0.000006195,   0.015938247
     -3.403815,   -0.004814,   -2.757961,   0.000000181,   0.008046592,   0.000009975,   0.008046598
     -2.001163,    0.001364,    0.781298,   0.000000072,  -0.001709866,   0.000010734,   0.001709900
      5.613720,   -0.005181,   -2.968577,   0.000002127,   0.020640270,   0.000009919,   0.020640273
     -6.017497,   -0.001726,   -0.988896,  -0.000000512,   0.007728180,   0.000024620,   0.007728219
     -2.202699,   -0.003430,   -1.965522,   0.000000175,   0.004268324,   0.000003730,   0.004268325
     -4.207764,    0.005850,    3.351957,   0.000000418,   0.016422233,   0.000007175,   0.016422235
     -3.202861,   -0.004805,   -2.753329,   0.000000296,   0.006747795,   0.000011108,   0.006747804
     -2.201409,    0.001362,    0.780162,   0.000000151,  -0.002019915,   0.000012465,   0.002019954
      5.613968,   -0.004838,   -2.771750,   0.000001892,   0.019616406,   0.000009846,   0.019616409
     -6.017356,   -0.002070,   -1.186148,  -0.000000528,   0.008572807,   0.000023588,   0.008572840
     -2.000977,   -0.003438,   -1.969941,   0.000000000,   0.004543100,   0.000000000,   0.004543100
     -4.408154,    0.005849,    3.351499,   0.000000203,   0.017691009,   0.000007262,   0.017691011
     -3.003026,   -0.004801,   -2.750625,   0.000000208,   0.005262181,   0.000012609,   0.005262196
      5.612764,   -0.004496,   -2.576001,   0.000001518,   0.019885630,   0.000007632,   0.019885632
     -6.017179,   -0.002414,   -1.383386,  -0.000000495,   0.010402400,   0.000020890,   0.010402421
     -1.797600,   -0.003464,   -1.984497,   0.000000000,   0.004543100,   0.000000000,   0.004543100
      2.402170,   -0.001376,   -0.788583,   0.000000214,  -0.002260780,   0.000014157,   0.002260825
     -4.608478,    0.005851,    3.352629,  -0.000000011,   0.019924025,   0.000006043,   0.019924026
      2.402009,   -0.001036,   -0.593354,   0.000000331,  -0.001364779,   0.000012211,   0.001364834
     -2.803105,   -0.004799,   -2.749442,  -0.000000003,   0.003907382,   0.000013795,   0.003907406
      5.611116,   -0.004153,   -2.379646,   0.000001069,   0.021103486,   0.000003704,   0.021103486
     -6.015956,   -0.002759,   -1.580541,  -0.000000434,   0.012522704,   0.000017756,   0.012522717
     -1.599828,   -0.003426,   -1.963223,   0.000000000,   0.004543100,   0.000000000,   0.004543100
     -4.808732,    0.005852,    3.352870,  -0.000000177,   0.022809981,   0.000003990,   0.022809981
     -2.601872,   -0.004798,   -2.749269,  -0.000000260,   0.003008217,   0.000014077,   0.003008250
      2.401254,   -0.000695,   -0.398396,   0.000000342,  -0.000206868,   0.000009921,   0.000207106
      5.607794,   -0.003810,   -2.182874,   0.000000000,   0.021855300,   0.000000000,   0.021855300
     -6.014480,   -0.003103,   -1.777611,  -0.000000418,   0.014263214,   0.000015403,   0.014263222
     -1.402647,   -0.003412,   -1.954922,  -0.000000189,   0.003691110,   0.000002389,   0.003691111
     -2.401300,   -0.004799,   -2.749431,  -0.000000452,   0.002683911,   0.000013293,   0.002683944
      2.400933,   -0.000354,   -0.203063,   0.000000241,   0.000755829,   0.000008036,   0.000755872
      5.009753,   -0.001399,   -0.801761,   0.000000232,   0.013809934,   0.000008452,   0.013809937
      5.602861,   -0.003469,   -1.987660,   0.000000000,   0.021855300,   0.000000000,   0.021855300
     -6.013710,   -0.003446,   -1.974652,  -0.000000624,   0.015174556,   0.000014683,   0.015174564
     -1.202455,   -0.003406,   -1.951315,  -0.000000090,   0.001759272,   0.000006143,   0.001759283
      5.012393,   -0.001052,   -0.602920,   0.000000262,   0.015173883,   0.000005967,   0.015173884
     -2.201316,   -0.004798,   -2.749206,  -0.000000493,   0.002770903,   0.000011819,   0.002770928
      2.401935,   -0.000014,   -0.007742,   0.000000014,   0.001174093,   0.000007314,   0.001174116
      5.608624,   -0.003125,   -1.790766,   0.000000000,   0.021855300,   0.000000000,   0.021855300
     -6.014837,   -0.003790,   -2.171724,  -0.000001083,   0.014929257,   0.000016070,   0.014929266
     -1.002407,   -0.003403,   -1.949598,  -0.000000033,   0.000131239,   0.000008805,   0.000131534
      5.009772,   -0.000706,   -0.404377,   0.000000295,   0.017087438,   0.000002664,   0.017087438
     -2.000273,   -0.004801,   -2.750749,  -0.000000335,   0.002963373,   0.000010341,   0.002963391
      2.402014,    0.000329,    0.188412,  -0.000000216,   0.000785091,   0.000008020,   0.000785132
      5.612438,   -0.002781,   -1.593588,   0.000000314,   0.020270626,   0.000002478,   0.020270626
     -6.016304,   -0.004134,   -2.368843,  -0.000001694,   0.014146254,   0.000018525,   0.014146266
     -0.803665,   -0.003403,   -1.949748,   0.000000022,  -0.000347185,   0.000009118,   0.000347305
      5.007683,   -0.000360,   -0.206029,   0.000000187,   0.018479886,   0.000000227,   0.018479886
     -1.799995,   -0.004802,   -2.751272,  -0.000000050,   0.002866323,   0.000009674,   0.002866340
      2.404066,    0.000672,    0.385005,  -0.000000320,  -0.000158664,   0.000009915,   0.000158974
      5.614517,   -0.002439,   -1.397402,   0.000000373,   0.017523270,   0.000006847,   0.017523271
     -6.016191,   -0.004478,   -2.565626,  -0.000002284,   0.013440625,   0.000020867,   0.013440642
     -0.603458,   -0.003405,   -1.951011,   0.000000080,   0.000370097,   0.000006982,   0.000370163
      5.006200,   -0.000013,   -0.007575,  -0.000000005,   0.018831517,  -0.000000283,   0.018831517
     -1.600418,   -0.004797,   -2.748659,   0.000000210,   0.002371924,   0.000009987,   0.002371945
      2.405506,    0.001015,    0.581661,  -0.000000308,  -0.001301917,   0.000012214,   0.001301974
      5.614925,   -0.002098,   -1.201806,   0.000000346,   0.015359681,   0.000010154,   0.015359684
     -6.015581,   -0.004821,   -2.762228,  -0.000002726,   0.013321176,   0.000022297,   0.013321195
     -0.402257,   -0.003412,   -1.954848,   0.000000177,   0.001596444,   0.000003238,   0.001596447
      5.008996,    0.000332,    0.190292,  -0.000000193,   0.018503541,   0.000000238,   0.018503541
     -1.399600,   -0.004792,   -2.745548,   0.000000322,   0.001424750,   0.000011278,   0.001424795
      5.615172,   -0.001752,   -1.003701,   0.000000293,   0.014281024,   0.000011612,   0.014281029
     -6.016262,   -0.005164,   -2.959026,  -0.000003031,   0.014302113,   0.000021874,   0.014302130
     -0.201135,   -0.003426,   -1.962743,   0.000000000,   0.002122040,   0.000000000,   0.002122040
      5.011854,    0.000675,    0.386983,  -0.000000304,   0.017135090,   0.000002674,   0.017135090
     -1.199883,   -0.004787,   -2.742664,   0.000000243,   0.000355694,   0.000012817,   0.000355925
     -2.205910,   -0.001368,   -0.783645,  -0.000000128,  -0.002037178,   0.000012418,   0.002037216
     -6.016004,   -0.005508,   -3.155881,  -0.000003150,   0.016430024,   0.000019457,   0.016430036
      0.000000,   -0.003464,   -1.984497,   0.000000000,   0.002122040,   0.000000000,   0.002122040
      5.013599,    0.001021,    0.585254,  -0.000000281,   0.015209270,   0.000006035,   0.015209271
     -5.392800,   -0.006927,   -3.968994,   0.000000000,   0.032648500,   0.000000000,   0.032648500
     -1.000329,   -0.004785,   -2.741771,   0.000000036,  -0.000500046,   0.000013920,   0.000500240
     -2.005149,   -0.001366,   -0.782601,  -0.000000058,  -0.001741036,   0.000010693,   0.001741069
     -6.016133,   -0.005852,   -3.352680,  -0.000003011,   0.019407813,   0.000015499,   0.019407819
      0.199937,   -0.003422,   -1.960698,   0.000000000,   0.002122040,   0.000000000,   0.002122040
      5.013957,    0.001365,    0.782223,  -0.000000257,   0.013889532,   0.000008509,   0.013889535
     -5.199504,   -0.006897,   -3.951905,   0.000000000,   0.032648500,   0.000000000,   0.032648500
     -0.799502,   -0.004786,   -2.742418,  -0.000000222,  -0.000869561,   0.000014072,   0.000869675
     -1.804198,   -0.001365,   -0.782337,   0.000000062,  -0.001774309,   0.000009877,   0.001774336
     -6.015292,   -0.006195,   -3.549637,  -0.000002492,   0.022435877,   0.000011316,   0.022435880
      0.398041,   -0.003408,   -1.952360,  -0.000000196,   0.001581172,   0.000003253,   0.001581175
      5.014019,    0.001711,    0.980238,  -0.000000211,   0.013611006,   0.000009353,   0.013611009
     -5.000817,   -0.006888,   -3.946476,  -0.000000557,   0.031451624,  -0.000003671,   0.031451624
     -0.599251,   -0.004788,   -2.743575,  -0.000000417,  -0.000703007,   0.000013204,   0.000703131
     -1.606105,   -0.001366,   -0.782660,   0.000000158,  -0.002251093,   0.000010197,   0.002251116
     -6.013751,   -0.006538,   -3.746025,  -0.000001736,   0.024814194,   0.000008255,   0.024814196
      0.597094,   -0.003402,   -1.949027,  -0.000000094,   0.000355606,   0.000007000,   0.000355675
     -0.399362,   -0.004793,   -2.746222,  -0.000000465,  -0.000205748,   0.000011760,   0.000206084
      5.014206,    0.002058,    1.179256,  -0.000000142,   0.014528321,   0.000008293,   0.014528323
     -4.803318,   -0.006883,   -3.943813,  -0.000000789,   0.028309086,  -0.000002779,   0.028309086
     -1.406037,   -0.001367,   -0.783359,   0.000000189,  -0.003229123,   0.000011618,   0.003229144
     -6.013309,   -0.006880,   -3.942168,  -0.000001004,   0.026108737,   0.000006872,   0.026108738
      0.795979,   -0.003399,   -1.947576,  -0.000000034,  -0.000376783,   0.000009175,   0.000376895
     -0.198239,   -0.004796,   -2.748127,  -0.000000309,   0.000307907,   0.000010412,   0.000308083
      5.013044,    0.002402,    1.376314,  -0.000000057,   0.016408961,   0.000005714,   0.016408962
     -4.603620,   -0.006884,   -3.944286,  -0.000000948,   0.024849902,  -0.000000190,   0.024849902
     -1.207411,   -0.001366,   -0.782937,   0.000000148,  -0.004342843,   0.000013325,   0.004342864
     -6.014422,   -0.007223,   -4.138452,  -0.000000538,   0.026030028,   0.000007799,   0.026030029
      0.996485,   -0.003401,   -1.948344,   0.000000026,   0.000088185,   0.000008909,   0.000088634
      0.002201,   -0.004798,   -2.748801,  -0.000000010,   0.000485653,   0.000009938,   0.000485755
      5.008932,    0.002745,    1.572800,   0.000000075,   0.018755629,   0.000002447,   0.018755629
     -4.404289,   -0.006881,   -3.942450,  -0.000000941,   0.022291061,   0.000001370,   0.022291061
     -1.009386,   -0.001363,   -0.780802,   0.000000066,  -0.005228186,   0.000014544,   0.005228207
     -6.016117,   -0.007564,   -4.334135,  -0.000000368,   0.025104591,   0.000009834,   0.025104593
      1.196784,   -0.003404,   -1.950329,   0.000000084,   0.001718046,   0.000006254,   0.001718057
      0.202017,   -0.004795,   -2.747191,   0.000000286,   0.000303715,   0.000010436,   0.000303894
      5.005885,    0.003090,    1.770384,  -0.000000015,   0.020446641,   0.000000138,   0.020446641
     -4.204018,   -0.006883,   -3.943930,  -0.000000762,   0.020915969,   0.000001411,   0.020915969
     -0.810936,   -0.001363,   -0.780936,  -0.000000031,  -0.005605504,   0.000014732,   0.005605524
      1.396384,   -0.003411,   -1.954115,   0.000000185,   0.003669048,   0.000002485,   0.003669049
      0.403142,   -0.004791,   -2.744856,   0.000000438,  -0.000208462,   0.000011802,   0.000208797
      5.002222,    0.003436,    1.968629,  -0.000000242,   0.020872521,   0.000000219,   0.020872521
     -4.002304,   -0.006888,   -3.946415,  -0.000000287,   0.020376457,   0.000000528,   0.020376457
      6.016110,    0.007562,    4.332482,  -0.000000321,   0.025303494,   0.000009736,   0.025303496
     -0.611308,   -0.001364,   -0.781756,  -0.000000112,  -0.005404391,   0.000013773,   0.005404409
      1.598006,   -0.003429,   -1.964825,   0.000000000,   0.004560740,   0.000000000,   0.004560740
      0.603230,   -0.004786,   -2.742278,   0.000000386,  -0.000695977,   0.000013249,   0.000696103
      5.004793,    0.003782,    2.166849,  -0.000000307,   0.020694693,   0.000001369,   0.020694693
     -3.799612,   -0.006898,   -3.952175,   0.000000000,   0.020025100,   0.000000000,   0.020025100
      5.814271,    0.007565,    4.334167,  -0.000000337,   0.029629693,   0.000003721,   0.029629693
     -0.410216,   -0.001363,   -0.781138,  -0.000000147,  -0.004825125,   0.000012106,   0.004825140
      1.797600,   -0.003464,   -1.984497,   0.000000000,   0.004560740,   0.000000000,   0.004560740
      0.802829,   -0.004785,   -2.741473,   0.000000190,  -0.000845070,   0.000014100,   0.000845188
      5.006402,    0.004125,    2.363570,  -0.000000397,   0.019883813,   0.000003667,   0.019883813
     -3.595200,   -0.006927,   -3.968994,   0.000000000,   0.020025100,   0.000000000,   0.020025100
      5.612646,    0.007571,    4.337603,  -0.000000650,   0.032015582,   0.000000762,   0.032015582
     -0.208557,   -0.001363,   -0.781008,  -0.000000105,  -0.004225351,   0.000010534,   0.004225364
      1.999671,   -0.003437,   -1.969464,   0.000000000,   0.004560740,   0.000000000,   0.004560740
      1.003737,   -0.004786,   -2.742395,  -0.000000066,  -0.000452740,   0.000013928,   0.000452955
      5.008026,    0.004469,    2.560489,  -0.000000564,   0.018980144,   0.000006457,   0.018980145
     -3.399672,   -0.006891,   -3.948170,   0.000000000,   0.020025100,   0.000000000,   0.020025100
      5.411361,    0.007574,    4.339722,  -0.000001189,   0.032520520,   0.000000125,   0.032520520
     -0.008755,   -0.001364,   -0.781617,  -0.000000004,  -0.004003269,   0.000009938,   0.004003281
      2.201285,   -0.003431,   -1.965864,  -0.000000170,   0.004255906,   0.000003740,   0.004255907
      1.204136,   -0.004789,   -2.743706,  -0.000000268,   0.000421961,   0.000012804,   0.000422155
      5.009133,    0.004814,    2.758098,  -0.000000648,   0.018946053,   0.000007997,   0.018946054
     -3.200971,   -0.006877,   -3.940005,  -0.000000416,   0.018979845,  -0.000001992,   0.018979845
      5.210924,    0.007571,    4.337760,  -0.000002214,   0.032078653,  -0.000000711,   0.032078653
      0.191750,   -0.001365,   -0.781978,   0.000000099,  -0.004197184,   0.000010458,   0.004197197
      2.401570,   -0.003429,   -1.964824,  -0.000000046,   0.003469503,   0.000007516,   0.003469511
      1.404072,   -0.004792,   -2.745639,  -0.000000337,   0.001497647,   0.000011252,   0.001497689
      5.008079,    0.005159,    2.955794,  -0.000000581,   0.020071983,   0.000007731,   0.020071984
     -3.001443,   -0.006871,   -3.936736,  -0.000000620,   0.016666727,  -0.000000934,   0.016666727
      5.008689,    0.007563,    4.333001,  -0.000002919,   0.030335402,  -0.000001076,   0.030335403
      0.396454,   -0.001366,   -0.782452,   0.000000150,  -0.004794395,   0.000012020,   0.004794410
      2.602658,   -0.003431,   -1.965753,   0.000000019,   0.003299298,   0.000009449,   0.003299311
      1.605209,   -0.004796,   -2.748082,  -0.000000211,   0.002442532,   0.000009960,   0.002442552
      5.009888,    0.005505,    3.153965,  -0.000000341,   0.022413617,   0.000005588,   0.022413618
     -2.803040,   -0.006868,   -3.935147,  -0.000000725,   0.014489758,   0.000000941,   0.014489758
      4.809601,    0.007560,    4.331515,  -0.000003256,   0.027382936,   0.000000253,   0.027382936
      0.595549,   -0.001365,   -0.781844,   0.000000124,  -0.005377616,   0.000013684,   0.005377634
      2.802243,   -0.003432,   -1.966117,   0.000000071,   0.004364401,   0.000008846,   0.004364409
      1.805624,   -0.004798,   -2.748995,   0.000000061,   0.002922092,   0.000009652,   0.002922108
     -2.601962,   -0.006867,   -3.934521,  -0.000000702,   0.013354369,   0.000001551,   0.013354369
      4.607988,    0.007562,    4.332697,  -0.000003385,   0.024339498,   0.000002168,   0.024339498
      0.797542,   -0.001363,   -0.780956,   0.000000049,  -0.005616568,   0.000014724,   0.005616587
      5.009754,   -0.005861,   -3.358228,  -0.000000084,   0.025141758,   0.000002221,   0.025141758
      3.001796,   -0.003437,   -1.969378,   0.000000116,   0.006559419,   0.000005924,   0.006559422
      2.005369,   -0.004795,   -2.747294,   0.000000352,   0.002993424,   0.000010333,   0.002993442
     -2.401074,   -0.006869,   -3.935893,  -0.000000545,   0.013414045,   0.000000659,   0.013414045
      4.407540,    0.007560,    4.331511,  -0.000003277,   0.021919649,   0.000003540,   0.021919650
      0.997966,   -0.001365,   -0.782016,  -0.000000045,  -0.005276183,   0.000014616,   0.005276203
      5.010030,   -0.005515,   -3.159970,   0.000000281,   0.022012569,   0.000005604,   0.022012570
      3.200858,   -0.003443,   -1.972895,   0.000000196,   0.008965164,   0.000002097,   0.008965164
      2.206438,   -0.004791,   -2.744826,   0.000000512,   0.002765078,   0.000011830,   0.002765104
     -2.200914,   -0.006875,   -3.939103,  -0.000000175,   0.014015379,  -0.000000422,   0.014015379
      4.207381,    0.007562,    4.332483,  -0.000003018,   0.020414983,   0.000003920,   0.020414984
      1.199253,   -0.001369,   -0.784227,  -0.000000122,  -0.004394746,   0.000013413,   0.004394767
      5.010296,   -0.005173,   -2.964067,   0.000000515,   0.019763361,   0.000007666,   0.019763362
      3.399032,   -0.003450,   -1.976644,   0.000000000,   0.010096200,   0.000000000,   0.010096200
      2.406979,   -0.004791,   -2.745230,   0.000000467,   0.002635994,   0.000013330,   0.002636028
     -1.999792,   -0.006889,   -3.947090,   0.000000000,   0.014192100,   0.000000000,   0.014192100
      4.007018,    0.007565,    4.334185,  -0.000002626,   0.019886900,   0.000003094,   0.019886901
      1.399533,   -0.001370,   -0.784963,  -0.000000157,  -0.003273926,   0.000011695,   0.003273946
      5.010895,   -0.004828,   -2.766326,   0.000000583,   0.018667213,   0.000007911,   0.018667214
      2.606400,   -0.004793,   -2.746153,   0.000000270,   0.002913693,   0.000014120,   0.002913727
      3.601330,   -0.000346,   -0.198440,   0.000000000,   0.008043550,   0.000000000,   0.008043550
     -1.797600,   -0.006927,   -3.968994,   0.000000000,   0.014192100,   0.000000000,   0.014192100
      3.806545,    0.007569,    4.336886,  -0.000002279,   0.019823527,   0.000001820,   0.019823528
      1.600467,   -0.001372,   -0.786223,  -0.000000117,  -0.002290956,   0.000010266,   0.002290979
      3.401213,   -0.000349,   -0.199764,   0.000000000,   0.008043550,   0.000000000,   0.008043550
      5.010284,   -0.004483,   -2.568507,   0.000000511,   0.018728988,   0.000006365,   0.018728989
      2.806718,   -0.004795,   -2.747105,   0.000000008,   0.003758178,   0.000013845,   0.003758203
      3.399014,   -0.000008,   -0.004397,   0.000000000,   0.008043550,   0.000000000,   0.008043550
     -1.599640,   -0.006887,   -3.946002,   0.000000000,   0.014192100,   0.000000000,   0.014192100
      3.606184,    0.007574,    4.339704,  -0.000001924,   0.019822058,   0.000000891,   0.019822058
      1.800850,   -0.001375,   -0.787879,  -0.000000009,  -0.001807593,   0.000009938,   0.001807620
      5.009139,   -0.004140,   -2.371959,   0.000000362,   0.019647171,   0.000003599,   0.019647171
      3.007116,   -0.004801,   -2.750664,  -0.000000210,   0.005071136,   0.000012657,   0.005071152
     -1.399477,   -0.006872,   -3.937619,  -0.000000221,   0.013452026,  -0.000001587,   0.013452026
      3.406145,    0.007568,    4.336068,  -0.000002283,   0.019462218,   0.000000186,   0.019462218
     -3.402231,    0.003091,    1.770911,   0.000000000,   0.010478500,   0.000000000,   0.010478500
      2.001271,   -0.001376,   -0.788248,   0.000000123,  -0.001768080,   0.000010731,   0.001768113
      5.006621,   -0.003800,   -2.177355,   0.000000286,   0.020449834,   0.000001348,   0.020449834
      3.207125,   -0.004807,   -2.754419,  -0.000000300,   0.006517867,   0.000011147,   0.006517876
     -1.199359,   -0.006867,   -3.934669,  -0.000000230,   0.011688138,  -0.000000568,   0.011688138
      3.204456,    0.007561,    4.332287,  -0.000002474,   0.017993102,   0.000000446,   0.017993103
     -3.404169,    0.002741,    1.570687,   0.000000338,   0.008865402,   0.000002328,   0.008865402
      2.201721,   -0.001378,   -0.789535,   0.000000209,  -0.002063656,   0.000012444,   0.002063693
      5.004562,   -0.003457,   -1.980663,   0.000000228,   0.020647168,   0.000000207,   0.020647168
      3.406701,   -0.004812,   -2.757296,  -0.000000184,   0.007773305,   0.000009996,   0.007773311
     -1.000677,   -0.006865,   -3.933541,  -0.000000249,   0.010169222,   0.000000999,   0.010169222
      3.005392,    0.007558,    4.330314,  -0.000002451,   0.015857599,   0.000001866,   0.015857599
     -3.404946,    0.002393,    1.371117,   0.000000281,   0.006025199,   0.000006882,   0.006025203
      5.007212,   -0.003117,   -1.786028,   0.000000009,   0.020239193,   0.000000133,   0.020239193
     -2.200756,    0.001022,    0.585489,   0.000000296,  -0.000958107,   0.000009990,   0.000958159
      3.606846,   -0.004818,   -2.760517,   0.000000104,   0.008596507,   0.000009856,   0.008596513
     -0.799720,   -0.006865,   -3.933361,  -0.000000228,   0.009731978,   0.000001246,   0.009731978
      2.805400,    0.007557,    4.330069,  -0.000002289,   0.014059384,   0.000003217,   0.014059384
     -3.406745,    0.002048,    1.173433,   0.000000143,   0.003799260,   0.000010392,   0.003799275
      5.010068,   -0.002773,   -1.588673,  -0.000000088,   0.018591743,   0.000002399,   0.018591743
     -2.200819,    0.000681,    0.390306,   0.000000434,   0.000550777,   0.000006696,   0.000550818
      3.807115,   -0.004820,   -2.761576,   0.000000448,   0.009144260,   0.000010616,   0.009144266
     -0.599103,   -0.006868,   -3.935087,  -0.000000160,   0.010445262,   0.000000074,   0.010445262
      2.604350,    0.007557,    4.329962,  -0.000002002,   0.013006472,   0.000003811,   0.013006473
     -3.405176,    0.001700,    0.974041,   0.000000010,   0.002649014,   0.000011892,   0.002649041
      5.011435,   -0.002431,   -1.392734,   0.000000033,   0.016258250,   0.000005665,   0.016258251
     -2.200735,    0.000341,    0.195302,   0.000000265,   0.001615351,   0.000004521,   0.001615357
      4.007453,   -0.004822,   -2.762514,   0.000000678,   0.009642704,   0.000011926,   0.009642712
     -0.399670,   -0.006874,   -3.938563,   0.000000020,   0.011561350,  -0.000000947,   0.011561350
      2.404025,    0.007559,    4.330928,  -0.000001654,   0.012841460,   0.000003433,   0.012841461
     -3.406839,    0.001354,    0.775802,  -0.000000133,   0.002958270,   0.000010742,   0.002958289
      5.012222,   -0.002088,   -1.196096,   0.000000114,   0.014417013,   0.000008218,   0.014417015
     -2.200687,   -0.000000,   -0.000206,   0.000000003,   0.001899907,   0.000003646,   0.001899911
      4.207795,   -0.004821,   -2.762072,   0.000000720,   0.010491084,   0.000012910,   0.010491092
     -0.199696,   -0.006888,   -3.946728,   0.000000000,   0.012001800,   0.000000000,   0.012001800
      2.203743,    0.007562,    4.332836,  -0.000001277,   0.013409755,   0.000002263,   0.013409755
     -3.406073,    0.001010,    0.578692,  -0.000000305,   0.004407463,   0.000007470,   0.004407470
      5.010697,   -0.001743,   -0.998949,   0.000000181,   0.013527984,   0.000009266,   0.013527987
     -2.201671,   -0.000341,   -0.195636,  -0.000000258,   0.001625128,   0.000004486,   0.001625135
      0.000000,   -0.006927,   -3.968994,   0.000000000,   0.012001800,   0.000000000,   0.012001800
      2.003367,    0.007568,    4.336296,  -0.000001072,   0.013963065,   0.000001264,   0.013963065
     -3.405013,    0.000666,    0.381849,  -0.000000388,   0.006548720,   0.000002978,   0.006548721
     -4.207046,    0.004476,    2.564317,   0.000000876,   0.010599155,   0.000012068,   0.010599162
     -2.202408,   -0.000683,   -0.391195,  -0.000000421,   0.000561696,   0.000006641,   0.000561735
     -4.807703,   -0.005858,   -3.356402,   0.000000207,   0.022686629,   0.000003910,   0.022686629
      0.200449,   -0.006887,   -3.946071,   0.000000000,   0.012001800,   0.000000000,   0.012001800
      1.802961,    0.007574,    4.339407,  -0.000000957,   0.014108589,   0.000000836,   0.014108589
     -3.403547,    0.000323,    0.185260,   0.000000000,   0.007761710,   0.000000000,   0.007761710
     -4.206119,    0.004132,    2.367428,   0.000000773,   0.010727866,   0.000010572,   0.010727871
     -2.204264,   -0.001026,   -0.587610,  -0.000000277,  -0.000961870,   0.000009946,   0.000961921
     -4.605473,   -0.005855,   -3.354611,   0.000000039,   0.019733246,   0.000006029,   0.019733247
      0.401934,   -0.006873,   -3.937654,  -0.000000026,   0.011584212,  -0.000000948,   0.011584212
      1.602595,    0.007567,    4.335776,  -0.000001187,   0.013825100,   0.000000482,   0.013825100
     -3.395977,   -0.000009,   -0.004919,   0.000000000,   0.007761710,   0.000000000,   0.007761710
     -4.205397,    0.003788,    2.170301,   0.000000458,   0.010991061,   0.000008882,   0.010991065
     -4.405446,   -0.005853,   -3.353740,  -0.000000172,   0.017490536,   0.000007259,   0.017490538
      0.602571,   -0.006867,   -3.934682,   0.000000152,   0.010490549,   0.000000070,   0.010490549
      1.400863,    0.007561,    4.332087,  -0.000001265,   0.012647305,   0.000000933,   0.012647305
     -3.396686,   -0.000348,   -0.199454,   0.000000000,   0.007761710,   0.000000000,   0.007761710
      2.204629,    0.001015,    0.581601,  -0.000000327,  -0.000923515,   0.000009959,   0.000923569
     -4.204861,    0.003445,    1.973623,   0.000000017,   0.011009846,   0.000007903,   0.011009849
     -4.205796,   -0.005851,   -3.352207,  -0.000000385,   0.016185988,   0.000007216,   0.016185990
      0.801524,   -0.006865,   -3.933545,   0.000000218,   0.009815125,   0.000001217,   0.009815125
      1.201534,    0.007558,    4.330176,  -0.000001138,   0.010980178,   0.000002255,   0.010980179
     -3.400574,   -0.000693,   -0.397155,   0.000000405,   0.006579206,   0.000002903,   0.006579207
      2.002778,    0.001016,    0.582190,  -0.000000181,  -0.000449656,   0.000007727,   0.000449722
     -4.205748,    0.003097,    1.774707,  -0.000000325,   0.010410073,   0.000008049,   0.010410076
     -4.005395,   -0.005853,   -3.353395,  -0.000000546,   0.015684298,   0.000006239,   0.015684300
      1.002477,   -0.006865,   -3.933345,   0.000000238,   0.010279029,   0.000000957,   0.010279030
      1.001645,    0.007557,    4.329934,  -0.000000925,   0.009754990,   0.000003312,   0.009754991
     -3.403906,   -0.001036,   -0.593720,   0.000000331,   0.004490599,   0.000007276,   0.004490605
      1.802587,    0.001017,    0.582614,   0.000000061,  -0.000284913,   0.000006537,   0.000284988
     -4.207428,    0.002751,    1.576022,  -0.000000395,   0.009247734,   0.000009474,   0.009247739
     -3.803982,   -0.005853,   -3.353720,  -0.000000563,   0.015609705,   0.000004963,   0.015609706
      1.202808,   -0.006868,   -3.935059,   0.000000220,   0.011840666,  -0.000000630,   0.011840666
      0.800714,    0.007557,    4.329838,  -0.000000645,   0.009310406,   0.000003561,   0.009310407
     -3.404387,   -0.001379,   -0.790277,   0.000000161,   0.003077416,   0.000010465,   0.003077434
      1.602311,    0.001018,    0.583551,   0.000000254,  -0.000856696,   0.000007171,   0.000856726
     -4.207946,    0.002401,    1.375853,  -0.000000291,   0.007722402,   0.000011593,   0.007722411
     -3.603043,   -0.005853,   -3.353687,  -0.000000333,   0.015432631,   0.000004023,   0.015432632
      1.401648,   -0.006874,   -3.938513,   0.000000216,   0.013617902,  -0.000001630,   0.013617902
      0.600471,    0.007559,    4.330821,  -0.000000357,   0.009706604,   0.000002915,   0.009706605
     -3.405538,   -0.001723,   -0.987265,   0.000000018,   0.002797734,   0.000011565,   0.002797758
      1.405060,    0.001019,    0.583984,   0.000000283,  -0.001945113,   0.000008989,   0.001945134
     -4.209235,    0.002056,    1.177737,  -0.000000062,   0.006324474,   0.000013591,   0.006324489
     -3.402509,   -0.005847,   -3.350068,   0.000000014,   0.014469004,   0.000004182,   0.014469004
      1.600412,   -0.006888,   -3.946640,   0.000000000,   0.014372200,   0.000000000,   0.014372200
      0.400380,    0.007562,    4.332726,  -0.000000091,   0.010726822,   0.000001685,   0.010726822
     -3.404455,   -0.002067,   -1.184258,  -0.000000116,   0.003906741,   0.000010108,   0.003906754
      1.208515,    0.001018,    0.583357,   0.000000204,  -0.003280829,   0.000011222,   0.003280849
     -4.210158,    0.001708,    0.978516,   0.000000183,   0.005554186,   0.000014471,   0.005554205
     -3.203090,   -0.005840,   -3.346170,   0.000000249,   0.012855165,   0.000005141,   0.012855166
      1.797600,   -0.006927,   -3.968994,   0.000000000,   0.014372200,   0.000000000,   0.014372200
      0.200112,    0.007568,    4.336232,   0.000000004,   0.011539685,   0.000000926,   0.011539685
     -3.404772,   -0.002411,   -1.381612,  -0.000000257,   0.006104751,   0.000006656,   0.006104755
      1.009315,    0.001017,    0.582585,   0.000000066,  -0.004404128,   0.000012917,   0.004404147
     -4.209728,    0.001360,    0.779334,   0.000000416,   0.005585679,   0.000013900,   0.005585696
     -3.002811,   -0.005835,   -3.343411,   0.000000242,   0.010869595,   0.000006657,   0.010869597
      2.000513,   -0.006887,   -3.946189,   0.000000000,   0.014372200,   0.000000000,   0.014372200
     -0.000313,    0.007574,    4.339389,  -0.000000017,   0.011745766,   0.000000861,   0.011745766
     -3.402703,   -0.002757,   -1.579383,  -0.000000316,   0.008862879,   0.000002238,   0.008862879
      0.809360,    0.001017,    0.582857,  -0.000000080,  -0.004807699,   0.000013144,   0.004807717
     -4.208941,    0.001016,    0.581912,   0.000000608,   0.006306123,   0.000012133,   0.006306134
     -2.801952,   -0.005831,   -3.340955,   0.000000024,   0.009091525,   0.000008043,   0.009091529
      2.203319,   -0.006873,   -3.937732,   0.000000164,   0.014174906,  -0.000000538,   0.014174906
     -0.200886,    0.007567,    4.335790,  -0.000000043,   0.011538959,   0.000000915,   0.011538959
     -3.400839,   -0.003102,   -1.777425,   0.000000000,   0.010429600,   0.000000000,   0.010429600
      0.609327,    0.001018,    0.583399,  -0.000000224,  -0.004422642,   0.000011785,   0.004422657
     -4.207641,    0.000669,    0.383171,   0.000000610,   0.007273327,   0.000010055,   0.007273334
     -2.602613,   -0.005830,   -3.340109,  -0.000000223,   0.008147954,   0.000008355,   0.008147958
      2.404479,   -0.006867,   -3.934727,   0.000000531,   0.013497040,   0.000000543,   0.013497040
     -0.402568,    0.007561,    4.332124,   0.000000047,   0.010707850,   0.000001673,   0.010707850
      0.408285,    0.001018,    0.583114,  -0.000000289,  -0.003616807,   0.000009553,   0.003616820
     -4.206660,    0.000322,    0.184774,   0.000000407,   0.008072880,   0.000008339,   0.008072884
      3.399680,    0.003091,    1.771169,   0.000000000,   0.010375800,   0.000000000,   0.010375800
     -2.402557,   -0.005829,   -3.339551,  -0.000000460,   0.008103776,   0.000007476,   0.008103780
      2.603699,   -0.006865,   -3.933580,   0.000000683,   0.013338681,   0.000001487,   0.013338681
     -0.602114,    0.007558,    4.330194,   0.000000310,   0.009660865,   0.000002915,   0.009660866
      0.207522,    0.001019,    0.583603,  -0.000000217,  -0.002858573,   0.000007511,   0.002858583
     -4.206505,   -0.000021,   -0.012279,   0.000000000,   0.008408181,   0.000007735,   0.008408184
      3.201026,    0.003084,    1.766848,  -0.000000222,   0.008775278,   0.000002242,   0.008775278
     -2.201913,   -0.005834,   -3.342522,  -0.000000581,   0.008642002,   0.000005995,   0.008642004
      2.804661,   -0.006865,   -3.933350,   0.000000703,   0.014360869,   0.000000952,   0.014360869
     -0.801927,    0.007557,    4.329937,   0.000000596,   0.009219593,   0.000003598,   0.009219594
      0.006552,    0.001018,    0.583541,  -0.000000013,  -0.002485337,   0.000006550,   0.002485345
     -4.208368,   -0.000367,   -0.210504,  -0.000000402,   0.008078959,   0.000008352,   0.008078964
      3.002721,    0.003079,    1.764291,  -0.000000189,   0.006097788,   0.000006291,   0.006097791
     -2.000656,   -0.005839,   -3.345295,  -0.000000499,   0.009271505,   0.000004607,   0.009271506
      3.004714,   -0.006868,   -3.935055,   0.000000599,   0.016456360,  -0.000000873,   0.016456360
     -1.002836,    0.007557,    4.329834,   0.000000877,   0.009619395,   0.000003375,   0.009619396
     -0.196555,    0.001020,    0.584461,   0.000000200,  -0.002836492,   0.000007444,   0.002836502
     -4.210494,   -0.000715,   -0.409640,  -0.000000598,   0.007291439,   0.000010056,   0.007291446
      2.803416,    0.003074,    1.761228,  -0.000000052,   0.003940764,   0.000009094,   0.003940774
     -1.800127,   -0.005841,   -3.346617,  -0.000000186,   0.009501019,   0.000003806,   0.009501019
      3.202965,   -0.006874,   -3.938476,   0.000000400,   0.018684800,  -0.000001920,   0.018684800
     -1.203031,    0.007559,    4.330810,   0.000001096,   0.010802889,   0.000002337,   0.010802889
     -0.397027,    0.001020,    0.584603,   0.000000279,  -0.003583374,   0.000009455,   0.003583386
     -4.211948,   -0.001062,   -0.608755,  -0.000000590,   0.006355350,   0.000012074,   0.006355361
      2.603945,    0.003077,    1.762727,   0.000000094,   0.002873131,   0.000009686,   0.002873147
     -1.599717,   -0.005837,   -3.344099,   0.000000179,   0.008808095,   0.000004191,   0.008808096
      3.400531,   -0.006888,   -3.946565,   0.000000000,   0.019704600,   0.000000000,   0.019704600
     -1.403026,    0.007562,    4.332698,   0.000001229,   0.012449426,   0.000000997,   0.012449426
     -0.598403,    0.001019,    0.583597,   0.000000222,  -0.004392439,   0.000011693,   0.004392454
     -4.209911,   -0.001403,   -0.803835,  -0.000000397,   0.005676954,   0.000013717,   0.005676970
      2.403654,    0.003075,    1.761569,   0.000000257,   0.002983360,   0.000007824,   0.002983371
     -1.400250,   -0.005832,   -3.341273,   0.000000368,   0.007520303,   0.000005292,   0.007520305
      3.595200,   -0.006927,   -3.968994,   0.000000000,   0.019704600,   0.000000000,   0.019704600
     -1.603204,    0.007568,    4.336204,   0.000001165,   0.013611608,   0.000000514,   0.013611608
     -0.798904,    0.001018,    0.583156,   0.000000077,  -0.004812332,   0.000013128,   0.004812350
     -4.208297,   -0.001744,   -0.999447,  -0.000000168,   0.005670763,   0.000014200,   0.005670781
      2.203354,    0.003078,    1.763749,   0.000000318,   0.004021189,   0.000003989,   0.004021191
     -1.199896,   -0.005828,   -3.339347,   0.000000318,   0.005997321,   0.000006797,   0.005997325
      3.800416,   -0.006896,   -3.950938,   0.000000000,   0.019704600,   0.000000000,   0.019704600
     -1.803633,    0.007574,    4.339381,   0.000000947,   0.013898468,   0.000000850,   0.013898468
     -0.998700,    0.001019,    0.583862,  -0.000000070,  -0.004450577,   0.000012988,   0.004450596
      2.002139,    0.003084,    1.766818,   0.000000000,   0.004695680,   0.000000000,   0.004695680
     -4.208342,   -0.002082,   -1.193020,   0.000000067,   0.006428279,   0.000013335,   0.006428293
     -0.998918,   -0.005825,   -3.337489,   0.000000085,   0.004767412,   0.000008065,   0.004767419
      4.003998,   -0.006885,   -3.944675,   0.000000279,   0.020065275,   0.000000531,   0.020065276
     -2.004384,    0.007567,    4.335816,   0.000001074,   0.013754915,   0.000001290,   0.013754915
     -1.199494,    0.001020,    0.584273,  -0.000000213,  -0.003337370,   0.000011324,   0.003337389
      1.800880,    0.003092,    1.771419,   0.000000000,   0.004695680,   0.000000000,   0.004695680
     -4.206727,   -0.002425,   -1.389359,   0.000000290,   0.007785948,   0.000011396,   0.007785956
     -0.799554,   -0.005825,   -3.337196,  -0.000000169,   0.004394504,   0.000008218,   0.004394512
      4.205556,   -0.006883,   -3.943841,   0.000000748,   0.020616528,   0.000001416,   0.020616528
     -2.206016,    0.007561,    4.332168,   0.000001289,   0.013206627,   0.000002317,   0.013206627
     -1.400041,    0.001021,    0.585057,  -0.000000299,  -0.001972074,   0.000009046,   0.001972095
      1.601076,    0.003074,    1.761553,   0.000000000,   0.004695680,   0.000000000,   0.004695680
     -4.205314,   -0.002767,   -1.585434,   0.000000388,   0.009239008,   0.000009375,   0.009239013
     -0.599490,   -0.005825,   -3.337238,  -0.000000402,   0.004891755,   0.000007227,   0.004891760
      4.406227,   -0.006882,   -3.943092,   0.000000925,   0.022013437,   0.000001362,   0.022013438
     -2.405753,    0.007558,    4.330215,   0.000001668,   0.012652256,   0.000003504,   0.012652257
     -1.600235,    0.001022,    0.585451,  -0.000000273,  -0.000860000,   0.000007188,   0.000860030
      1.402490,    0.003064,    1.755721,  -0.000000217,   0.003397303,   0.000002582,   0.003397304
     -4.203950,   -0.003109,   -1.781509,   0.000000320,   0.010360322,   0.000008012,   0.010360325
     -0.398872,   -0.005831,   -3.340809,  -0.000000485,   0.005875308,   0.000005755,   0.005875311
      4.606347,   -0.006883,   -3.943420,   0.000000922,   0.024601738,  -0.000000220,   0.024601738
     -2.605490,    0.007557,    4.329948,   0.000002019,   0.012823954,   0.000003900,   0.012823954
     -1.800516,    0.001023,    0.586258,  -0.000000083,  -0.000293952,   0.000006565,   0.000294026
      1.203519,    0.003059,    1.752890,  -0.000000172,   0.001196802,   0.000006550,   0.001196819
     -4.203116,   -0.003452,   -1.977723,  -0.000000014,   0.010941577,   0.000007874,   0.010941580
     -0.197597,   -0.005837,   -3.344109,  -0.000000346,   0.006808430,   0.000004517,   0.006808431
      4.805773,   -0.006886,   -3.945185,   0.000000771,   0.028086324,  -0.000002821,   0.028086324
     -2.806378,    0.007557,    4.329839,   0.000002305,   0.013888766,   0.000003302,   0.013888766
     -2.000676,    0.001023,    0.586215,   0.000000154,  -0.000465403,   0.000007756,   0.000465467
      1.004687,    0.003058,    1.751858,  -0.000000029,  -0.000374178,   0.000009099,   0.000374289
     -4.203394,   -0.003794,   -2.173816,  -0.000000442,   0.010918952,   0.000008834,   0.010918956
      0.002803,   -0.005840,   -3.345893,  -0.000000010,   0.007252743,   0.000003939,   0.007252744
      5.004194,   -0.006891,   -3.948532,   0.000000538,   0.031259752,  -0.000003700,   0.031259753
     -3.006527,    0.007559,    4.330807,   0.000002472,   0.015698293,   0.000001942,   0.015698293
      0.804801,    0.003058,    1.751882,   0.000000114,  -0.000864769,   0.000009429,   0.000864821
     -4.204531,   -0.004137,   -2.370363,  -0.000000745,   0.010649893,   0.000010510,   0.010649898
      2.201143,   -0.001037,   -0.594007,   0.000000343,  -0.000981926,   0.000009968,   0.000981977
      0.203208,   -0.005836,   -3.343690,   0.000000324,   0.006803384,   0.000004539,   0.006803386
      5.200785,   -0.006901,   -3.954230,   0.000000000,   0.032451700,   0.000000000,   0.032451700
     -3.206428,    0.007562,    4.332673,   0.000002494,   0.017858681,   0.000000489,   0.017858681
      0.605257,    0.003060,    1.753471,   0.000000265,  -0.000197167,   0.000007374,   0.000197305
     -4.205114,   -0.004480,   -2.566844,  -0.000000839,   0.010504492,   0.000012002,   0.010504499
      2.200714,   -0.000695,   -0.397960,   0.000000467,   0.000551259,   0.000006654,   0.000551299
      5.392800,   -0.006927,   -3.968994,   0.000000000,   0.032451700,   0.000000000,   0.032451700
      0.402685,   -0.005831,   -3.341031,   0.000000456,   0.005899724,   0.000005758,   0.005899727
     -3.406521,    0.007568,    4.336176,   0.000002309,   0.019335358,   0.000000200,   0.019335358
      0.405566,    0.003067,    1.757125,   0.000000313,   0.001289235,   0.000003534,   0.001289240
      2.200438,   -0.000352,   -0.201902,   0.000000285,   0.001633622,   0.000004462,   0.001633628
      4.205490,    0.004467,    2.559301,  -0.000000889,   0.010487716,   0.000012156,   0.010487723
      0.603036,   -0.005828,   -3.339197,   0.000000369,   0.004961186,   0.000007187,   0.004961192
     -3.606956,    0.007574,    4.339365,   0.000001941,   0.019710919,   0.000000897,   0.019710919
     -5.404858,    0.006564,    3.760963,   0.000000000,   0.032869300,   0.000000000,   0.032869300
      0.204598,    0.003077,    1.762990,   0.000000000,   0.002226330,   0.000000000,   0.002226330
      2.200455,   -0.000010,   -0.005972,   0.000000009,   0.001915963,   0.000003611,   0.001915967
      4.004968,    0.004468,    2.559691,  -0.000000843,   0.009772370,   0.000010557,   0.009772376
      0.804047,   -0.005825,   -3.337403,   0.000000132,   0.004462583,   0.000008199,   0.004462590
     -3.807885,    0.007567,    4.335837,   0.000002299,   0.019721742,   0.000001829,   0.019721742
      0.002558,    0.003091,    1.770907,   0.000000000,   0.002226330,   0.000000000,   0.002226330
     -5.409791,    0.006210,    3.557879,   0.000000941,   0.031585727,  -0.000000867,   0.031585727
      2.201076,    0.000331,    0.189685,  -0.000000265,   0.001644898,   0.000004466,   0.001644904
      3.803692,    0.004468,    2.560213,  -0.000000504,   0.009472009,   0.000008554,   0.009472012
      1.003410,   -0.005824,   -3.337143,  -0.000000123,   0.004858921,   0.000008033,   0.004858928
     -4.008364,    0.007565,    4.334486,   0.000002663,   0.019793061,   0.000003132,   0.019793061
     -0.196510,    0.003073,    1.760908,   0.000000000,   0.002226330,   0.000000000,   0.002226330
     -5.412216,    0.005860,    3.357784,   0.000001366,   0.028263447,   0.000001540,   0.028263447
      2.202263,    0.000674,    0.386031,  -0.000000455,   0.000586743,   0.000006644,   0.000586780
      3.603600,    0.004466,    2.558712,  -0.000000016,   0.009195487,   0.000007262,   0.009195490
      1.203454,   -0.005825,   -3.337202,  -0.000000353,   0.006082356,   0.000006790,   0.006082360
     -4.209089,    0.007566,    4.335204,   0.000003074,   0.020335225,   0.000003983,   0.020335226
     -0.395402,    0.003063,    1.754763,  -0.000000319,   0.001292711,   0.000003455,   0.001292716
     -5.413092,    0.005514,    3.159552,   0.000001533,   0.024638677,   0.000005198,   0.024638677
      3.403000,    0.004463,    2.556925,   0.000000369,   0.008413603,   0.000007632,   0.008413607
      1.404045,   -0.005831,   -3.340769,  -0.000000398,   0.007649364,   0.000005245,   0.007649366
     -4.409060,    0.007565,    4.334387,   0.000003330,   0.021866192,   0.000003590,   0.021866193
     -2.002872,   -0.001024,   -0.586961,  -0.000000143,  -0.000474301,   0.000007704,   0.000474363
     -0.593973,    0.003058,    1.751828,  -0.000000277,  -0.000197593,   0.000007309,   0.000197728
     -5.412581,    0.005168,    2.961016,   0.000001536,   0.022166197,   0.000007266,   0.022166198
      3.203697,    0.004455,    2.552400,   0.000000421,   0.007131279,   0.000009201,   0.007131285
      1.605353,   -0.005837,   -3.344075,  -0.000000195,   0.008966266,   0.000004125,   0.008966267
     -4.609381,    0.007564,    4.333778,   0.000003416,   0.024324283,   0.000002175,   0.024324283
     -1.803867,   -0.001024,   -0.586930,   0.000000086,  -0.000306380,   0.000006517,   0.000306450
     -0.794123,    0.003056,    1.750963,  -0.000000125,  -0.000900184,   0.000009446,   0.000900233
     -5.412992,    0.004824,    2.763963,   0.000001378,   0.021070477,   0.000007234,   0.021070478
      3.002064,    0.004450,    2.549461,   0.000000264,   0.005443474,   0.000011376,   0.005443486
      1.805647,   -0.005840,   -3.345901,   0.000000188,   0.009642399,   0.000003751,   0.009642400
     -4.809615,    0.007565,    4.334540,   0.000003298,   0.027361013,   0.000000269,   0.027361013
     -1.603608,   -0.001026,   -0.588062,   0.000000269,  -0.000884241,   0.000007159,   0.000884270
     -0.993145,    0.003057,    1.751703,   0.000000017,  -0.000451284,   0.000009210,   0.000451378
     -5.411672,    0.004481,    2.567653,   0.000001065,   0.021410649,   0.000004871,   0.021410649
      2.800803,    0.004449,    2.549025,   0.000000002,   0.003874346,   0.000013098,   0.003874368
      2.006052,   -0.005836,   -3.343741,   0.000000516,   0.009379133,   0.000004562,   0.009379134
     -5.009731,    0.007568,    4.336390,   0.000002955,   0.030347222,  -0.000001090,   0.030347222
     -1.406012,   -0.001027,   -0.588256,   0.000000293,  -0.001976502,   0.000008978,   0.001976523
     -1.193002,    0.003061,    1.753703,   0.000000159,   0.001108558,   0.000006716,   0.001108578
     -5.410031,    0.004140,    2.371766,   0.000000478,   0.022167725,   0.000001841,   0.022167725
      2.601421,    0.004448,    2.548504,  -0.000000261,   0.002953006,   0.000013450,   0.002953037
      2.205551,   -0.005831,   -3.341086,   0.000000608,   0.008721947,   0.000005931,   0.008721949
     -5.210184,    0.007572,    4.338671,   0.000002238,   0.032112318,  -0.000000757,   0.032112318
     -1.207840,   -0.001025,   -0.587104,   0.000000210,  -0.003322762,   0.000011224,   0.003322781
     -1.396901,    0.003069,    1.758217,   0.000000211,   0.003390206,   0.000002639,   0.003390207
     -5.405730,    0.003799,    2.176908,   0.000000000,   0.022352500,   0.000000000,   0.022352500
      2.401686,    0.004447,    2.548002,  -0.000000509,   0.002760125,   0.000012282,   0.002760152
      2.405911,   -0.005828,   -3.339244,   0.000000491,   0.008143524,   0.000007398,   0.008143528
     -5.411116,    0.007577,    4.341282,   0.000001207,   0.032550974,   0.000000104,   0.032550974
     -1.008869,   -0.001023,   -0.586044,   0.000000070,  -0.004444206,   0.000012915,   0.004444225
     -1.599642,    0.003080,    1.764829,   0.000000000,   0.004736660,   0.000000000,   0.004736660
     -5.392800,    0.003464,    1.984497,   0.000000000,   0.022352500,   0.000000000,   0.022352500
      2.201530,    0.004453,    2.551140,  -0.000000574,   0.003008884,   0.000010204,   0.003008901
      2.606972,   -0.005825,   -3.337450,   0.000000251,   0.008084358,   0.000008356,   0.008084362
     -5.612050,    0.007572,    4.338695,   0.000000677,   0.032046559,   0.000000755,   0.032046559
     -0.808702,   -0.001025,   -0.587209,  -0.000000078,  -0.004851168,   0.000013149,   0.004851186
     -1.799709,    0.003098,    1.775112,   0.000000000,   0.004736660,   0.000000000,   0.004736660
     -5.406276,    0.003112,    1.782804,   0.000000000,   0.022352500,   0.000000000,   0.022352500
     -5.814299,    0.007568,    4.335967,   0.000000366,   0.029655069,   0.000003749,   0.029655069
      2.000219,    0.004456,    2.552880,  -0.000000371,   0.003349883,   0.000008122,   0.003349893
      2.806340,   -0.005824,   -3.337182,  -0.000000001,   0.008938055,   0.000008102,   0.008938059
     -0.608737,   -0.001023,   -0.586304,  -0.000000222,  -0.004455893,   0.000011773,   0.004455909
     -1.999831,    0.003085,    1.767665,   0.000000000,   0.004736660,   0.000000000,   0.004736660
     -5.411502,    0.002761,    1.581883,   0.000000387,   0.021434941,   0.000000748,   0.021434941
      1.800328,    0.004456,    2.553243,   0.000000015,   0.003439359,   0.000007022,   0.003439367
      3.007051,   -0.005829,   -3.339796,  -0.000000220,   0.010638505,   0.000006753,   0.010638507
     -0.407896,   -0.001024,   -0.586435,  -0.000000285,  -0.003651935,   0.000009553,   0.003651948
     -2.201508,    0.003075,    1.762109,  -0.000000329,   0.004048392,   0.000003941,   0.004048394
     -5.414028,    0.002413,    1.382829,   0.000000390,   0.019076673,   0.000004006,   0.019076674
      6.017037,   -0.001420,   -0.813713,   0.000000358,   0.007839962,   0.000023726,   0.007839998
      1.600142,    0.004452,    2.550527,   0.000000355,   0.002903486,   0.000007624,   0.002903496
      3.207780,   -0.005838,   -3.345097,  -0.000000233,   0.012606082,   0.000005200,   0.012606083
      6.016484,   -0.001075,   -0.616101,   0.000000301,   0.009149816,   0.000021135,   0.009149840
     -0.206934,   -0.001023,   -0.586183,  -0.000000212,  -0.002886235,   0.000007502,   0.002886245
     -2.401626,    0.003071,    1.759755,  -0.000000276,   0.002997476,   0.000007769,   0.002997486
     -5.414636,    0.002069,    1.185608,   0.000000379,   0.016722537,   0.000007429,   0.016722538
      1.401216,    0.004445,    2.546818,   0.000000435,   0.001901211,   0.000009368,   0.001901234
      3.408077,   -0.005845,   -3.348793,  -0.000000004,   0.014181717,   0.000004241,   0.014181718
      6.015675,   -0.000730,   -0.418384,   0.000000222,   0.010839942,   0.000017965,   0.010839957
     -0.005844,   -0.001024,   -0.586525,  -0.000000007,  -0.002518027,   0.000006558,   0.002518035
     -2.602440,    0.003071,    1.759701,  -0.000000118,   0.002869891,   0.000009651,   0.002869907
     -5.414229,    0.001723,    0.986959,   0.000000339,   0.015650618,   0.000008748,   0.015650620
      1.200372,    0.004440,    2.543795,   0.000000306,   0.000631925,   0.000011534,   0.000632030
      3.607636,   -0.005852,   -3.353155,   0.000000330,   0.015128586,   0.000004063,   0.015128586
      6.014296,   -0.000385,   -0.220740,   0.000000123,   0.012294082,   0.000015281,   0.012294092
      0.195895,   -0.001026,   -0.587897,   0.000000205,  -0.002871879,   0.000007456,   0.002871888
     -2.802783,    0.003073,    1.760723,   0.000000026,   0.003951664,   0.000009056,   0.003951675
     -5.414361,    0.001376,    0.788498,   0.000000266,   0.015970809,   0.000007774,   0.015970810
      0.999537,    0.004439,    2.543407,   0.000000054,  -0.000440135,   0.000013131,   0.000440330
      3.807627,   -0.005851,   -3.352360,   0.000000548,   0.015283151,   0.000005017,   0.015283152
      6.013586,   -0.000040,   -0.023186,  -0.000000004,   0.012969077,   0.000014079,   0.012969085
      0.396319,   -0.001025,   -0.587561,   0.000000288,  -0.003612771,   0.000009446,   0.003612783
     -3.002726,    0.003077,    1.763249,   0.000000162,   0.006122659,   0.000006256,   0.006122662
     -5.412990,    0.001031,    0.590740,   0.000000157,   0.017641254,   0.000004567,   0.017641254
      0.800374,    0.004440,    2.543671,  -0.000000205,  -0.000849464,   0.000013326,   0.000849569
      4.007631,   -0.005853,   -3.353252,   0.000000526,   0.015373827,   0.000006268,   0.015373828
      6.014865,    0.000304,    0.174296,  -0.000000140,   0.012371359,   0.000015173,   0.012371369
      0.597789,   -0.001024,   -0.586662,   0.000000235,  -0.004423531,   0.000011680,   0.004423546
     -3.202391,    0.003083,    1.766436,   0.000000202,   0.008849339,   0.000002175,   0.008849340
     -5.410927,    0.000687,    0.393421,  -0.000000058,   0.019440202,   0.000001257,   0.019440202
      0.600516,    0.004444,    2.546011,  -0.000000454,  -0.000563305,   0.000012067,   0.000563434
      4.207768,   -0.005851,   -3.352481,   0.000000364,   0.015877591,   0.000007248,   0.015877592
      6.016395,    0.000649,    0.371809,  -0.000000252,   0.010973980,   0.000017784,   0.010973994
      0.798521,   -0.001024,   -0.586640,   0.000000095,  -0.004848927,   0.000013120,   0.004848945
     -5.406049,    0.000341,    0.195658,   0.000000000,   0.020090600,   0.000000000,   0.020090600
      3.407221,   -0.001377,   -0.788712,  -0.000000076,   0.003106510,   0.000010491,   0.003106527
      0.400115,    0.004447,    2.548195,  -0.000000541,   0.000079601,   0.000009996,   0.000080228
      4.408139,   -0.005851,   -3.352454,   0.000000148,   0.017169209,   0.000007326,   0.017169211
      6.017659,    0.000994,    0.569418,  -0.000000346,   0.009269537,   0.000021004,   0.009269561
      0.998843,   -0.001027,   -0.588420,  -0.000000048,  -0.004493232,   0.000012988,   0.004493251
      3.406561,   -0.001030,   -0.590208,  -0.000000246,   0.004651428,   0.000007179,   0.004651433
     -5.392800,    0.000000,    0.000000,   0.000000000,   0.020090600,   0.000000000,   0.020090600
      0.198471,    0.004452,    2.551070,  -0.000000374,   0.000684371,   0.000008092,   0.000684419
      4.608444,   -0.005853,   -3.353400,  -0.000000063,   0.019418658,   0.000006098,   0.019418659
      6.018437,    0.001340,    0.767495,  -0.000000411,   0.007874253,   0.000023772,   0.007874289
      1.199650,   -0.001027,   -0.588651,  -0.000000186,  -0.003379792,   0.000011319,   0.003379811
      3.405040,   -0.000689,   -0.394674,  -0.000000330,   0.006834386,   0.000002768,   0.006834387
     -5.406661,   -0.000350,   -0.200669,   0.000000000,   0.020090600,   0.000000000,   0.020090600
      4.808654,   -0.005857,   -3.355681,  -0.000000226,   0.022350251,   0.000003996,   0.022350251
     -0.001868,    0.004455,    2.552421,   0.000000026,   0.000967024,   0.000007256,   0.000967051
      6.017754,    0.001688,    0.967434,  -0.000000460,   0.007531492,   0.000024769,   0.007531533
      1.399857,   -0.001030,   -0.589960,  -0.000000267,  -0.002021338,   0.000009054,   0.002021358
     -5.412019,   -0.000700,   -0.400913,   0.000000067,   0.019454069,   0.000001220,   0.019454069
      3.400471,    0.000334,    0.191442,   0.000000000,   0.008043550,   0.000000000,   0.008043550
     -0.202494,    0.004451,    2.550030,   0.000000424,   0.000672612,   0.000008113,   0.000672661
      6.017362,    0.002035,    1.165808,  -0.000000478,   0.008343792,   0.000023803,   0.008343826
      1.600553,   -0.001030,   -0.590338,  -0.000000238,  -0.000904512,   0.000007191,   0.000904541
     -4.809324,    0.005510,    3.157203,   0.000000132,   0.020037509,   0.000007313,   0.020037510
     -5.414650,   -0.001046,   -0.599467,  -0.000000147,   0.017647070,   0.000004525,   0.017647070
      3.402919,    0.000676,    0.387242,   0.000000345,   0.006838199,   0.000002820,   0.006838200
     -0.401811,    0.004445,    2.546739,   0.000000584,   0.000065572,   0.000010005,   0.000066334
      6.016789,    0.002381,    1.364370,  -0.000000452,   0.010179913,   0.000021103,   0.010179935
      1.800752,   -0.001033,   -0.591871,  -0.000000045,  -0.000339376,   0.000006575,   0.000339440
     -4.810106,    0.005163,    2.958449,   0.000000389,   0.017955262,   0.000009403,   0.017955264
     -5.415297,   -0.001393,   -0.798231,  -0.000000255,   0.015969071,   0.000007719,   0.015969073
      3.404439,    0.001018,    0.583319,   0.000000264,   0.004678763,   0.000007244,   0.004678769
     -0.602421,    0.004440,    2.544006,   0.000000495,  -0.000582382,   0.000012073,   0.000582507
      6.015877,    0.002728,    1.563271,  -0.000000401,   0.012325332,   0.000017938,   0.012325345
      2.000873,   -0.001034,   -0.592301,   0.000000195,  -0.000498952,   0.000007745,   0.000499012
     -4.810530,    0.004819,    2.761258,   0.000000533,   0.016872075,   0.000009854,   0.016872078
     -5.415142,   -0.001738,   -0.995755,  -0.000000328,   0.015648410,   0.000008667,   0.015648413
      3.406542,    0.001362,    0.780484,   0.000000097,   0.003198731,   0.000010497,   0.003198749
     -0.803356,    0.004440,    2.543770,   0.000000246,  -0.000869863,   0.000013337,   0.000869965
      6.014456,    0.003076,    1.762163,  -0.000000400,   0.014105672,   0.000015531,   0.014105681
     -4.810205,    0.004476,    2.564467,   0.000000555,   0.016811054,   0.000008666,   0.016811056
     -5.415134,   -0.002084,   -1.193985,  -0.000000368,   0.016706258,   0.000007343,   0.016706260
     -2.000698,    0.000682,    0.390677,   0.000000252,   0.001267002,   0.000003624,   0.001267008
      3.405516,    0.001706,    0.977576,  -0.000000041,   0.002839969,   0.000011666,   0.002839993
     -1.002762,    0.004440,    2.543908,  -0.000000013,  -0.000449908,   0.000013115,   0.000450100
      6.013726,    0.003422,    1.960715,  -0.000000623,   0.015046067,   0.000014780,   0.015046075
     -4.808373,    0.004132,    2.367510,   0.000000499,   0.017281713,   0.000006702,   0.017281715
     -5.413785,   -0.002430,   -1.392168,  -0.000000381,   0.019046969,   0.000003916,   0.019046969
     -2.000139,    0.000342,    0.195709,   0.000000000,   0.002194520,   0.000000000,   0.002194520
      3.405324,    0.002052,    1.175601,  -0.000000172,   0.003904435,   0.000010240,   0.003904449
     -1.202348,    0.004443,    2.545668,  -0.000000263,   0.000622141,   0.000011518,   0.000622248
      6.014894,    0.003768,    2.158834,  -0.000001109,   0.014815158,   0.000016168,   0.014815167
     -4.807123,    0.003788,    2.170613,   0.000000386,   0.017841462,   0.000004702,   0.017841463
     -5.411363,   -0.002775,   -1.589843,  -0.000000377,   0.021344914,   0.000000720,   0.021344914
     -1.999503,    0.000000,    0.000257,   0.000000000,   0.002194520,   0.000000000,   0.002194520
      3.405058,    0.002398,    1.374202,  -0.000000310,   0.006076082,   0.000006776,   0.006076086
     -1.402503,    0.004448,    2.548755,  -0.000000395,   0.001889133,   0.000009363,   0.001889156
      6.015107,    0.004110,    2.355072,  -0.000001744,   0.014078409,   0.000018561,   0.014078422
     -4.806022,    0.003445,    1.974071,   0.000000204,   0.017995533,   0.000003485,   0.017995534
     -5.406411,   -0.003119,   -1.787125,   0.000000000,   0.022220900,   0.000000000,   0.022220900
     -2.001770,   -0.000341,   -0.195502,   0.000000000,   0.002194520,   0.000000000,   0.002194520
      3.403241,    0.002746,    1.573291,  -0.000000362,   0.008827257,   0.000002309,   0.008827258
     -1.604028,    0.004452,    2.551042,  -0.000000319,   0.002905917,   0.000007595,   0.002905927
      6.015439,    0.004453,    2.551231,  -0.000002358,   0.013367526,   0.000020936,   0.013367542
     -4.807375,    0.003101,    1.776610,   0.000000024,   0.017261245,   0.000003934,   0.017261246
     -5.392800,   -0.003464,   -1.984497,   0.000000000,   0.022220900,   0.000000000,   0.022220900
     -2.002705,   -0.000683,   -0.391285,  -0.000000245,   0.001264179,   0.000003599,   0.001264184
     -1.804287,    0.004455,    2.552280,   0.000000009,   0.003438913,   0.000006998,   0.003438920
      6.016325,    0.004797,    2.748714,  -0.000002820,   0.013212114,   0.000022469,   0.013212133
      3.400837,   -0.003108,   -1.780868,   0.000000000,   0.010096200,   0.000000000,   0.010096200
     -4.809642,    0.002755,    1.578554,  -0.000000078,   0.015812866,   0.000005666,   0.015812867
     -5.403805,   -0.003801,   -2.177790,   0.000000000,   0.022220900,   0.000000000,   0.022220900
     -2.004900,    0.004451,    2.550010,   0.000000380,   0.003345931,   0.000008095,   0.003345941
      6.016763,    0.005144,    2.947187,  -0.000003135,   0.014219119,   0.000022044,   0.014219136
      2.001038,    0.000675,    0.387000,  -0.000000267,   0.001273825,   0.000003603,   0.001273830
      3.402523,   -0.002760,   -1.581515,   0.000000382,   0.008548441,   0.000002390,   0.008548442
     -4.811181,    0.002410,    1.380733,  -0.000000051,   0.013953176,   0.000008212,   0.013953178
     -5.407273,   -0.004142,   -2.373226,  -0.000000461,   0.022034682,   0.000001826,   0.022034683
     -2.204838,    0.004449,    2.548957,   0.000000569,   0.003002816,   0.000010177,   0.003002834
      6.016735,    0.005490,    3.145642,  -0.000003256,   0.016391536,   0.000019594,   0.016391548
      1.802384,    0.000677,    0.388135,   0.000000131,   0.001454138,   0.000002361,   0.001454140
      3.404812,   -0.002413,   -1.382612,   0.000000332,   0.005835273,   0.000006854,   0.005835277
     -4.811826,    0.002066,    1.183934,   0.000000078,   0.012270989,   0.000010487,   0.012270993
     -5.409751,   -0.004484,   -2.569093,  -0.000001039,   0.021277754,   0.000004843,   0.021277754
     -2.405150,    0.004448,    2.548722,   0.000000498,   0.002756982,   0.000012262,   0.002757009
      6.016262,    0.005836,    3.343762,  -0.000003111,   0.019453553,   0.000015534,   0.019453560
      1.604107,    0.000679,    0.389267,   0.000000318,   0.001112331,   0.000002967,   0.001112335
      3.404993,   -0.002068,   -1.184707,   0.000000195,   0.003715115,   0.000010288,   0.003715129
     -4.812231,    0.001717,    0.983775,   0.000000211,   0.011424626,   0.000011421,   0.011424632
     -5.410030,   -0.004827,   -2.765550,  -0.000001346,   0.020932821,   0.000007197,   0.020932822
     -2.605688,    0.004447,    2.548035,   0.000000254,   0.002970806,   0.000013387,   0.002970836
      6.015396,    0.006182,    3.542162,  -0.000002572,   0.022561313,   0.000011252,   0.022561316
      1.405399,    0.000679,    0.389115,   0.000000323,  -0.000189523,   0.000005480,   0.000189602
      3.406386,   -0.001721,   -0.986056,   0.000000064,   0.002701151,   0.000011688,   0.002701176
     -4.812481,    0.001369,    0.784105,   0.000000323,   0.011590545,   0.000010741,   0.011590550
     -5.410538,   -0.005171,   -2.962808,  -0.000001506,   0.022019111,   0.000007239,   0.022019112
     -2.805383,    0.004451,    2.549988,  -0.000000004,   0.003917547,   0.000013008,   0.003917568
      6.013937,    0.006527,    3.739749,  -0.000001785,   0.024996897,   0.000008125,   0.024996898
      1.207133,    0.000677,    0.387606,   0.000000197,  -0.002001343,   0.000008746,   0.002001362
     -4.812217,    0.001019,    0.583671,   0.000000391,   0.012690435,   0.000008573,   0.012690438
     -5.409537,   -0.005516,   -3.160647,  -0.000001500,   0.024472189,   0.000005176,   0.024472190
     -3.202164,   -0.003096,   -1.774083,  -0.000000185,   0.008823648,   0.000002096,   0.008823648
     -3.005260,    0.004455,    2.552335,  -0.000000257,   0.005494544,   0.000011295,   0.005494555
      6.013247,    0.006873,    3.937875,  -0.000001014,   0.026333914,   0.000006699,   0.026333914
      1.006324,    0.000678,    0.388216,   0.000000059,  -0.003341998,   0.000010866,   0.003342016
     -4.809610,    0.000673,    0.385871,   0.000000363,   0.014044015,   0.000006027,   0.014044016
     -5.409132,   -0.005863,   -3.359110,  -0.000001340,   0.028080377,   0.000001538,   0.028080377
     -3.004121,   -0.003091,   -1.771282,  -0.000000145,   0.006126855,   0.000006102,   0.006126858
      6.014559,    0.007217,    4.135313,  -0.000000516,   0.026247581,   0.000007658,   0.026247582
     -3.205698,    0.004462,    2.556314,  -0.000000412,   0.007186638,   0.000009147,   0.007186644
      0.806370,    0.000677,    0.388115,  -0.000000096,  -0.003762702,   0.000011115,   0.003762719
     -4.808360,    0.000326,    0.186927,   0.000000226,   0.015178211,   0.000003971,   0.015178211
     -5.406716,   -0.006211,   -3.558841,  -0.000000928,   0.031376007,  -0.000000854,   0.031376007
     -2.805126,   -0.003088,   -1.769102,  -0.000000011,   0.003942573,   0.000008909,   0.003942583
     -3.405912,    0.004468,    2.559960,  -0.000000365,   0.008491977,   0.000007564,   0.008491980
      0.606654,    0.000678,    0.388607,  -0.000000242,  -0.003224481,   0.000009432,   0.003224495
      6.016141,   -0.007569,   -4.336989,   0.000000357,   0.024957113,   0.000009698,   0.024957115
     -5.402134,   -0.006564,   -3.761137,   0.000000000,   0.032648500,   0.000000000,   0.032648500
     -4.807599,   -0.000019,   -0.010992,  -0.000000000,   0.015665049,   0.000003068,   0.015665049
